clean_text,emotion_label,stress_label
akhirnya lolos interview kerja tapi ya sudahlah waktu malam,happy,0.13
ah jimin sudah sembuh senang banget,happy,0.04
kesal banget hari ini dari tadi kepikiran bareng teman sama keluarga,angry,0.91
temanku non kpopers tiba tiba suka lagu ini lucu terkejutt lucu,happy,0.1
hiduplah sebagai pejuang seorang pejuang boleh suatu saat sakit sedih tapi ia tak boleh menyerah dengan kelemahannya keterbatasannya dan kesedihannya ia harus bangkit mewujudkan mimpi dan kesuksesan sebab kesuksesan dan kebahagiaan ibarat piala yang semua orang berhak merebutnya,neutral,0.22
kak vil cepat sembuh semangat recoverynya biar bisa menyusul jimin sembuh juga,happy,0.13
ih kok marah marah sih,angry,0.9
kaget tapi senang kakak changmin,happy,0.18
aku sedih pih lucu mau menangis,sad,0.56
alhamdulillah pagi dapat kabar baik,happy,0.11
semangat bestie,happy,0.17
aku sangat bodoh saat aku tahu aku jatuh cinta denganmu dan terluka karena aku tahu bahwa itu akan kamu kamu saja,sad,0.53
rasanya ingin marah terus sih tadi pagi sendiri,angry,0.93
akhir minggu ini seru banget hari ini pas perjalanan sama teman kantor,happy,0.24
karena rasanya aib banget saya takut stigma orang mandang saya orang gila setakut itu padahal sekarang sudah banyak banget yang speak up tentang mental illnessnya masing makanya saya agak gedek sama orang yang mengakui punya mental illness bermodal self diagnose sedih banget saya lihatnya,anxious,0.73
menemukan duit senang,happy,0.06
lelah menghadapi orang yang egois serius bareng teman,angry,0.94
lain kali otak itu biarkan saja stay di kepala jangan dipindah pindah ke kontol juancok tolol kan jadinya gih musnah saja ngehabis ini oksigen saja kalau hidup,angry,0.86
hawane takut,anxious,0.84
rasanya ingin marah terus banget asli di kantor sama teman kantor,angry,0.95
merasa sendirian akhir akhir ini banget asli di rumah sama dia,sad,0.58
pagi juga om semoga sehat selalu minum kopi om enak sekarang apalagi tidak ada beban lihat kiri dan kanan lihat orang mencurigakan,happy,0.02
takut gagal di presentasi besok lucu di kampus sama dia,anxious,0.94
hari ini berat banget dijalani dari tadi kepikiran pas perjalanan sendiri,sad,0.73
asli saya sedih banget tahi,sad,0.58
yang suka malu memalukan siapa nih kamu kah,neutral,0.2
enak banget bangsat bisa bisa nya di bilang flop,angry,0.99
marah banget karena pekerjaan berantakan tapi ya sudahlah tadi pagi sama dia,angry,0.78
ge mriyang tapi harus tetap kerja demi bisa bahagia dapat duit miris sedih,sad,0.6
ha paling benci memang hal begitu,angry,0.94
denise ih gila gue sedih banget denise langsung deg jantung gue,sad,0.54
takut gagal di presentasi besok banget asli waktu malam sama dia,anxious,0.93
masih susah pindah on dari kejadian itu sumpah di rumah sama teman kantor,sad,0.79
bodoh ya bodoh saja tapi jangan mengajak mengajak,angry,0.91
anxious banget sebelum meeting tadi tapi ya sudahlah waktu malam,anxious,0.94
kesal banget hari ini dan kepikiran terus di rumah sama teman kantor,angry,0.9
rasanya sedih banget akhir akhir ini tapi ya sudahlah waktu malam sama teman kantor,sad,0.8
tolong ya gue itu benci banget kalau sudah rapi tapi tiba tiba kebelet berak,anxious,0.89
dapat kabar baik dari keluarga tadi pagi sih waktu malam sendiri,happy,0.18
masih susah pindah on dari kejadian itu dan kepikiran terus di rumah sama teman kantor,sad,0.72
alah paling juga gugur lawan psg kecewa sama taktiknya,sad,0.68
kecewa banget sama hasilnya banget sendiri,sad,0.73
oh kiraan alergi begitu suka banget sih soalnya enak tapi tergantung yang jual ya kadang suka amis,neutral,0.31
lelah sih tapi puas hasilnya bagus padahal sudah coba santai di kampus sendiri,happy,0.28
all the best buat women si tim dan men si tim ina takut sedikit tapi saatnya pelapis kita menggali pengalaman dan melatih mental fighting,happy,0.14
halo tapi kamu memang kadang perasaan tidak tenang itu suka menyamper sih tidak enak ya tapi tidak apa apa everything is pergi tapi be ok hang on there ya kalau ingin cerita boleh ketuk direct message ku juga kok semangat cantik,happy,0.03
terima kasih ya sudah bikin hariku lebih baik hari ini waktu malam sama keluarga,happy,0.25
kehilangan semangat buat kenapa apa bareng teman sama teman kantor,sad,0.63
kalau sampai kejadian saya bikin kamu malu seumur hidup sih lihat saja,anxious,0.77
sengaja dibiarkan soalnya takut melanggar ham,anxious,0.8
bacot bangsat,angry,0.98
terima kasih ya sudah bikin hariku lebih baik tapi ya sudahlah waktu malam sendiri,happy,0.1
guys yuk mumpung masih sepi join ke di pinned ku dulu ya,neutral,0.28
rasanya sedih banget akhir akhir ini sumpah waktu malam sendiri,sad,0.83
takut begitu mengantuk,anxious,0.82
aku menemukan kentang goreng yang sangat enak aku akan memberitahu kalian nanti tunggu saja tidak sekarang karena apa saja bisa dijadikan konten aku akan melakukan apapun dengan diriku sendiri jadi ini memakan waktu yang lama,happy,0.02
lucu padahal kemarin saya sudah siap siap menahan malu untung tidak jadi,happy,0.01
saya juga dulu begitu nder lucu tapi nanti seiring berjalan nya waktu reda kok amarah nya belum bisa berdamai sama keadaan saja mangkanhya bawaan nya marah banget tapi tidak apa apa wajar kok itu wajar banget semangat nder,happy,0.05
biasa saja biar bunuh orang pun nama iya cebong pasti benar soalnya cebong sudah jadi tuhan iya rezim sabar saja yang waras,neutral,0.35
kalau kecil powernya se manusia biasa kalau gede powernya lebih gede mengikuti ukuran badan tapi geraknya juga jadi lambat tidak tahan lama,neutral,0.31
alamak takut kali,anxious,0.74
kenapa sih harus bikin masalah terus dan kepikiran terus sendiri,angry,0.87
lucu panik kamu,happy,0.07
sedih betul,sad,0.5
lelah sama keadaan sekarang dari tadi kepikiran di kantor sendiri,sad,0.57
kepikiran banyak hal sampai susah tidur banget asli,anxious,0.8
rasanya ingin marah terus sama dia,angry,0.8
deg degan menunggu hasil pengumuman waktu malam sendiri,anxious,0.84
ya dinikmati saja kalau kayak begitu selagi masih ada orangnya disayang sayang saja,neutral,0.39
zzullucia kasihan banget tadi mau foto berempat itu bb gueseleborratu disusun buat ganjel handphonenya nucil biar bisa pakai timer sedih tetapi agak lucu wkwk sad sedih dari mana ya hem sad sangat kopong sedih kali lah sad dulu tak mampu hantar anak ke pengasuh kalau about rm ke first month sje sok trpkse berulang dari kg mak ke kalau hari plus travel pergi balik husband keje state lain sedih weh igt balik sad punya facebook khusus hype mashiho tapi sepi anjr giliran gue up member lain ramai sudah ku hapus sekarang mau buat lagi menyesal ngehapus sad padahal deh gea baru dapat penghargaan sudah dibuat sedih lagi sama tim tolol sad sedih banget sad tahun lebih bareng terus bagaimana tidak sedih pas ditinggalkan sad ikutan sedih malah ikutan menangis pas dijauhi dan teman yang paling dekat sad tau tidak sih kalau hari ini itu berasa kayak bahagia tapi sedih juga sad orang orang di tiktok kok jahat banget sih padahal lockey lagi sedih kenapa terus saja di buat makin sedih he jahat banget sad akun saya makin syepi sedih benar sad lucu iya meanwhile yang kumau itu nendo nendo tolong halo gsc sedih banget orang rerelease figure deh apakek astaga sad sesaat sebelum lepas landaas biasanya tidak begitu sedih kok sekarang sedih campur mengantuk juga sad aku menjadikanmu sesempatnya tak seperti dulu yang selalu ada adalah bentuk kecewa yang tak bisa ku ungkapkan karena masih tersisa sedikit rasa yang menjadi pengalangnya semoga bisa cepat hilang sepenuhnya sad lihat video musik teaser wonpil jadi galau ih lagunya sedih kayaknya huhu sad jujur ya saya tidak pernah dengar kabar mipa benaran sepi itu kelas dan kayak angker bagaimana begitu sad sedih sih karena video ini jadi banyak yang tidak mau ke dokter perempuan dokter yang jaga di klinik tempat saya kerja kebanyakan perempuan dan semuanya detail jelaskan penyebab keluhan pasien mau pasien selama apapun cerita soal keluhan tetap dijelasin sampai pasiennya mengerti sad ini kuota dari kampus tidak turun apa ya sedih amat duit habis buat beli kuota doang sad baru kali ini bangun tidur dari indekos merasa sepi padahal biasanya dibangunkan sih mirza ran tangi kelas esuk apel,sad,0.75
nangisin cowok muka pas an dan attitudenya jelek is another level of tolol,angry,0.86
tidak kak gue cuma masih kaget,anxious,0.74
rasanya kosong saja hari ini padahal sudah coba santai tadi pagi sendiri,sad,0.75
mau tidur tetapi takut kebablasan,anxious,0.74
semangat kak ell,happy,0.14
akhirnya tugas selesai juga lega banget banget asli waktu malam sama dia,happy,0.14
jends kalian ada yang sudah pernah mencoba skintific moist bagus enggak sih aku mau beli tetapi masih ragu soalnya harganya lumayann,anxious,0.79
apaansih kok jadi sedih,sad,0.66
khawatir sama kondisi sekarang dari tadi kepikiran bareng teman sama keluarga,anxious,0.92
aku sudah dewasa aku sudah kecewa,sad,0.64
kenapa aku kalau refleks itu suka malu memalukan diri sendiri,anxious,0.84
akhirnya tugas selesai juga lega banget padahal sudah coba santai di rumah sama dia,happy,0.21
tapi sedih sama captionnya love my tannie,sad,0.62
anxious banget sebelum meeting tadi serius di kampus sama dia,anxious,0.87
semangat kakak fiony sehat selalu we always love kamu,happy,0.04
takut gagal di presentasi besok bareng teman sama teman kantor,anxious,0.88
takut gagal di presentasi besok dari tadi kepikiran tadi pagi,anxious,0.91
hari ini produktif dan suasana hati bagus jujur saja di kantor sama keluarga,happy,0.22
bingung dan takut ambil keputusan dari tadi kepikiran sama dia,anxious,0.88
tbl tbl takut banget lah yang sering tiktokan pasti pernah dengar frasa yang diciptakan ini sejak viral tbl digunakan oleh perusahaan besar untuk promosi penciptanya pun kecewa karena tidak meminta izin memangnya frasa bisa dilindungi,anxious,0.8
deg degan menunggu hasil pengumuman bareng teman sendiri,anxious,0.78
pickaw pengadilan negeri sepi mulu,neutral,0.25
terima kasih ya sudah bikin hariku lebih baik hari ini waktu malam sama keluarga,happy,0.25
takut kalau hasilnya jelek sih di kampus sama teman kantor,anxious,0.78
streaming child pagi pagi enak banget selingannya ssfw sama we go up,happy,0.16
bodoh punya pernyataan baik lagi minum arak melacur main judi baru betul thrill,angry,0.95
petai cina ampuh turunkan gula darah nah kali ini mintani mau bertanya siapa yang suka makan petai cina yuk ngacung mintani suka banget dengan yang satu ini apa saja sih manfaatnya dari petai cina ini yuk kita sama simak info grafis berikut,neutral,0.23
semangat jalani hidup dengan bahagia yang seperlunya bersedih dengan seperlunya dan bersyukur sebanyak banyaknya,happy,0.03
senyum sendiri pas ingat kejadian tadi dan kepikiran terus tadi pagi sama keluarga,happy,0.05
halo siang kak menyambung ke ursula nih maaf sudah bikin gelisah izin cek ya ursula,neutral,0.2
ya sukurin saja biar tidak nyinyir menyebar fitnah biasa saja kali,angry,0.89
khawatir sama kondisi sekarang sih,anxious,0.87
kepikiran banyak hal sampai susah tidur sumpah di kampus sama keluarga,anxious,0.83
cemas memikirkan masa depan sumpah bareng teman,anxious,0.89
bingung dan takut ambil keputusan agak random sih bareng teman sama teman kantor,anxious,0.82
ya berprasangka baik saja habis korupsi berjemaah anggap saja mereka kura kura pikun,neutral,0.25
marah banget karena pekerjaan berantakan tapi ya sudahlah tadi pagi,angry,0.75
days my prince ini wajib banget ditonton apalagi kalau suka romcom,happy,0.19
deg degan menunggu hasil pengumuman sama keluarga,anxious,0.94
baru bangun langsung disambut kabar bahagia,happy,0.14
sedih banget muka nya,sad,0.62
takut ah tetapi lucu,anxious,0.7
sabtu ceria,happy,0.05
anjing kaget gue,anxious,0.72
ayo ada amplop dibalik hanggar ya kok takut,anxious,0.9
denise semoga kamu bahagia iya,happy,0.05
tim b baku hantam dari awal lucu wwk memang tidak ketemu tetangga tapi jodohnya sama korea ngeri sedap nih akan ada baku hantam antara pedepokan dubai sama tadikan mesra,happy,0.16
kupat tidak enak,neutral,0.4
tadi aku lagi makan dapat notifikasi kan kaget,anxious,0.84
selamat pagi semua socialthreeners dimanapun anda berada biar semangat ayo unduh kumpulan foto ilmu pengetahuan sosial,neutral,0.24
kesal banget sama orang yang tidak tepat waktu dari tadi kepikiran tadi pagi sendiri,angry,0.9
senyum sendiri pas ingat kejadian tadi banget di kampus,happy,0.06
terima kasih ya sudah bikin hariku lebih baik serius di kantor,happy,0.29
sedih kiraiin lemburan sampai malam dibayar ternyata tidak,sad,0.68
ld nya scratch normal ld itungannya smol demej ya aku dom jakarta nderr,neutral,0.22
anggota dewan perwakilan rakyat kaget terus teriak bebaskan rizieq dewa baliho,neutral,0.24
lelah sih tapi puas hasilnya bagus dan kepikiran terus waktu malam,happy,0.08
lebih aneh lagi yang hobi dengarkan lagu sedih biar bisa sedih,sad,0.6
sampai teman teman aku ingat aku suka banget sama lagu ini lucu,happy,0.01
ini bangsa yang sedih dan menyedihkan,sad,0.67
takut kalau hasilnya jelek banget bareng teman,anxious,0.92
cape lagi puasa ada saja yang dibuat marah nya itu,angry,0.93
kehilangan semangat buat kenapa apa serius di kantor sama teman kantor,sad,0.58
ronaldo berkata jangan sedih ya besok abang belikan truck,neutral,0.32
sudah sabar tapi masih dibohongi waktu malam,angry,0.8
kemarin lucu hihi lucu hihi pas sekarang mau simpan permanen portalnya error ajxbsggxhsb panik kali kesal,angry,0.93
alhamdulillah benaran jeongwoo aku jadi tidak malu nanti awoaowkakw,happy,0.04
oyi sek isuk sudah udan ini enak e lapo,neutral,0.26
tidak dendam cuma diotak pikir kok bisa kayak begini,neutral,0.21
hari ini berat banget dijalani hari ini di rumah sama dia,sad,0.57
akhir akhir ini cemas terus banget asli di kampus sama dia,anxious,0.94
semangat bro,happy,0.11
nih semangat banget anjir,neutral,0.28
syok sedih banget,sad,0.78
beredar kabar haji faisal kini mulai pasang tarif rupiah juta untuk sekali wawancara,neutral,0.3
terus apa dipacarin kalau tidak bisa kasih kepastian nanti kalau ditinggal nikah sedih menyesal,sad,0.54
saya benci banget sama mantan,angry,0.89
masih susah pindah on dari kejadian itu dan kepikiran terus tadi pagi sama keluarga,sad,0.68
malu banget anjir tadi ada yang teriak misi paket saya sudah buru mau buka pintu kiraan paket saya sudah datang taunya paketnya untuk rumah sebelah,anxious,0.84
halo barang kali sedang cari partner si saya tahun tinggal di jakarta privasi aman mr p besar long dijamin istri tidak kecewa,neutral,0.38
karunia pekerjaan siapa pun anda yang saat ini bekerja di perusahaan instansi swasta maupun pemerintahan baik sebagai karyawan biasa atau atasan jika ingin pekerjaan anda membawa berkah buku ini bisa menjadi wawasan mencerahkan bagaimana bekerja yang membahagiakan,neutral,0.24
walau tegang,anxious,0.9
sedih juga ya meninggalkan rumah yang sudah belasan tahun ditinggali,sad,0.69
kamu takut juga tidak,anxious,0.79
bingung dan takut ambil keputusan serius di kampus sama teman kantor,anxious,0.72
maaf nih mus kalau menurut saya yang bodoh ini bknya yang mau pdh ibu kotanya tok tapi memangnya orang sak jakarta mau ikut pindah kbh kan kantor perusahaan semua masih neng jakarta cuma urusan administrasi negara sing pindah tapi itu mungkin ngko iya masih sono perwakilan kementerian sih neng jakarta,angry,0.91
merasa sendirian akhir akhir ini lucu pas perjalanan,sad,0.59
tidak saya itu ingin tidur cepat tapi selalu tidak bisa selalu tidak tenang kayak tidak memperbolehkan saya buat tidur kadang suka kebangun lah sampai bangun bangun pusing ini juga gara gara begadang mata jadi kelihatan lelah banget sama kantong mata hitam banget,anxious,0.79
aku kalau lagi di samping bapak selalu tremor takut tidak jelas padahal orangnya tidak kenapa apa,anxious,0.74
dari match competitive yang menang cuma tolol mending uninstall lagi saja sudah memang tidak berbakat,angry,0.86
no waayy abang aku no no pacaran dulu nanti mama marah,angry,0.96
takut banget buka wa,anxious,0.88
gue jadi takut pakai jnt,anxious,0.8
akhir akhir ini cemas terus lucu bareng teman sama keluarga,anxious,0.76
sedih ya lucu h mangats dong,happy,0.15
kehilangan semangat buat kenapa apa banget asli tadi pagi sama keluarga,sad,0.72
ahahhah iya masama bayangkan saja sudah beli terus kaget karena belakangnya tidak nyatu terus menangisi itu semua,anxious,0.73
sabtu sek semangat makaryo pren uang kenakalan cair,happy,0.01
marah banget karena pekerjaan berantakan sumpah di kampus sama keluarga,angry,0.91
sudah open guyss biasa ya kalau mau instan malam bisanya lucu,neutral,0.31
sudah tua masih bingung saja cari identitas diri,neutral,0.2
takut tidak bisa makan,anxious,0.74
takut kalau hasilnya jelek dari tadi kepikiran di kantor sendiri,anxious,0.83
dia baik dia tanggung jawab dia perhatian dia pengganti sosok papah dia mengerti aku orang tuanya sayang anggap aku seperti anaknya dia tidak membiarkan aku sedih selalu khawatir kalau aku kenapa kenapa and now i lost him forever,sad,0.79
jangan bodoh merasa baik baik saja seakan tak peduli dasar bego,angry,0.94
jadi nanti anaknya tertekan menikah tujuannya bahagia terus memulai kehidupan baru dengan orang yang kita cintai jadi kalau mau punya tidak punya anak tidak apa apa karena itu pilihan mereka asalkan mereka bahagia dan kalau mau punya anak disarankan punya persiapan yang matang banget bukan karena orang tuanya yang heboh sana sini aneh saja,angry,0.92
sudah biasa sudah perangai dia aku sudah masak,neutral,0.36
anehnya lagi ada anggota kaget kok bengkak anggaranya,anxious,0.88
tuhkan marah,angry,0.87
takut gagal di presentasi besok agak random sih di kampus,anxious,0.8
harus nya dihukum mati itu bangsat rusak nama sumatra utara karena dia,angry,0.87
dapat kabar baik dari keluarga tadi pagi agak random sih sama dia,happy,0.27
kehilangan semangat buat kenapa apa padahal sudah coba santai bareng teman sama teman kantor,sad,0.7
baru saja mengirim foto bekasi,neutral,0.28
di tengah ruang yang hening suara aku mungkin terlalu bising untuk telingamu yang terlalu suka pada sunyi ya walau di kepalamu tetap saja berisik,neutral,0.34
akhirnya tugas selesai juga lega banget hari ini pas perjalanan,happy,0.08
takut kalau hasilnya jelek hari ini di kantor sama dia,anxious,0.87
nanti dan lain lain takut orang bayar utang mamakku,anxious,0.78
orang itu bikin emosi banget tapi ya sudahlah sama keluarga,angry,0.93
cemas memikirkan masa depan dari tadi kepikiran waktu malam sama teman kantor,anxious,0.82
kamu sih protes jadi kena marah kan,angry,0.98
lelah sih tapi puas hasilnya bagus banget tadi pagi,happy,0.09
enak saja,neutral,0.34
saya juga tidak jajan pakai duit sendiri biasa meminta ibu tapi kok ini bisa hilang ya,neutral,0.29
suka banget ya dikasarin giliran ditabok benaran nangess dasar orang tidak jelas,angry,0.95
lelah sih tapi puas hasilnya bagus banget asli di kantor,happy,0.19
tai gue benci twitter suka ke refresh sendiri bangsat padahal tadi ada twit lucu jadi tidak kebaca,angry,0.87
takut lah case naik nih erm,anxious,0.8
kan memang anjing sih simon ini itu sih chio memang dan suka sama ibel tapi dia takut kalau dia jatuh cinta sama sih ibel akan melakukan kesalahan yang sama kayak sih simon,angry,0.91
takut,anxious,0.83
merasa sendirian akhir akhir ini hari ini pas perjalanan sama teman kantor,sad,0.61
hari ini berat banget dijalani banget waktu malam sama keluarga,sad,0.85
sebenarnya panik juga sih,anxious,0.74
jual app premium dari netflix spotify disney viu iqiyi wetv youtube hbo go dan lain lain harian bulanan payment via ovo gopay spay dana full garansi affordable price trusted oh jangan ragu buat tanya dan direct message ya,neutral,0.36
dapat kabar baik dari keluarga tadi pagi padahal sudah coba santai bareng teman sendiri,happy,0.23
makan favorit hari ini bikin bahagia dari tadi kepikiran bareng teman,happy,0.12
alhamdulillah jimin pagi kabar baik,happy,0.1
semangat rebahan saya adalah,happy,0.1
orang itu bikin emosi banget tapi ya sudahlah di kantor sama dia,angry,0.74
masih susah pindah on dari kejadian itu banget sama teman kantor,sad,0.63
takut kayak dulu lagi he,anxious,0.79
sudah sabar tapi masih dibohongi agak random sih bareng teman sama teman kantor,angry,0.88
emosi lihat komentar orang tadi agak random sih waktu malam sama keluarga,angry,0.67
selain sharing dan belajar bersama tentu saja kamu bisa berkenalan dengan rekan lain kamu berjejaring,neutral,0.39
eh berbicara begitu di benci sama orang jepang lah jangan sampai kamu berbicara begitu terus orang jepang ngangep negara kamu nih tidak benar etika nya,angry,0.86
lelah menghadapi orang yang egois serius di kampus sendiri,angry,0.68
cara muvon tercepat yang tidak direkomedasikan buat dia ilfeel benci sama kita begitu sebaliknya dan im done yeahh fufuufu gimme high five,neutral,0.38
ingat mereka tetap akan menjadi orang baik mungkin saat kamu dibuat hancur oleh mereka mereka sedang tidak tau apa yang mereka perbuat tuhan saja selalu memberikan pengampunan untuk kita manusia masa kita sesama mamusia tidak bisa saling mengampuni,neutral,0.27
haah tidak banyak yang bisa didapatkan dari grup obrolan itu sudah berkali kali hela napasnya mengudara sudah berpuluh berita ia baca untuk mengetahui lebih dalam soal kasusnya bahkan sistem database nya pun berulang kali mengirimkan pesan terkait kasus itu,neutral,0.35
antara benci dan rindu kotoha tanaka,neutral,0.37
wah hari ini rasa rajin banget belanja ke pasar terus bikin ebi furai nge recook resepnya ci devina hermawan untung berhasi dan enak jadi semua orang rumah suka,happy,0.16
lelah menghadapi orang yang egois padahal sudah coba santai pas perjalanan sendiri,angry,0.71
menetapkan menonton film terbaru spider man venom menunggu nanti setelah blu ray legal streamnya keluar saja kapan ya bisa bebas ke bioskop lagi tanpa rasa takut tidak masalah juga menonton setelah hype redah walau mau tidak mau spoiler bertebaran,anxious,0.79
rasanya gugup terus hari ini agak random sih sama teman kantor,anxious,0.83
tidak deng benaran cemas karena pada posting sedikit selesai sidang kan jadi cemas,anxious,0.73
mamah kamu sudah marah marah belum pagi ini,neutral,0.26
orang yang mendapat malu di suatu pertemuan i memilih for at the,neutral,0.27
tau kan rasanya mau lanjut tidak bisa melek takut menabrak,anxious,0.82
ngentot cacat semua toto kromone,angry,0.96
sabar itu kelihatannya bodoh kalau dipikir pakai logika,neutral,0.24
tetapi lebih tolol fenss nya sih,angry,0.88
aww malu banget sumpah,anxious,0.83
i ain t lockey but i feel bad for that buat para lockey jangan sedih terus ya i wish all the best for denise secret number and lockey semangat terus lockey buat dukung denise sn,sad,0.54
saya kecewa dengan keputusan tersebut,sad,0.57
tidak aneh kok nder kamu dom mana kalau dekat ayo menonton bareng aku kutemenin tapi menonton sendiri juga tidak buruk bodoamat saja toh tidak kenal awala bingung itu normal banget kok,neutral,0.23
kepikiran banyak hal sampai susah tidur jujur saja di kampus sendiri,anxious,0.83
mari kita lihat manusia tolol,neutral,0.27
satu bulan belakangan lumayan sibuk banyak kegiatan di luar rumah terus beberapa hari yang lalu asam lambung sempat kambuh sudah takut banget bakal drop lagi tapi tidak disangka puji tuhan hari ini kondisi aku sudah jauh lebih baikkan thankyou yesus,happy,0.09
cemas memikirkan masa depan lucu di kantor sama keluarga,anxious,0.81
kesal banget sama orang yang tidak tepat waktu sumpah waktu malam sama dia,angry,0.67
pasti rasanya kayak ingin marah sama pacarnya ya nder,neutral,0.21
bingung dan takut ambil keputusan banget asli tadi pagi sama keluarga,anxious,0.84
emosi lihat komentar orang tadi dari tadi kepikiran bareng teman,angry,0.94
sedih kakak tahan mengantuk kot,sad,0.53
kata mama harus baik sama orang lain tetapi kalau orang itu ngelunjak ya sudah diamkan saja tapi saya orangnya tidak tega an jadi ya begitu jatuhnya malah tolol ngebantuin orang yang tidak bisa usaha sendiri,angry,0.95
a lucu sedih banget tau enggak mau sampai kapan begini terus,sad,0.71
syafii i sama arif pernah berkata bahwa budaya arab adalah rongsokan tapi diadopsi oleh banyak warga indonesia kita pakai logika saja pernyataan jenderal dudung sangat logis dan bagus untuk menggerus budaya rongsokan dari arab,neutral,0.34
orang itu bikin emosi banget dari tadi kepikiran pas perjalanan,angry,0.84
kamu tidak bisa memaksakan sesuatu yang bukan untuk mu ikuti saja alurnya berusaha lah jadi yang terbaik versi kamu dan selebihnya pasrahkan pada nya,neutral,0.34
sedih banget dengarnya,sad,0.57
kak bisa ke sf juga keren sudah jujur takut tapi seru,happy,0.2
semangat cii,happy,0.17
saya tau malu ya ih,sad,0.53
lagi pusing tapi kalau dapat dana kaget hilang nih pusingnya,anxious,0.8
kesal banget sama orang yang tidak tepat waktu hari ini pas perjalanan sendiri,angry,0.68
eh kok papa kenal namira lihat bokapnya penasaran ini alex anaknya pak adin yang kecilnya suka kelai itu kan alex ngangguk sampai sekarang juga masih suka kelai om cuma tidak ada lawannya berani banget memang ini anak bikin malu campur kesell,angry,0.96
seperti begini nih manusia paling tolol sedikit sedikit bawa agama pola pikir goblok berkedok agamis,angry,0.93
terlihat meyakinkan namun menyakitkan suatu saat kamu akan mengingatku entah sebagai orang bodoh yang berhasil kamu tipu atau sebagai orang baik yang kamu kamu kamu kan,sad,0.62
apa kabar saya yang pencinta yang notabenenya pencinta buku non fiksi,neutral,0.25
sedih banget pagi pagi,sad,0.6
kadang ingin bilang ke sesama perempuan jangan lah bego bego kali karena satu laki laki doang tidak worth itu begitu lah kalian itu cantik pintar sifatnya menyenangkan di luar sana pasti ada cowok baik yang mau sama kalian stop menyakiti diri sendiri begitu,neutral,0.3
sch gais tanggal masih bisa unggah foto kan tadi pagi aku unggah foto tapi pas lagi loading malah error please notice sender panik banget nih servernya error,anxious,0.81
kak lucu gue aku juga bingung takut akun sopi di laporan atau bagaimana huhu,anxious,0.86
sepertinya sih tidak akan ada selca hari ini xixi penonton kecewa,sad,0.6
kecewa banget sama hasilnya dari tadi kepikiran di kampus sendiri,sad,0.7
emosi lihat komentar orang tadi bareng teman sama dia,angry,0.82
rek aku cewek umur tahun aku diumur segini masih saja dipukuli sama bapakku sendiri hanya karena masalah sepele misal salah pakai panci buat masak mie aku dari kecil sudah biasa dipukul dan ibuku malah mengancam aku kalau sampai lapor ke siapa saja aku harus bagaimana aku sudah menyerah dengan hidup,sad,0.58
kesal banget hari ini sumpah pas perjalanan,angry,0.82
agak takut iya,anxious,0.71
ini tidak ada niatan digaji begitu ya sedih amat isip,sad,0.59
kenapa sih harus bikin masalah terus agak random sih waktu malam,angry,0.9
tidak sih kak tetapi baru sampai rumah jam pagi kyinya fix mengantuk banget tidak kuat melek tadi kiraan malam begitu lucu mino kamu benci aku ya,anxious,0.74
disgusting sejak kapan poligami diizinkan oleh agama buat mencegah zina rasul juga poligami bukan sama wanita muda tapi sama janda dan untuk melindungi mereka bukan buat ngewe halal tolol,angry,0.95
akhir akhir ini cemas terus agak random sih di rumah,anxious,0.81
tata kamu juga bego ya,angry,0.87
kepikiran banyak hal sampai susah tidur serius pas perjalanan sama dia,anxious,0.93
kalau aku biasa pakai yang automatic pengharumnya nder tetapi karena lagi rusak ganti yang spray kayak begini harum yang paling aku suka yang rose garden pojok kiri nanti semprotinnya diujung sudut kamar saja kalau misalnya ada makanan makanannya ditutupi nder biar tidak kena,neutral,0.26
masih susah pindah on dari kejadian itu hari ini pas perjalanan,sad,0.83
rangnick sangat kecewa kami seharusnya menang dan menutup pertandingan di babak pertama crossbar tiang gawang penalti yang gagal dan banyak peluang seharusnya atau bisa malah,neutral,0.3
orang itu bikin emosi banget jujur saja tadi pagi sama keluarga,angry,0.68
rasanya ingin marah terus jujur saja bareng teman,angry,0.69
takut tapi enak takut tapi dilanjutin hidung belang,anxious,0.86
sudah sabar tapi masih dibohongi banget di kantor sama keluarga,angry,0.91
marah banget karena pekerjaan berantakan sih sama keluarga,angry,0.71
saya orang kota tetapi tiap pulkam itu waktu pakai legging dilihat mulu apalagi sama yang laki padahal saya pakai oversize hoodie tetap melihatnya ke daerah privacy mulu risih lah bego paling aneh masa saya gowes pakai sepatu di bilang ra sah untuk sepatu nyeker saja mkstlo apa anjir mengatur,angry,0.9
sudah sabar tapi masih dibohongi jujur saja di rumah sama keluarga,angry,0.82
kemarin ada yang menyandingkan bung karno dengan munarman sekarang giliran haikal mengoceh tentang bung karno kelihatan terstruktur dan sistematis ada nuansa adu domba supaya partai demokrasi indonesia perjuangan dan nasionalis lainnya mengamuk ada pula nuansa mengaburkan sejarah ngeri,anxious,0.72
sebentar lagi mereka kaget karena ada rencana akan ada ibu kota halu,neutral,0.38
jangan tegang tegang kak,neutral,0.31
bismillah hari ini aku sehat aku bahagia aku berkelimpahan aku menarik rezeki dengan mudah segala urusanku dilancarkan aku disadarkan dalam setiap ucapan serta tindakan dan aku dipertemukan dengan jodoh dan orang orang yang baik amin ya allah,happy,0.02
kesal banget hari ini sih tadi pagi sama teman kantor,angry,0.88
iya benar suasana hati banget pagi ini dengar kabar jimin perjalanan ke tempat kerja senyum terus sambil dengar lagu bangtan memberi tau bapak di jalan juga saya ramah banget anjir,happy,0.2
orang itu bikin emosi banget sih sendiri,angry,0.9
untung saja benar jadi tidak malu memalukan,happy,0.06
yang sedang saya alami kemarin saya ada hubungan sama seseorang tahun aku sama dia kita sudah sama sama dewasa saya berusaha finansial tetapi dia malah santai kayak tidak pikir bagaimana caranya saya sabar telaten sama dia tetapi dia seenaknya saja,angry,0.87
kehilangan semangat buat kenapa apa sih pas perjalanan,sad,0.7
harinih nak pergi sekolahkan lawyer bodoh yang menyusahkan customer haritu sudah sign paperworks semua alih dia kata document silap print and i pula kena all the way pergi sign balik firma bodoh itu langsung tak mau bertanggung jawab even datang half way tapi meet client,angry,0.94
tapi gaji guru dan itu honorer masih jauh dari sejahtera kerja harus penuh bagaimana suruh pindah saja dari jabar,neutral,0.38
akhirnya tugas selesai juga lega banget sumpah di kampus sama dia,happy,0.22
memang tidak tau malu manusia satu ini mau marah tapi tidak bisa,sad,0.53
b meskipun hype banget tapi kalau aku tidak terlalu suka sama alurnya ya tidak aku tonton kadang malas gerak juga buat menonton jadi cuma spoiler saja jadi tau ceritanya meskipun tidak menonton,neutral,0.3
mental kamu itu miskin banget anjing literan ke giliran kamu butuh baru koar koar benci banget sudah saya kalau begini,angry,0.93
merasa sendirian akhir akhir ini sumpah bareng teman sama keluarga,sad,0.72
geram banget sama pelayanan tadi dari tadi kepikiran bareng teman sama dia,angry,0.93
akhirnya tugas selesai juga lega banget dari tadi kepikiran di kampus sama keluarga,happy,0.26
makan favorit hari ini bikin bahagia banget pas perjalanan,happy,0.12
happy birthday tamaa semoga bahagia selalu ya,happy,0.05
mau tau promonya dong sapiens sama sepi itu jadi berapa ya,neutral,0.33
sedih harus ppg dulu,sad,0.72
lelah menghadapi orang yang egois tapi ya sudahlah di rumah sama teman kantor,angry,0.68
cara jitu lepas dari tanggung jawab saya kaget,neutral,0.24
kasih semangat dong moots,happy,0.06
pagiku tidak semangat karena belum disun sayang,sad,0.7
takut kalau hasilnya jelek jujur saja di kampus sama dia,anxious,0.87
takut gagal di presentasi besok agak random sih di kampus sama teman kantor,anxious,0.72
kenapa sih harus bikin masalah terus tapi ya sudahlah di kantor sama dia,angry,0.93
akhir akhir ini cemas terus dan kepikiran terus pas perjalanan sama dia,anxious,0.81
lebih nyaman sendiri sebenarnya karena tidak menyusahkan orang lain cuma kadang suka pikir masa sama sendiri terus memang aku tidak se worth itu itu tes tes menangis,sad,0.62
betuul aku suka di lini masa tapi ingin di direct message juga cuma monoton banget kalau di direct message makanya aku suka ghosting,neutral,0.39
terima kasih ya sudah bikin hariku lebih baik banget di kampus,happy,0.08
kak semoga semuanya baik baik saja ya jangan lupa makan yang enak dan dengarkan musik yang bikin tenang supaya keadaannya sedikit membaik semangat,happy,0.16
hari ini produktif dan suasana hati bagus serius di kampus sendiri,happy,0.17
rasanya gugup terus hari ini tadi pagi sama teman kantor,anxious,0.79
okok gue tak tau kabar covid bagaimana sih sekarang,neutral,0.31
ada saja berita sedih dan sekarang syukur ada berita senang sehat terus kak ji,sad,0.79
saya kaget banget,anxious,0.85
enak enggak sih dibegitukan,neutral,0.35
lelah sih tapi puas hasilnya bagus tapi ya sudahlah waktu malam sendiri,happy,0.11
akhir akhir ini cemas terus lucu sama dia,anxious,0.8
ajhshs sedih banget sampai menangis,sad,0.51
kehilangan semangat buat kenapa apa jujur saja bareng teman sama keluarga,sad,0.57
lelah sama keadaan sekarang di kampus sama keluarga,sad,0.78
selalu menjadi piala dalam keluarga walau kadang harus jatuh ke bawah untuk sementara tetap semangat mafa,happy,0.01
akhir akhir ini cemas terus banget asli sama keluarga,anxious,0.77
lucu menurut saya itu adalah wilayahnya presiden dewan perwakilan rakyat dan majelis permusyawaratan rakyat bukan gubernur kalau begitu artinya gubernur memiliki wewenang untuk menyatakan diri merdeka dikasih yang bodoh artinya pemindahan ibu kota tidak pernah memikirkan nasib jakarta selanjutnya mau dijadikan apa,angry,0.96
woohh boleh itu caakk labu siam kan yang ukuran normal atau yang buat lalapan biasanya kamu,neutral,0.33
kecewa banget sama hasilnya agak random sih pas perjalanan sama teman kantor,sad,0.6
pantas ya waktu hari kamis wajah ell itu kayak lemas terus matanya berkaca kaca gue kira lagi sedih tetapi gue kalau sakit suka begitu juga sih menangis ingin sembuh hiks,sad,0.55
bahagia melihat tanda kehidupan,happy,0.18
luar biasa,neutral,0.39
aku juga sedih,sad,0.64
panik bnggett mana saya pemalu lagi adhh,anxious,0.88
pagi bang sarapan bubur ayam enak nih bang,happy,0.06
rasanya gugup terus hari ini tapi ya sudahlah di rumah sama dia,anxious,0.87
bukan benci lebih tepatnya kecewa kemarin sih tidak sekarang iya hari esok ya tidak tau tapi biasanya kecewa itu terbawa sampai kapanpun sih jadi ya silakan bawa semua barang barang mu ambil kembali sisa sisa kehadiran mu agar yang tersisa hanyalah kisah mu saja,sad,0.68
rasanya gugup terus hari ini serius waktu malam sama keluarga,anxious,0.91
kamu masih saja seperti anak anak bagiku balas dendam adalah segalanya kalau dendamku bisa terbalaskan sasuke tapi naruto,neutral,0.24
telah tertulis dalam hikmah sesungguhnya dari sifat malu itu terdapat ketenangan dan ketentraman hari bukhari,neutral,0.22
anxious banget sebelum meeting tadi hari ini bareng teman sama teman kantor,anxious,0.84
tentu saja tidak ada,neutral,0.25
khawatir sama kondisi sekarang jujur saja bareng teman,anxious,0.88
hai kak ria aku baru selesai baca reksa arisa dan ceritanya bagus banget kak ria keren banget sudah buat cerita sebagus ini terima kasih banyak kak dan maaf ya aku sebenarnya bingung mau mengetik nya takut ada salah kata semoga kak ria bahagia dan sehat sehat terus ya kak ria,happy,0.02
akhirnya lolos interview kerja banget asli tadi pagi sama dia,happy,0.25
ih tolol,angry,0.98
jika kamu merasa sepi apalagi saat berada dalam proses berbenah diri tak mengapa bukan mereka yang menjauh tetapi dirimulah yang sedang memfilter siapakah orang orang yang layak hidup bersamamu,neutral,0.3
hanya karena pernah terluka tak berarti kamu harus takut mencinta ada seseorang yang tepat untukmu di luar sana,anxious,0.76
kesal banget hari ini banget asli di kampus sama teman kantor,angry,0.79
bangun demger kabar jimim sembuh itu bahagianya,happy,0.1
masih susah pindah on dari kejadian itu banget waktu malam sama teman kantor,sad,0.62
rasanya sedih banget akhir akhir ini banget di kampus,sad,0.71
aku cuma ingin istirahat sebentar padahal sudah coba santai di rumah sama keluarga,sad,0.82
he mana mungkin secara peringkat federation of international football association saja jauh mentok palingan divisi eropa atau mungkin trial bulan,neutral,0.35
takut gagal di presentasi besok jujur saja di rumah sama dia,anxious,0.97
kecewa banget sama hasilnya padahal sudah coba santai pas perjalanan sama teman kantor,sad,0.83
hari ini berat banget dijalani sumpah tadi pagi,sad,0.75
kehilangan semangat buat kenapa apa banget di kampus,sad,0.59
anxious banget sebelum meeting tadi agak random sih pas perjalanan sendiri,anxious,0.91
akhir akhir ini cemas terus padahal sudah coba santai pas perjalanan sama keluarga,anxious,0.77
takut gagal di presentasi besok padahal sudah coba santai tadi pagi sendiri,anxious,0.76
minum air panas tapi yang kadar panasnya kira kira jadi benar benar ngeredain gatal untuk obat aku kalau batuk seminggu lebih baru biasa ke dokter jadi tidak berani menyarankan obat,neutral,0.38
makan favorit hari ini bikin bahagia banget bareng teman sama teman kantor,happy,0.1
mvs sudah menonton kesekian kali dan masih tetap mewek recommended buat yang lagi mau menonton yang sedih sedih,sad,0.56
kehilangan semangat buat kenapa apa lucu di kantor sama teman kantor,sad,0.81
sudah sabar tapi masih dibohongi dan kepikiran terus tadi pagi sama teman kantor,angry,0.66
perbuatan salah adalah biasa bagi manusia tapi perbuatan pura pura itulah sebenarnya yang mnimbulkan permusuhan dan pengkhianatan,neutral,0.36
semangat kak,happy,0.11
akhir akhir ini cemas terus sih tadi pagi sama keluarga,anxious,0.93
sip kak kalau begitu bisa ikuti semua si ke giveaway yang ada di caption postingannya ya semangat terus mc,happy,0.01
awokwok mau nge babu dulu sebelum kena marah emak,happy,0.19
geram banget sama pelayanan tadi tapi ya sudahlah pas perjalanan sama dia,angry,0.89
lelah mencari kerja mencari judul ta masalah di rumah ditambah diputus pacar lucu murung beberapa hari di kostan tetapi ada my bestie yang selalu bilang begini alhamdulillah sekarang sudah dapat pekerjaan yang benar benar aku ingin dan lupa sama kesedihan sebelumnya,happy,0.09
hari ini berat banget dijalani tapi ya sudahlah di rumah sama keluarga,sad,0.59
semangat nge ba,happy,0.0
apa bedanya coba awal chat huruf kapital apa tidak sahabat kamu kok tolol,angry,0.98
cemas memikirkan masa depan serius pas perjalanan sama keluarga,anxious,0.96
khawatir sama kondisi sekarang padahal sudah coba santai waktu malam sama teman kantor,anxious,0.9
masa bodoh sama virus maksudnya,neutral,0.34
kalau tidak punya siapa sih bodoamat ya adanya lini masa sepi sih join agency lucu,neutral,0.32
fokus saja di satu bidang hingga benar benar mahir yang akan membawa kepada kesuksesan untuk informasi konsultasi pelatihan hubungi permatagroups partner your business tel wa,neutral,0.29
karena motivator terbaik adalah dendam,neutral,0.27
merasa sendirian akhir akhir ini dan kepikiran terus waktu malam,sad,0.79
sejak kita mengenal dunia orang tua mengajarkan kita tertawa namun sekarang kita sudah dewasa sering lupa membuat mereka tersenyum bahagia,happy,0.06
rasanya sedih banget akhir akhir ini banget asli sama dia,sad,0.59
vkf biasa saja dong kak te atap nya,neutral,0.21
akhirnya tugas selesai juga lega banget sih di rumah sama dia,happy,0.29
sedih aku itu melihatnya,sad,0.79
mau dong mutualan akun baru menetes masih sepi banget,sad,0.54
khawatir sama kondisi sekarang lucu bareng teman sama keluarga,anxious,0.72
orang itu bikin emosi banget sih sendiri,angry,0.9
tidak apa apa ya semangat juga buat hari ini,happy,0.04
tidak mengapa untuk mengaku sedang tak baik saja,neutral,0.4
marah,angry,0.87
semangat juga sayang,happy,0.2
takut editannya,anxious,0.85
ermm macam berat je ilmu nih takut tak tercapai sebab tak ada ilmu persilatan,anxious,0.72
rasanya gugup terus hari ini pas perjalanan,anxious,0.94
hari ini berat banget dijalani tapi ya sudahlah di kampus sendiri,sad,0.71
pindah alhamdulillah tidak jadi pindah juga alhamdillah tidak ada pengaruhnya pada saya tetap mencari rejeki sendiri yang halal untuk keluarga tanpa harus mengiba menjilat mengadu domba antar sesama anak bangsa pesan simbah saya ojek online ela kamu ojek online gumunan ojek online mematikan rezekinya orang lain,neutral,0.37
hari ini berat banget dijalani jujur saja di rumah sama dia,sad,0.58
malam ini kepikiran terus jadi sedih agak random sih sama keluarga,sad,0.63
aku takut nak baca thread nih aku yang belum pregnant pun sudah takut,anxious,0.73
kenapa sih harus bikin masalah terus jujur saja tadi pagi,angry,0.82
jika kamu tertawa kamu akan bahagia walau di saat sedih apapun,neutral,0.29
sayangnya kanra masih belum puas,sad,0.64
hore ada kabar baik pagi ini love kamu jiminie,happy,0.01
malam ini kepikiran terus jadi sedih lucu di kantor sama dia,sad,0.66
sepi,neutral,0.23
lelah sama keadaan sekarang tadi pagi,sad,0.55
takut kok sama sky ancem saja gajinya bunda potong bulan depan diam pasti keki dengarnya,angry,0.88
yang ngehoax itu kalian dan media kok menyalahkan ridwan kamil lawak banget yang jadi permasalahan itu patung garuda yang t bukan keseluruhan istana negara baca baca makanya biar tidak termakan hoaks terus sama saja kayak kaum sebelah kalian suka hoaks idiot amat jadi manusia,angry,0.91
cemas memikirkan masa depan serius di rumah sama keluarga,anxious,0.93
kesal banget hari ini sumpah bareng teman sama keluarga,angry,0.65
kecewa banget sama hasilnya tadi pagi sendiri,sad,0.8
guye aku lagi sedih banget kucing aku satu meninggal,sad,0.68
sekarang gue tidak berani lagi menonton sendiri di bioskop padahal dulu biasa biasa saja kenapa ya,anxious,0.8
terima kasih ya sudah bikin hariku lebih baik sih di kantor sama teman kantor,happy,0.08
ada yang salah dalam formal apalagi informal saya sendiri mengalami dua kali musibah tidak dibantu tai malah dijarah bahwa sebagian diberikn itu biasa tetapi ini rampok vulgar tidak pakai pikir di atas kesedihan orang lain,neutral,0.22
anxious banget sebelum meeting tadi hari ini sama dia,anxious,0.97
masih susah pindah on dari kejadian itu jujur saja di kampus sama teman kantor,sad,0.57
libra salah diartiin php mulu padahal behaviournya saja yang suka bikin nyaman orang sekitarnya,neutral,0.29
dan ffvii juga saya suka banget dengan konsep sekolah magic soldier di game ini dan battle antar sekolah pertama kalinya cutscene battle squall lawan seifer memikat jutaan player i hate rinoa jauh sebelum harry potter rilis,happy,0.06
aku sedih diputus pacar katanya aku sudah tidak tampan tidak mapan aku harus bilang apa akurapopo,sad,0.54
menteri badan usaha milik negara erick thohir menggagas energi tani et yang bertujuan membumikan semangat bertani kepada masyarakat agar bisa menghasilkan produk produk pertanian secara mandiri,neutral,0.4
khawatir sama kondisi sekarang jujur saja bareng teman,anxious,0.88
lucu he iya kak benar daripada sakit hati lebih baik pindah ke t lain kan masih banyak itu di bali t yang bisa lebih menghargai turis yang liburan ke bali karena sekarang juga di bali sepi banget dan hampir semua di pemutusan hubungan kerja dan gulung tikar jadi masih ada turis lokal pun syukurnya meminta ampun,sad,0.76
rasanya gugup terus hari ini agak random sih di kampus sendiri,anxious,0.83
balas dendam terbaik adalah menjadikan dirimu lebih baik ali bin abi thalib,neutral,0.26
fess ini es krim enak banget tetapi kok sekarang susah ya carinya sender sedih nih,sad,0.62
deg degan menunggu hasil pengumuman serius pas perjalanan sendiri,anxious,0.71
baru kemarin ketemu spesies yang begini mana dia berbicara dibesarin lagi suaranya sampai sekelas dengar aku balas lah emosi kali aku wak,angry,0.93
lelah sama keadaan sekarang dan kepikiran terus tadi pagi sendiri,sad,0.72
chris wilder namun malam ini adalah soal malam luar biasa untuk klub sepak bola ini dan mengapa penggemar di seluruh dunia menikmati piala fa tidak ada perasaan yang lebih baik daripada memenangi laga piala fa di old trafford pada jumat malam seperti ini,neutral,0.3
kehilangan semangat buat kenapa apa sih tadi pagi sendiri,sad,0.82
jangan marah ih jadi takut di makan nih,anxious,0.75
lelah sama keadaan sekarang lucu pas perjalanan sama keluarga,sad,0.79
nanti kalau di sadap balik marah ups,angry,0.9
rasanya kosong saja hari ini dan kepikiran terus di rumah sama keluarga,sad,0.73
kadang juga di kasih target yang lebih tinggi dengan adendum siap resign atau mengundurkan diri dengan suka rela tanpa tuntutan apapn kepada perusaahaan kalau tidak bisa mencapai target dari peeusahaan dan itu ditandatangani di atas materai,neutral,0.21
kayak enak saja empuk banget,happy,0.05
pagii twit selamat awali sabtu dengan semangat menggebu awali aktivitas dengan berdoa grafik covid kelihatannya meninggi stay aman jangan lupa tetap jaga prokes ya,neutral,0.27
sudah sabar tapi masih dibohongi serius,angry,0.9
naik mobil yang disopirin bapakku ekstrem banget mentang jalan papua sepi kecepatannya selalu di atas rasanya kayak diajak mati,anxious,0.79
emosi lihat komentar orang tadi jujur saja tadi pagi sendiri,angry,0.71
bingung dan takut ambil keputusan serius bareng teman sendiri,anxious,0.89
dua tiga lari pagi lama lama tidak kuat beibih mas crush pergi aku sedih,sad,0.73
eh tak biasa biasa saja,neutral,0.25
rasanya kosong saja hari ini dan kepikiran terus di kantor sama keluarga,sad,0.77
gaduh dengan jiran sendiri nih entah lah ini the end of the day muka aku yang hari kamu menampak dari bengkel kamu itu jangan menyampah dan benci sangat takut nanti aku yang kamu cari balik i said apa i said hu,angry,0.92
aku cuma ingin istirahat sebentar di kampus sama dia,sad,0.8
kok sepi pada tidur,neutral,0.34
he kenapa menyesal banget ini pagi baca beginian sedih aku,sad,0.53
asli iya takut kopit tetapi katanya juga karena lagi pergantian musim,anxious,0.8
nah ini kalau yang kita benci kejahatan nya siapapun wajib dilaporkan dalam kejahatan itu siapapun bisa terlibat kan,angry,0.94
di udahin sebegitu saja sepi ya kalau dilanjutin bingung juga,sad,0.76
finally jimin my angel anak lucu sudah negatif dan sudah mau keluar dari rumah sakit kan senang banget rasanya jim lihat notifikasi wv pagi ini terima kasih sudah pulih pokoknya tetap jaga kesehatan sayang,happy,0.12
bagaimana kalian mengatasi rutinitas yang membosankan di kantor kira posisi kerja sendirian sepi dan kurang kerjaan jadi kalau pagi begini berangkat ke kantor bawaannya maless,neutral,0.34
kesal banget sama orang yang tidak tepat waktu lucu pas perjalanan sama teman kantor,angry,0.9
geram banget sama pelayanan tadi sumpah tadi pagi,angry,0.84
aib bodoh benar sebelum kata aib itu muncul terlebih dahulu sudah ada tindakan yakni kekejian jangan kamu sembunyikan caramu menelaah masalah semisal anak perempuanmu ditempeleng apa kamu juga setuju untuk dia bersikap bungkam melapor polisi adalah benar lantas apa bedanya,angry,0.88
kehilangan semangat buat kenapa apa lucu waktu malam,sad,0.75
lagi marah,angry,0.89
dapat kabar baik dari keluarga tadi pagi hari ini pas perjalanan sama teman kantor,happy,0.21
kadang suka bingung sama cewek yang mencari sugar daddy inginnya yang baik tulus pengertian giliran di apa ini tidak mau ya itu bapak kamu kan ada tolol kalau konteksnya sama,angry,0.87
menangis bahagia kak,happy,0.14
sensitif pakai yang biasa atau yang kf kak by the way terima kasih ya,neutral,0.26
lelah sih tapi puas hasilnya bagus serius tadi pagi sama teman kantor,happy,0.2
konten bigo banget ini kak kokoh suka menonton video beginian di bigo terus dia kirim ke aku lumayan penghasilannya minimal juta perbualan dari manajemen,neutral,0.25
senang banget hari ini ketemu teman lama di kantor sama keluarga,happy,0.06
lelah sama keadaan sekarang sama teman kantor,sad,0.82
bisa bisanya semalam mimpiin gwinam takut banget,anxious,0.8
berusaha keras berusaha sayang sama diri sendiri malah di buat benci sama diri sendiri lagi cuma karena perkataan orang,sad,0.75
akhir akhir ini cemas terus banget asli waktu malam,anxious,0.81
akhir minggu ini seru banget dan kepikiran terus di kantor sama keluarga,happy,0.22
semangat buat hari ini ya kamu deserve tapi be happy anw jangan lupa sarapan,happy,0.2
tapi senang sih punya teman kayak begini lucu suka banget mengerjakan orang sekitar tiba tiba tidak ada kabar dan tiba tiba hilang dari gua terima kasih orang baik,neutral,0.24
anjerr takut bos,anxious,0.85
makan favorit hari ini bikin bahagia dari tadi kepikiran di rumah sama keluarga,happy,0.12
ketiduran menunggu kabar dari sayang,neutral,0.33
mbl mbl murah banget loochh ayo guys join go miracle suka dari p jajan murah sekali rd sering open sh ring merch juga dan sekarang lagi open tabungan buat coba bangtan tabungan mulai ke saja guys yuk gas join link di rep ya,neutral,0.33
rasanya kosong saja hari ini tapi ya sudahlah waktu malam,sad,0.55
ketularan jadi tukang boonk semua mereka tidak punya malu muka tembok cina,angry,0.98
takut nak amik spm tapi nak habis cepat,anxious,0.73
kalau gue biasanya nyeletuk kok sepi apani tapi tidak kencang kencang amat,neutral,0.28
ketika air aki sudah terlihat berada di dawah batas normal segeralah beli air aki yang di bengkel bengkel terdekat,neutral,0.32
aneh banget perasaanya tidak enak begini kayak degdegkan sedih takut begitu bismillah semoga lancarr amin,anxious,0.77
akhirnya tugas selesai juga lega banget dan kepikiran terus tadi pagi sama teman kantor,happy,0.24
apa takut dengan imbas politik akhirnya hukum hanya sebatas lambangkah,neutral,0.37
di aku berpengaruh pakai pas malam mau tidur besoknya sudah normal agak lebih baik,neutral,0.29
selamat pagi mbak salam sehat penuh semangat dan selamat beraktivitas selamat berakhir pekan,happy,0.01
sudah sabar tapi masih dibohongi sih pas perjalanan sama teman kantor,angry,0.73
kesal banget sama orang yang tidak tepat waktu sumpah pas perjalanan sama dia,angry,0.74
aku memang kurang segalanya tapi setidaknya kasih sayang ini cukup untuk membuatmu bahagia walaupun tak sepenuhnya dan meski kamu selalu merasa diriku tidak pernah cukup,sad,0.62
sudah seminggu tidak on tau sepi sepi saja,neutral,0.21
hari ini berat banget dijalani padahal sudah coba santai waktu malam sama dia,sad,0.57
lelah menghadapi orang yang egois hari ini pas perjalanan sama keluarga,angry,0.9
kadang pesan dari allah ada pada orang yang tidak banyak bicara dan sangat sederhana,neutral,0.39
deg degan menunggu hasil pengumuman padahal sudah coba santai di kantor sama keluarga,anxious,0.71
kepikiran banyak hal sampai susah tidur tapi ya sudahlah di kantor sama dia,anxious,0.7
alhamdulillah jimin kemarin mimpi jimin dan sekarang dapat kabar kayak begini senang banget jimin we love kamu,happy,0.03
berpura lah bodoh meskipun itu mnyakitkan jangan mndeskripsikn dirimu itu sebagai orang yang pandai tetapi ahlak mu tak pandai,neutral,0.3
kadang suka lelah ngehunter suka bosan juga gue gak tau perasaan dulu sama sekarang pas ngehunter itu sudah kayak beda banget dulu kayak nenggebu gebu semangat buat mengerti tetapi sekarang tidak kayak malas banget tidak ada semangat nya,neutral,0.29
rasanya sedih banget akhir akhir ini banget sama keluarga,sad,0.61
biasa a mu nya kalah,neutral,0.24
hamdallah panik banget hari ini banyak lagi ya,anxious,0.72
kakak senang banget baru bangun sudah dapat kabar baik,happy,0.0
sama lah juga cerita sedih hutang negara trillion rakyat siap menderma dalam tabung harapan alih alih kamu meeting minum gloria jean si minum evian benda bebal nih menyebabkan ph tumbang dalam prk dan prn marhean kepala hangguk,neutral,0.31
lelah sama keadaan sekarang sih pas perjalanan sama keluarga,sad,0.58
rasanya gugup terus hari ini lucu di kantor sendiri,anxious,0.91
pagi pagi di keadaan saya yang tidak enak badan bisa makan bubur itu sesuatu,neutral,0.3
lelah menghadapi orang yang egois sumpah di kampus sama dia,angry,0.94
deg degan menunggu hasil pengumuman hari ini di rumah,anxious,0.98
akhir minggu ini seru banget sih di kantor sama keluarga,happy,0.15
kenapa sih harus bikin masalah terus jujur saja di kantor sama keluarga,angry,0.78
revisi proposal dikira ke revisi tapi perintahnya menambahkan penjelasan variabel lain hasil penelitian dari tiap variabel menghilang berhari datang menuduh menipu padahal cust yang lain suka aku kasih bonus page atau pengurangan harga,sad,0.79
jangan masuk psikologi kalau tidak suka hitung hitungan atau tidak suka berusaha di psikologi tidak harus pintar yang penting tekun dan konsisten karena banyak banget matkul yang sifat penugasannya jangka panjang dan butuh kesabaran dan konsistensi dari diri sendiri,neutral,0.36
kaget saya jelek banget tolong,anxious,0.78
merasa sendirian akhir akhir ini sih waktu malam sama dia,sad,0.71
takut banget yatuhan sama cowok begini padahal saya sendiri cowok,anxious,0.89
kenapa sih harus bikin masalah terus serius pas perjalanan sama dia,angry,0.86
mengapa allah menciptakan iblis bila tugas iblis hanya menjerumuskan umat manusia kepada perbuata nista pertanyaan bodoh yang sering dilontarkan oleh kaum ateis sekuler liberal dan kaum munafik dan kafir lainnya kepada islam,neutral,0.37
tidak apa apa beli skinnya dulu orangnya datang nanti tidak apa apa tapi tetap saja sedih banget anjing arghh mau menangis,sad,0.66
baru bangun rumah sudah sepi tak tau pada kemana jadi kesepian,sad,0.61
takut banget dimana mana iklan cincin lamaran cetak undangan oi lewat mulu,anxious,0.82
paginya baik apa kusut,neutral,0.35
ingett lucu iya dog lalu kita bertiga sama dina mabuk kepayang sama legollas pinjam celana dalam nya di rentalan astaga kita remaja bahagia ya waktu ity,happy,0.07
ekspektasi berbanding lurus dengan rasa kecewa,sad,0.65
bingung banget sih kaget tapi mari kita hadapi dengan percaya diri dan dengan gayamu sendiri saf semangat,happy,0.11
masih susah pindah on dari kejadian itu hari ini bareng teman sama keluarga,sad,0.71
acc ini benar enak banget,happy,0.03
takut banget sih,anxious,0.7
rasanya kosong saja hari ini tapi ya sudahlah pas perjalanan sama dia,sad,0.67
malas gerak membaca malu sendiri,sad,0.57
tidak peduli marah ataupun kesal ketika grup lawan memenangkan award karena itu warganet geram dengan tingkah sok hebat dari rae beberapa warganet berkomentar positif maupun negatif apa apaan dia baru saja debut sudah sok sok an,angry,0.89
kenapa sih harus bikin masalah terus lucu sama dia,angry,0.93
terima kasih yoongi sudah bikin jumpalitan semalam dahal lagi sedih hush sedih pergi hush hush,sad,0.53
ditungguu semangat tinn,happy,0.16
kenapa sih harus bikin masalah terus banget waktu malam sendiri,angry,0.7
kehilangan semangat buat kenapa apa jujur saja pas perjalanan sama dia,sad,0.81
anjir ini p kegedean ternyata gampang lepas pula takut kececer jadinya,anxious,0.9
i play both tapi lebih suka the electric one karena amp sempat rusak jadi sudah lama tidak main tmi when i was ini a band i play the keyboard though oh dua duanya sudah saya baca your letter itu artnya bagus banget,happy,0.08
karena kucing gue itu belum di steril jadinya dia cari kucing jalanan biar sama dia dikawinin karena kucing gue ini jantan akhirnya karena kucing gue suka main ke teras tetangga ini dan katanya suka berak sembarangan sama berisik jadinya tetangga ini marah banget,angry,0.93
ia namun kita juga tau dua label itu bukan sekadar permainan politik saja namun ada fakta yang kit harus sadari rasa politik saat ini arahnya kemana,neutral,0.33
bukan benci tapi lebih ke malas saja sih sama sejarah,neutral,0.28
anjir takut diomelin,anxious,0.87
pagi cantik kebetulan nih kala pakai fc taehyung dan side fc nya jungkook jadi pas buat kamu lucu gue avail buat hari ini bisa kok tipikal aku itu suka banget bawel sama pacar terus juga kadang suka cerita hal random begitu dari mulai sambang sampai merauke lucu bahasanya,happy,0.04
bingung dan takut ambil keputusan banget pas perjalanan sama dia,anxious,0.82
masih susah pindah on dari kejadian itu tapi ya sudahlah di kantor sama keluarga,sad,0.64
rangnick sangat kecewa kami seharusnya menang dan dapat menyelesaikannya di babak pertama tiang gawang penalti gagal dan banyak peluang seharusnya atau bbc,neutral,0.25
semangat buat hari ini ya kamu deserve tapi be happy anw jangan lupa sarapan sebab,happy,0.13
aku cuma ingin istirahat sebentar pas perjalanan sama teman kantor,sad,0.58
lucu gue sedih banget,sad,0.75
makasii kamu juga semangat ya,happy,0.07
anxious banget sebelum meeting tadi bareng teman sama teman kantor,anxious,0.98
emosi lihat komentar orang tadi sih pas perjalanan sama teman kantor,angry,0.91
wah ikut senang selamat ulang tahun sender boleh aku pakai twibbonnya juga,happy,0.12
lelah sama keadaan sekarang agak random sih di kantor sama dia,sad,0.72
ba lucu pingsan adalah pingsan saja mun pakai chat dulu kasihan camer kamu nanti mengangkat keberatan jangan lama lama tapinya orgnyaa biarkan dulu saja kangennyaa sudah luber luberr bagaimana dong tetapi senengkaan lihat dia walo marah seenggaknya bpkk lega dia tidak kayak yang bapak pikirkan,neutral,0.31
cintailah seorang wanita saja dua wanita terlalu banyak,neutral,0.32
biyen sampai sama paling senang olahraga dadi tidak khawatir juga sih nek dikokon gulungan depan belakang,anxious,0.76
tersenyumlah mi christychibi tinggalkan sedihmu bahagialah lupakan takutmu tetap semangat dan terus menjadi yang terbaik,happy,0.04
senyum sendiri pas ingat kejadian tadi sama keluarga,happy,0.29
punya kucing putih dengan paw merah muda hanya impian di rumah ini tapi tidak papa selama dia bahagia toh milky tidak naik ke kasur atau menginjak sajadah,happy,0.1
sampai enggak paham apa salah aespa ke bts sampai fan bts alias army suka banget ngehate aespa kayak ya ampun fandom idol umur tahun lebih hobi banget ngrusuh fandom idol yang baru umur setahun kenapa ya army ini toxic banget terutama western non asian army asli sih resek banget,angry,0.97
marah banget karena pekerjaan berantakan agak random sih pas perjalanan sama dia,angry,0.94
kadang suka berkhayal menemani dia wisuda beuh bahagia banget kali ya rasanya lucu tetapi takut juga kalau pada akhirnya bukan aku yang menemani,anxious,0.73
tidak rugi ketiduran match barusan sangat menguras emosi di pagi hari,neutral,0.23
minimal bulan setelah vaksin kedua baru bisa ke tidak papa kok demamnya biasa koj,neutral,0.3
morningg irish semangat hari ini,happy,0.1
lucu banget nona kolaborasi twibbon ya terima kasih banyak ya nona have a nice day semangat event,happy,0.0
iya anjing ih benci banget,angry,0.9
terima kasih ya sudah bikin hariku lebih baik sumpah waktu malam sama dia,happy,0.14
menurut kabar burung teman saya lagi sakit,neutral,0.29
kesalahan adalah kata yang paling di benci orang tapi orang akan lebih baik jika dia sudah melakukan kesalahan,neutral,0.31
bahagia itu sederhana yaitu saat kita lolos dari remed,happy,0.13
ingat guys teras cihampelas bandung tempat relokasi penjual sepanjang jalan cihampelas saja tidak efektif mungkin beberapa bulan pertama bakal banyak pengunjung tapi setelah ketemu banyak minusnya bakal sepi dan kumuh jadi agak jijik begitu,anxious,0.7
tepat tahun banyak penyesuaian adaptasi jengkel menyebalkan walaupun saya suka gampang mengambek kadang frontal tapi tetap harus paham dan cepat diselesaikan ah beli kue tart dulu deh,neutral,0.38
adik gue ldks sama pengukuhan organisasi siswa intrasekolah lewat online tidak enak banget,happy,0.17
gatauu lagi sedih kalau lihat foto cowok ganteng,sad,0.54
emosi lihat komentar orang tadi hari ini waktu malam sama dia,angry,0.85
lucu gue ayo semangat pantang mundur,happy,0.16
kecewa banget sama hasilnya sumpah waktu malam sendiri,sad,0.64
my lovely bestfriend anaknya memang kayak anjing tapi lucu setiap main tidak pernah ada sedih sedihnya yang ada tertawa sampai pingsan,happy,0.11
semangat biar bisa peningkatan vivo iya yang sudah ngeleg semoga ada rejeki amin,happy,0.08
cemas memikirkan masa depan dan kepikiran terus waktu malam sama keluarga,anxious,0.8
lelah sih tapi puas hasilnya bagus padahal sudah coba santai tadi pagi sendiri,happy,0.29
akhh kenapa bang mark ganteng banget bangsat di video musik child ingin saya tidak bisa,angry,0.98
sepi banget,neutral,0.37
rasanya sedih banget akhir akhir ini banget tadi pagi sendiri,sad,0.6
ingin banget baca sejarah tentang avicenna lgii heuheu ayo semangat bacanya kii,happy,0.1
jangan percaya orang yang berpihak pada rezim bong cerdas sedikit tidak usah banyak kebanyakan tetap saja tolol,angry,0.93
banyak hal yang ingin ku ceritakan tetapi aku tersadar kita tidak sedekat itu bertemu saja hanya kebetulan dan berbincang saja enggan kamu lakukan sekali lagi ku ingatkan pada diri ini he just your friend not more,neutral,0.21
karena ditempat kaos kaki suka banget amburadul tidak di gulung habis dicuci jadi pagi pagi buru buru kadang tidak pikir pas sampai kelas baru sadar di tapi trobos saja sih sampai panikan,anxious,0.73
masih ada nilai pretest praktikum nilai maka ipsemester indeks prestasi kumulatif nanti kerja ada target kantor kalau piinis ada ikut skp kalau dusen ada bkd jadi masih banyak nilai lainnya santai saja,neutral,0.22
do not kalau panik nanti stres makin terbawa ke badan percayain saja ke dokter sama susternya yang penting kamu disiplin ngobat makan minum istirahat pukpuk stay strong bro,happy,0.01
ada saja yang memancing emosi pagi,angry,1.0
akhir nya costum aku datang sekian lama menunggu paling suka banget blakang terbuka depan terbuka yuk yang mau bo hari ini dan mau isi slot buat malam minggu nanti langsung direct message saja wajib uang muka,happy,0.13
risol kenapa enak banget ya,happy,0.18
lelah sama keadaan sekarang di kantor sama keluarga,sad,0.85
tidak kaget kalau tau pendukung gubernur kafir,angry,0.96
lelah menghadapi orang yang egois padahal sudah coba santai di rumah sama teman kantor,angry,0.8
happy birthday minju nona semoga makin sukses dan makin bahagia ya gbu,happy,0.06
pelajaran aturan sinus cosinus ini segitiga apa aku refleks jawab segitiga sembarang segitiga abc tolong malu banget tetapi tidak salah kan shshsksjsjjh malu mana jawabnya kencang banget,anxious,0.78
ya karena aku tidak suka cinta cintaan,neutral,0.38
sih tolol sudah tau crush nya tidak mengerti bahasa inggris malah ngode pakai lagu western,angry,1.0
terima kasih ya sudah bikin hariku lebih baik tapi ya sudahlah pas perjalanan sama dia,happy,0.19
oke sudah itu sorg marah screenshoot akhirnya jadi orang kuat screenshoot sorg marah dsai at the end mntk kerusi itu lah cinta itu buta mula gaduh lps itu suka,neutral,0.37
hari ini berat banget dijalani lucu di kantor,sad,0.84
saya suka bingung orang itu kenapa sih cari perhatian banget mau atensi orang dengan ngehate sc barangkali kamu baca twit an saya nih tolong ya kamu baca kalau kamu tidak suka sama mika sok berbicara tapi the point tidak usah kayak kontol sukanya ngehate pakai sc kayak orang tolol pecundang,angry,0.91
lockey tetap semangat ya gue baru buka twitter sudah dibuat sedih karena gue yakin sekarang lockey tidak baik saja please jangan terpengaruh dengan hal negatif yang bikin kalian jadi semakin sedih intinya keep sopport secret number dan denise apapun yang terjadi,sad,0.58
dapat kabar baik dari keluarga tadi pagi lucu di kantor,happy,0.3
pesan delivery saja kasihan perutnya,neutral,0.32
rasanya kosong saja hari ini lucu bareng teman sama dia,sad,0.65
dua hari yang lalu saya dibelikan kopi nah saya kan tidak berani minum soalnya masih pagi takut asam lambung saya kambuh soalnya mau ada kegiatan kan terus baru sempat minum kopinya barusan dan anjir perasaan saya tidak enak soalnya sudah merasa agak dredeg sedikit,anxious,0.9
jika kamu tidak bisa mengendalikan emosi dan pikiranmu kamu akan lemah minato,neutral,0.31
tetua kampung cerita ketika dahulu wabah kolera menyerang banyak orang meninggal sampai kuburan penuh hmpr setiap hari rakyat meninggal karena wabah membandingkan dengan cerita itu jumlah orang meninggal di kampung masih normal tidak ada lonjakan berarti hapus saja status pandemi ini bung,neutral,0.3
masih ingat pas sn di vlive soodam pernah kelepasan sebut soal denise dita mengiyakan lalu suasana jadi hening dan seketika ganti topik aku yakin kakak nya di sn pasti sedih dengan kepergian denise mungkin di balik layar mereka tetap berhubungan baik meski sudah tidak bersama lagi,sad,0.51
banyak baca dan latihan mengerjakan soal tapi saya dulu suka kimia karena ibuknya baik sabar dan enak banget ngajarnya guru favorit gue pas sama lucu,happy,0.05
aku bodoamat karena memang tidak mau lama diacara tetapi kok tetap kayak sedih saja ya aku bisa makeup sendiri pakai baju yang oke juga bisa kok tetapi rsanya kayak beda sendiri itu agak sedih lucu,sad,0.66
teman teman aku mau kasih info aku bawa pulang lagi kucing aku karena dokternya lagi tidak ada di petshopnya aku takut kucing aku cemas jadi aku bawa pulang dulu nanti kalau dokternya sudah ada di tempat aku bawa lagi kesana,anxious,0.77
sedih lucu wwk,sad,0.59
pagi hari ini pijat incall outcall area jakarta pijat reflexi pijat massage pijat traditional dari jam si di jam pesan di link wa,neutral,0.21
takut gagal di presentasi besok banget tadi pagi sama teman kantor,anxious,0.75
ih takut banget loch lucu makasyii,happy,0.14
sedih sih soalnya gue mau maraton manifest sama bulgasal tetapi gjdd terus,sad,0.73
me too malah kalau menang tidak suka aku kasih tau jadi kalau aku beli an barang begitu kayak ya sudah kalau ada uangnya adalah lucu,happy,0.02
bingung dan takut ambil keputusan agak random sih waktu malam sama dia,anxious,0.87
kalau saya ceritakan semua ini ke kamu saya takut kamu tinggalkan lagi saya tidak suka sendiri,anxious,0.77
ututu semangat bum aku masih lama maret,happy,0.14
musiknya sedih,sad,0.7
umm aku tidak apa apa aku takut oversharing tapi terima kasih sudah menawari,anxious,0.81
orang itu bikin emosi banget dan kepikiran terus pas perjalanan sama keluarga,angry,0.66
arlian melanjutkan soalnya arlian memang suka bikin kue banyak begitu dan kadang di bagikan ke teman sayangnya lupa bertanya alamat kakak waktu itu jadi tidak sempat antarkan kesana atentsinya kembali berfokus pada sang lawan bicara ketika kak laura bercerita mengenai akhir pekannya,neutral,0.31
hari ini produktif dan suasana hati bagus padahal sudah coba santai pas perjalanan sama keluarga,happy,0.28
angin malam terus menyapa mencengkam rasa sepi ini tersenyum diri ini dibuatnya teringat manik indah dirinya saat menatap dengan senyum,sad,0.53
mau merem bentar menit malah jadi terbawa mimpi tidak enak sedih pol belum ikhlas banget ternyata,sad,0.58
takut gagal di presentasi besok agak random sih tadi pagi sama keluarga,anxious,0.77
rasanya gugup terus hari ini hari ini di kampus sendiri,anxious,0.78
alhamdulillah kabar baik di pagi hari ada yang bisa jenguk dong stay aman and healthy uri jiminie,happy,0.04
kenapa sih harus bikin masalah terus tapi ya sudahlah sama keluarga,angry,0.76
aku sedih eh tapi kok kamu sudah bangun,sad,0.7
lah siapa lagi lucu teman sedih senang aku dari lama banget ya ampun dia mau curhat saja aku rela ghosting dunia,neutral,0.33
orang bijak belajar dari orang bodoh orang bodoh tidak mau belajar dari orang bijak,neutral,0.24
gue suka korea pop karena ada dita nya kenapa kamu mau bilang gue overproud ya memang iya suka suka gue gue tidak ganggu kesukaan kamu jadi mari saling respect satu sama lain,neutral,0.36
secreto ku sepi ya setelah aku tidak pembaruan au di,neutral,0.25
yang hari ini selalu marah marah pasti dia pens manchester united,neutral,0.24
terbawa emosi,angry,0.94
malam ini kepikiran terus jadi sedih serius di rumah sama dia,sad,0.7
takut kamu datang datang twit beginian,anxious,0.72
berkoar koar sajalah yang kayak begini sudah di sumpal pakai duit lah diam lah termasuk yang mengamuk mengamuk di sebut jin buang anak jin nya saja tidak marah kok yang manusianya mengamuk mengamuk sadarkah kalian itu sudah di provokasi oi di kampung saya juga ada tempat yang disebut begitu,angry,0.9
orang hadir di hidupmu karena sebuah alasan mereka berimu bahagia dan kecewa ada yang sesaat tapi ada yang selamanya,neutral,0.23
akhirnya lolos interview kerja hari ini tadi pagi sama teman kantor,happy,0.26
tiba tidur bangun terus tiba tidak enak pikirannya tiba ingin menangis tetapi tidak tau sebabnya ayo kompromi ayo,sad,0.63
terus masih harus bayar kalau itu beban masih saya maklumi tapi kalau masih di sebut sebagai tagihan yang benar saja,neutral,0.31
emosi lihat komentar orang tadi banget di kampus sama dia,angry,0.77
malam ini kepikiran terus jadi sedih dan kepikiran terus di kampus,sad,0.65
takut kalau hasilnya jelek lucu di kantor sama teman kantor,anxious,0.7
kenapa sih harus bikin masalah terus banget di rumah,angry,0.9
ramai berjajar sepi bernalar lupa batang akar demi sekadar lembar tanpa daftar,neutral,0.34
anxious banget sebelum meeting tadi dan kepikiran terus di kantor sama keluarga,anxious,0.9
malam ini kepikiran terus jadi sedih dari tadi kepikiran di rumah,sad,0.66
dear kamu kalau kamu baca ini i just ingin kamu know maaf harus berhadapan sama aku yang mentalnya tidak stabil tidak bisa kontrol perasaan self harm sering mengeluh dan lain lain but really seakan kamu tak tau apa apa saja yang sudah aku laluin sedih tetapi aku tau mungkin kamu lagi kesal saja,sad,0.69
lelah menghadapi orang yang egois serius di kantor,angry,0.69
tentang budi pekerti islam itu sangat mendasar meletakkan toleransi dalam hidup bersosial karena bisa saja allah menciptakan manusia hanya satu umat saja namun allah berkehendak lain jangan saling menggangu dan menghina apalagi ikut campur urusan dapur agama lain,neutral,0.39
pasti guru saya sudah ini kaku banget sih saya kesal,angry,0.98
kokk enak tau macam kiko,happy,0.18
akhir akhir ini cemas terus banget asli di rumah sama teman kantor,anxious,0.84
betul phi sudah tidak pernah memperhatikan tanggalan kayak sudah ganti hari itu ya sudah biasa saja tak ada hari spesial,neutral,0.27
jangan pikirkan kegagalan kemarin hari ini sudah lain sukses pasti diraih selama semangat masih menyengat,neutral,0.34
teh godhong kupu aku sudah jadi satu teko begitu biasanya buat hari kali minum rasanya kayak air cincau begitu kalau yang suka manis bisa sih kasih madu dan lain lain tetapi aku lebih suka kasih garam sedikit sea salt aku habis jadi pakai himalaya enak begitu rasanya ada hint manis dari daunnya segar,happy,0.17
sayang gue kemanaasiee sepi banget mingyu,sad,0.58
geram banget sama pelayanan tadi sumpah di rumah sama teman kantor,angry,0.84
siapa saja yang melakukan pengelolaan pertambangan di indonesia,neutral,0.24
punya kelebihan pirasat mungkin itu kebetulan saja,neutral,0.33
orang hadir di hidupmu karena sebuah alasan mereka berimu bahagia dan kecewa ada yang sesaat tapi ada yang selamanya,neutral,0.23
emosi malu nanti jadi burag lah,angry,0.88
tentu saja,neutral,0.23
khawatir sama kondisi sekarang sih di kantor sendiri,anxious,0.82
sedih,sad,0.77
bukan lockey tapi sedih banget dengar berita denise by the way kok bisa kontrakny beda per orang,sad,0.73
ya sedih banget,sad,0.63
orang itu bikin emosi banget agak random sih pas perjalanan sama keluarga,angry,0.68
mu third last nike size xl excellent ada beberapa bobles ke saja untuk detail silakan wa,neutral,0.29
emosi lihat komentar orang tadi sumpah di kampus sama dia,angry,0.95
takut kalau hasilnya jelek padahal sudah coba santai sama keluarga,anxious,0.88
aku mengadu ke dia dong tatang marah mengajak aku ke tempat ayato di sana dia langsung ngomelin ayato kamu jadi ketua kelompok tidak becus banget sih malah anggota kamu yang mencarikan buat mengajak kerja kelompok sampai babak belur begini dibohongi preman sekolah,angry,0.86
aku dulu suka banget sama wenda lucu tetapi pas dia hempas untung ada jeketri sedih,sad,0.66
biasanya makan nasduk sekarang makan bubur,neutral,0.27
saya tidak kenal anak mipa tidak kedengaran kabar nya,neutral,0.36
bangsat orang yang suka pinjam duit pas ditagih malah lari enggak usah dikasih ampun,angry,0.93
orang itu bikin emosi banget serius,angry,0.79
huhu iya sedih agak tidak rela,sad,0.57
anxious banget sebelum meeting tadi dan kepikiran terus bareng teman sama dia,anxious,0.96
tidak papa sebenarnya masih bagus hasil fotonya tidak berpengaruh tapi saya takut tambah parah saja,anxious,0.71
kapan kamu tidak lagi jadi penjilat manusia paling bego di indonesia adalah ruhut,angry,1.0
emosi lihat komentar orang tadi banget di kampus sendiri,angry,0.77
semangat terus pejuang receh di pasar,happy,0.13
jadi bakal lebih bagus kalau kamu minat baca dan suka sama b ing karena sumbernya juga kebanyakan berbahasa inggris kalau kamu malas hafalan atau benci banget sama banyaknya teori karena awal kamu masuk saja kamu bakal berkenalan sama teori teori umumnya tokoh tokoh psi,neutral,0.22
tidak ngestan sn tapi bias saya dia sedih banget asli,sad,0.6
aku tidak bisa makan apa nder sedih,sad,0.77
tetapi kecewa banget dia gara gara aku tidak mengucapkan,sad,0.67
sama aku juga begitu kak sender kadang pikir kenapa ya aku tidak kayak teman ku yang banyak begitu suka ke dia sedangkan aku sudah mau kepala belum pernah itu rasanya didekatin lucu tapi tidak apa apa sih kan lebih baik jomlo ayo semangat jomlo sampai ketemu jodoh,happy,0.01
aquarius tidak pintar bohong tapi the point banget dan kadang karena tapi the pointnya dia itu suka bikin sakit hati jadi takut ketemuan,anxious,0.9
deg degan menunggu hasil pengumuman dan kepikiran terus tadi pagi sama keluarga,anxious,0.88
anxious banget sebelum meeting tadi agak random sih waktu malam sama dia,anxious,0.74
kehilangan semangat buat kenapa apa padahal sudah coba santai di kantor sendiri,sad,0.67
awalnya malu malu tapi lama lama mau i memilih for at the,happy,0.11
takut gagal di presentasi besok jujur saja pas perjalanan sama dia,anxious,0.96
akhir akhir ini cemas terus banget asli sendiri,anxious,0.9
ku bantu benarkan nder,neutral,0.21
agak sedih tetapi saya lega bye,sad,0.56
ya allah mika angkasa gue kaget saya kira cuma ciuman biasa doang anjing di kebun aakghhghg,anxious,0.72
sukailah suka sayangilah sayang dan cintailah cinta maka di akhir perjalanan kamu temukan kebahagiaan,happy,0.01
aku lak pas dolan di pondk mojo area pethok keniten bendo mojo ada lo malah seng enak ikut keniten pernah soalnya aku mas,neutral,0.26
marah itu gampang tapi marah kepada siapa dengan kadar kemarahan yang pas pada saat dan tujuan yang tepat serta dengan cara yang benar itu yang sulit aristoteles,neutral,0.25
masalah adalah hal yang biasa namun tak peduli apapun masalahmu percayalah kamu tak sendiri karena tuhan selalu bersamamu,neutral,0.31
hari hari sedih terus,sad,0.74
tararumben jijik pens manchester united tau marah marah ti lini masa nggeus tiasa nyak,neutral,0.22
semangat mengkulii,happy,0.08
takut kalau hasilnya jelek banget waktu malam sama teman kantor,anxious,0.92
seram banget mio chan ternyata suka makan dinosaurus si,anxious,0.79
bingung dan takut ambil keputusan banget asli,anxious,0.83
wajar dari mana warung internet ribuan kamu tidak mengerti skill basic komputer kayak office memang kelewatan gublugnya di sama masih biasa saja kuliah awto terseleksi alam,neutral,0.25
emosi lihat komentar orang tadi lucu bareng teman sama dia,angry,0.69
setiap kali meeting makin kusut and pressured elek lah makin meeting makin tambah ide ada usul aku nih master student kah research untuk bulan jadi cam setaun dibuatnya sebelum tidur nebes bangun tidur makin nebes,neutral,0.23
geram banget sama pelayanan tadi jujur saja tadi pagi sama keluarga,angry,0.84
rasanya kosong saja hari ini pas perjalanan sendiri,sad,0.67
jangan pergi anda kata ustadnya ya suka suka dialah stad lucu,happy,0.18
film ini semacam tribute untuk dunia jurnalisme penggemar sudah anderson sudah pasti akan suka sama film ini tapi buat aku yang hanya penikmat film biasa menonton the french dispatch kayak habis lari kamu cape banyak sub plot dan banyak banget hal yang mau diceritakan tapi,neutral,0.21
jika mau adil ingat juga kebaikannya jangan melulu kesalahannya saja begitu ya cantik,neutral,0.2
iya aku biasanya di tengah tengah karena takut ada kendala begitu eh kena hnr,anxious,0.89
ih tolol,angry,0.98
cemas memikirkan masa depan dari tadi kepikiran tadi pagi sama dia,anxious,0.93
bingung dan takut ambil keputusan serius bareng teman sama dia,anxious,0.81
sudah sabar tapi masih dibohongi pas perjalanan sama keluarga,angry,0.68
perkokoh kesabaran mengapa kesabaran perlu diperkokoh bagi setiap pengusung gerakan ishlah karena ujian di jalan perjuangan adalah keniscayaan orang orang beriman saja pasti diuji apalagi orang beriman yang berjuang,neutral,0.2
drama abang tolol,angry,0.88
aku bukannya over atau lebay aku cemburu aku khawatir aku bawel itu karena aku sayang dan takut kehilangan itu saja,anxious,0.75
khawatir sama kondisi sekarang hari ini pas perjalanan sama keluarga,anxious,0.91
kabar baiik hore,happy,0.18
lagi menulis surat karena dia ulang tahun buat teman yang berteman sudah dari kelas sampai sedih banget huhuut t tidak menyangka berteman dari masih bego sampai sekarang bego juga sih maksudnya sudah lama begitu dari yang tak tau apa apa sampai yang sekarang kita sudah harus menentukan buat masa depan,sad,0.76
kalau dia marah pacarnya di gandeng tanya punya surat izin pacaran tidak kalau mukul lapor polisi dong penganiayaan,neutral,0.35
orang itu bikin emosi banget agak random sih di kantor,angry,0.75
akhir minggu ini seru banget jujur saja waktu malam sama keluarga,happy,0.14
orang priveleged je rasa air evian itu biasa biasa tak semahal yang lain,neutral,0.23
sempat sedih juga pas dengar tahun kemarin kok minus sedikit pendapatannya sepertinya gara gara kingdom juga sih ini semoga tahun ini bisa berlipatlipat gandaa,sad,0.79
heizou b padahal sudah bgarep bangey dia b sedih bnaegt,sad,0.72
geram banget sama pelayanan tadi dari tadi kepikiran di rumah sama dia,angry,0.94
belum pernah sampai manggarai lagi kalau naik kereta kaget sudah jadi di atas peronnya wkwk,anxious,0.8
makan favorit hari ini bikin bahagia dari tadi kepikiran bareng teman,happy,0.12
rendah sekolah ku jumlah kuota eligible mipa ada dan aku rank dengan rata sebegitu sempat takut banget kegeser karena ada banyak murid yang data nilai nya salah tapi alhamdulillah ya allah tetap masuk eligible,happy,0.18
malam ini kepikiran terus jadi sedih sumpah bareng teman sama teman kantor,sad,0.63
jadi malu terima kasih,anxious,0.81
hoy lini masa sepi nih,neutral,0.33
sudah sabar tapi masih dibohongi sama teman kantor,angry,0.65
setuju lebih puas saja,happy,0.18
takut gagal di presentasi besok dan kepikiran terus sama teman kantor,anxious,0.86
sederhana saja kami sadar bagi rakyat biasa yang berjuang kalah dengan yang beruang,neutral,0.21
walah ya tidak apa apa santai terima kasih,neutral,0.34
padahal fan secret number sendiri saja sebagian besar benci vine ent kelihatan banget kayak tidak ada tegas tegasnya mengurus artis atau mengklarifikasi berita,neutral,0.25
aku cuma ingin istirahat sebentar hari ini tadi pagi sama dia,sad,0.84
enak enak saja ah kak,neutral,0.31
mesti lah bwak lagi makan boleh sembng dan makan sekali sudah kenyang baru senang nak belanja,happy,0.05
takut kalau hasilnya jelek dan kepikiran terus tadi pagi sendiri,anxious,0.74
selamat pagi salam sehat dan bahagia untuk semua,happy,0.19
kehilangan semangat buat kenapa apa serius di rumah sama keluarga,sad,0.64
kehilangan semangat buat kenapa apa banget di kantor sama dia,sad,0.64
untung sudah biasa mengurus apa apa sendiri ya plus point for me,neutral,0.38
terima kasih nokaav bahagia selalu juga,happy,0.16
kalau malas ngecas dan suka banget pakai headset mending yang kabel,neutral,0.39
kalau ditembak nanti pacarku marah,anxious,0.72
jaman dulu gue menaksir seseorang masih kasih usaha buat dekati walaupun tidak ingin confess apalagi jadi pacar dulu senang banget bisa intens sms an dengan dia sekarang adalah boro boro adulting makes me fokus on myself kalaupun suka seseorang ya sudah suka saja begitu tok,neutral,0.39
senang banget hari ini ketemu teman lama serius di rumah sama keluarga,happy,0.11
takut ya ampun,anxious,0.73
nasi cikur teh nasi goreng pak cikur kitu teh enak pakenanyaa,neutral,0.33
poin ke tolol banget anjir astagfirullah,angry,0.86
varian omicron memiliki karakteristik yang cepat menular dengan gejala klinis yang lebih ringan bahkan tanpa gejala dibandingkan varian sebelumnya bagi yang terkonfirmasi positif tetap tenang dan jangan panik selalu jaga prokes sama,neutral,0.37
biasa rotii atau apa begitu yang ringan,neutral,0.37
selamat pagi tetap semangat tetap optimis biar bisa bigwin amin amin,happy,0.13
takut gagal di presentasi besok tapi ya sudahlah pas perjalanan sama teman kantor,anxious,0.84
kakak semangat harinya juga kak azutt,happy,0.02
kesal banget hari ini dari tadi kepikiran pas perjalanan sama keluarga,angry,0.93
senang banget hari ini ketemu teman lama tapi ya sudahlah pas perjalanan,happy,0.2
berasa bego kalau sudah tinggal sedikit lagi yang tidak bisa jawab termasuk kitanya lucu,happy,0.11
mohon izin memastikan kembali kurikulum yang diisi hanya sampai semester saja kan min,neutral,0.34
moots saya pada ghaib ya takut deh,anxious,0.8
habis baca cerita yang makin kesini makin sedih dan aku terus curhat ke seseorang menangis parah dong saya lucu,sad,0.7
balas dendam biar yakin kalau suami istri bisa saling menutup aib,angry,0.86
satu satu aku suka kamu dua dua aku sayang kamu tiga tiga aku cinta kamu satu dua tiga kamu kena modus,sad,0.74
mbok mbps takut begitu,anxious,0.89
mama takut bagaimana,anxious,0.75
ini gue tertawa banget lihat komennya kamu bedakan bagi mana yang dekat sama yang tidak kamu kata exo berteman cuma satu tahun dua tahun tidak anjr lucu suka duka sudah di melewati sama ngejokes begitu sudah biasa lah notabenya yang baru kenal sudah ayah wkwk kamu pikir sendiri saja apa bedanya,happy,0.16
masih susah pindah on dari kejadian itu lucu di kampus,sad,0.64
dapat kabar baik dari keluarga tadi pagi di kantor sama dia,happy,0.05
lelah menghadapi orang yang egois banget asli di kantor,angry,0.75
ingin banget punya jaket varsity eh taunya dikasih jaket keren alhamdulillah rezeki anak saleh,happy,0.2
senyum sendiri pas ingat kejadian tadi di kantor sama keluarga,happy,0.2
mampir yuk yang lagi mencari bacaan bangsat dijamin menangis karena sedih banget,sad,0.65
takut gagal di presentasi besok dari tadi kepikiran tadi pagi,anxious,0.91
deg degan menunggu hasil pengumuman jujur saja sama teman kantor,anxious,0.94
ds biasa sultan je kan boleh bagi sebab macam datuk sri vida dapat dari pahang kasihan dia tak dapat jodoh lagi,neutral,0.21
kesal banget hari ini,angry,0.88
hi kak mohon maaf terkait kendalanya terkait kendala tersebut untuk saat ini kami tidak dibekali informasi tersebut apabila ada kendala lain jangan ragu untuk menghubungi kami ya kak terima kasih wh,anxious,0.77
mvs euphoria si sender baru namatin yang si kok sih rou tidak mau naik kereta barang jules terus pas di episode mcky benaran di ituin sama teman nya di depan cassie sender kaget banget,anxious,0.78
kecewa banget sama hasilnya padahal sudah coba santai di kampus sama keluarga,sad,0.55
hari ini berat banget dijalani agak random sih di kantor sama dia,sad,0.78
aku benci menganggap enteng apapun tugas yang diberikan gildarts,neutral,0.29
belum sih mau zoom dulu sedih karena sabtu tidak libur,sad,0.78
lelah menghadapi orang yang egois padahal sudah coba santai bareng teman sama teman kantor,angry,0.76
iyhh jadi sepi banget huhu,sad,0.78
sarapan tenongan sih enak,happy,0.18
kepikiran banyak hal sampai susah tidur tapi ya sudahlah tadi pagi sendiri,anxious,0.96
malam ini kepikiran terus jadi sedih lucu di rumah sama keluarga,sad,0.65
kehilangan semangat buat kenapa apa bareng teman,sad,0.73
tidak bisa komen sih takut salah kata cuma ya agak bagaimana juga ya,anxious,0.81
ml tadi main brawl bingung kok valentina dari awal sampai akhir tidak copy hero musuh ya ternyata buildnya kacau ini pasti gara gara lihat video toktok yang memberi ide pakai hero mage tapi build mm sudah berkali kali ketemu di ingame yang kayak begini pantas saja di loading,neutral,0.33
rasanya kosong saja hari ini agak random sih tadi pagi sama dia,sad,0.57
lagi semangat belajar kimia kalau gurunya tidak datang saya menangis sih,happy,0.06
ya bagaimana baik nya saja lah,neutral,0.31
takut banget kalau nanti tiba tiba ke,anxious,0.89
apa kabar ku apakah baik baik saja tidak aku sedang tidak baik fikiranku sedang tak menentu,sad,0.68
takut gagal di presentasi besok jujur saja sama teman kantor,anxious,0.97
ngelamar kerja berdua yang keterima dia doang ya wajar sih tetapi tidak tau kenapa sedih saja begitu,sad,0.64
mengulang dari tapi kamu tryhard yang chamber saja nya santai tapi harus clear saja yang penting,neutral,0.23
merasa sendirian akhir akhir ini sih sama dia,sad,0.75
kesal banget sama orang yang tidak tepat waktu jujur saja di kantor sama keluarga,angry,0.93
pagi pagi sudah emosi baca au kesal tidak boleh ada yang bikin bian kecewa atau sedih ih,angry,0.89
ya iya lah masak tidak takut kalau bobroknya dibongkar di pengadilan,anxious,0.77
terima kasih ya sudah bikin hariku lebih baik serius bareng teman,happy,0.21
sedih benar nih club ya,sad,0.71
tapi lanjut dimakan tidak takut banget kalau lanjut makan takutnya ada pecahan beling kecil masuk ke perut,anxious,0.88
emosi lihat komentar orang tadi banget sama teman kantor,angry,0.67
pagii tidak nih cerah di sini,happy,0.05
kesal banget hari ini agak random sih tadi pagi sama teman kantor,angry,0.67
dengar kabar kageyama jualan baju koko di tanah abang,neutral,0.28
marah banget karena pekerjaan berantakan agak random sih tadi pagi,angry,0.74
aku cuma ingin istirahat sebentar dari tadi kepikiran bareng teman sama keluarga,sad,0.67
akhir minggu ini seru banget serius waktu malam,happy,0.23
akhir akhir ini cemas terus banget asli pas perjalanan sama dia,anxious,0.72
contact kita bisa dinamain siapa saja takut juga,anxious,0.86
saya jadi takut kalau lihat akun besideperth,anxious,0.74
bingung dan takut ambil keputusan banget asli waktu malam,anxious,0.88
bingung dan takut ambil keputusan jujur saja di kantor,anxious,0.95
bedsheet itu kan biasa beli queen je ke kalau dia pakai katil raja guane,neutral,0.3
kamu nyinyirn aku sama antek nya berharap aku marah tenang aku punya jurus jitu aku balas pakai solawatan zalim kesal sendiri kan lucu apa,angry,0.87
sampai sekarang masih bertanya tanya kenapa orang suka banget buat sampah di halaman rumahku ya sedih harus bersihkan terus,sad,0.75
kesal banget hari ini banget bareng teman sama dia,angry,0.68
akhirnya lolos interview kerja sih pas perjalanan sama keluarga,happy,0.11
enak kan apalagi mie ayam yamin,happy,0.16
merasa sendirian akhir akhir ini di kantor sama teman kantor,sad,0.77
suka kadang berasa lagi berbicara sama dahyun soalnya aku mirip banget sama dahyun tapi ragu ragu,anxious,0.7
jadi ingat kata pak baju habibie percuma kasih fakta apapun dia tetap bodoh,neutral,0.2
sudah lama tidak on lini masa gue jadi sepi mengecewakan,sad,0.75
kaget nikah bagus juga walaupun sedikit bagaimana begitu okee besok besok menonton di wetv,neutral,0.29
kalau itu jangan deh mending parfum soalnya dia kan mirip bentukannya nanti kalau bed takut diekspedisi kena by the way berapaan jualnya,neutral,0.28
senyum sendiri pas ingat kejadian tadi tapi ya sudahlah tadi pagi sendiri,happy,0.25
sahabat adalah mereka yang mampu mengeluarkan kemampuan terbaik yang ada dalam diri kamu mereka yang selalu berimu semangat,neutral,0.29
halo kak paket saya masih belum ada pembaruan dari tanggal januari sampai sekarang dan belum sampai juga bagaimana ya kak saya khawatir jika paket saya hilang soalnya saya banyak lihat kasus paket hilang di twitter mohon bantu follow up ya kak saya sudah hari menunggu paket,anxious,0.77
sedih banget,sad,0.54
kamu juga semangat ya sudah sarapan belum,happy,0.18
mau marah tapi benar bagaimana dong happy taehyun day,happy,0.06
akhir akhir ini cemas terus lucu di kampus,anxious,0.79
ih padahal enak yang beras merahh malah diganti syeddih,sad,0.55
benar lily malu banget sudah minim literasi kiraan itu paling muda ternyata muda dari kakak terus kiraan itu ada dan nya taunya dia menulis kurang huruf dan bukan ada dan nya malu banget,anxious,0.9
iya mas aku bingung saja takut salah beli obat,anxious,0.89
rasanya ingin marah terus dan kepikiran terus sendiri,angry,0.83
makan favorit hari ini bikin bahagia banget asli tadi pagi sama teman kantor,happy,0.11
kehilangan semangat buat kenapa apa agak random sih bareng teman sama keluarga,sad,0.59
ayaka menampakkan ekspresi cemberutnya ketika mendengar ucapan yang dilontarkan ayato sungguh pekerjaan ayaka sudah selesai sejak tadi ayaka menggembungkan pipi kanannya kecewa onii sama sendiri bagaimana apa pekerjaannya sulit,neutral,0.29
aduh bangsat ganteng banget lagi nih orang,angry,0.93
semangat nguli,happy,0.09
masih sedih soalnya akun sebelah sudah dfb convomf convomfs moviemenfess beame,sad,0.74
mari ngewibu saja,neutral,0.33
berbisik mengingatkan tentang sepotong kecewa yang tak kunjung usai di balut dengan luka yang tak kunjung di obati luka luka luka dan ditutup lagi dengan luka sedikit terselip rasa bersalah menolak untuk mengakui,sad,0.59
aku cuma ingin istirahat sebentar banget asli di kantor sendiri,sad,0.59
malam ini kepikiran terus jadi sedih hari ini di kampus,sad,0.63
deg degan menunggu hasil pengumuman hari ini bareng teman,anxious,0.71
bakar lumbung mereka curi beras mereka biarkan mereka lapar kemudian datanglah pada mereka dan bagikan sepotong roti katakan pada mereka kamu sangat mencintai dan ingin mereka bahagia yakinlah dengan begitu kamu akan dicintai mereka kemudian meminta mereka memilih mu jadi raja,neutral,0.24
lelah sih tapi puas hasilnya bagus serius di rumah sama keluarga,happy,0.26
kenapa sih harus bikin masalah terus serius di kantor sama dia,angry,0.79
padahal lapaknya sepi ya,neutral,0.34
ayo yang lain juga boleh new acc nih masih sepi,sad,0.63
bulan setelah nikah oke saja mau dibilang apapun tetapi makin kesini bahasa nya benerbener tidak buat enak dan cemas sendiri sampai pikir mau kurus dengan cepat tetapi tidak mungkin semua itu butuh proses untuk sehat juga sedih banget,sad,0.76
akhir akhir ini cemas terus lucu di kampus,anxious,0.79
men si tim grup b takut kali,anxious,0.83
aku cuma bisa mengagumimu suka padamu dalam diam dan benar cinta pada mu karena untuk memilikimu adalah yang mustahil,sad,0.75
yang membuat rakyat tidak memercayai penguasa sering bohong pemimpinnya melarang rakyat melakukan sesuatu tetapi dia sendiri yang melakukannya terlalu vulgar mempertontonkan kebodohan dan mengaggp rakyatnya semua bodoh,angry,0.93
akhir pekan saatnya istirahat oh tentu saja tidak,neutral,0.26
makan favorit hari ini bikin bahagia sumpah pas perjalanan,happy,0.15
rasanya gugup terus hari ini dan kepikiran terus di kantor sama keluarga,anxious,0.92
kesal banget sama orang yang tidak tepat waktu banget pas perjalanan sama dia,angry,0.77
akhir akhir ini cemas terus lucu di kantor sendiri,anxious,0.79
bingung dan takut ambil keputusan dari tadi kepikiran waktu malam sama keluarga,anxious,0.86
rasanya sedih banget akhir akhir ini sih waktu malam sendiri,sad,0.59
seperti biasa bingung mau makan apaana,neutral,0.23
senang banget hari ini ketemu teman lama waktu malam sama dia,happy,0.16
emosi lihat komentar orang tadi agak random sih di kampus sendiri,angry,0.81
malam ini kepikiran terus jadi sedih sih di kampus sama teman kantor,sad,0.61
deg degan menunggu hasil pengumuman sumpah tadi pagi sama dia,anxious,0.85
terus suatu ketika ada teman aku bilang dia jadi suka sama youngk dan dia kasih tau aku day saat itu aku sudah tau day sih tetapi membernya tidak tau siapa saja kecuali sih jae sama youngk didengarkan lah aku lagu day kamu were cantik dan diracun suara youngk eh tapi aku malah,neutral,0.21
unesco orang arab lucu kata yang benci anis,angry,0.99
orang itu bikin emosi banget tapi ya sudahlah sama teman kantor,angry,0.71
kehilangan semangat buat kenapa apa tapi ya sudahlah waktu malam sama keluarga,sad,0.63
enak dong kalau di hangatkan,happy,0.17
senyum sendiri pas ingat kejadian tadi pas perjalanan sendiri,happy,0.19
kecewa,sad,0.67
dia doang yang melet kaget administrasi kebijakan kesehatan,anxious,0.8
level ketika pms kamu bukan menahan marah lagi atau buat tapi menahan iya,neutral,0.29
koyok e dendam deh nih kocheng gara gara mau subuh tak kancing i lawang,anxious,0.74
marah nih nunaa,angry,0.97
lelah menghadapi orang yang egois tapi ya sudahlah bareng teman,angry,0.74
bibi masak sayur bening katuk dong sama bakwan jagung pakai sambal terasi sama ayam goreng enak nih bi mau itu menunya iya tapi tidak ada sayur katuk aku antarkan yuk ke pasar ya sudah ayo mbak banget lihat orang makan begitu kemarin di rumah sakit,neutral,0.32
sejujurnya tidak sedikit kok yang begini ada case begini kayak sudah biasa saja begitu lucu maaf maaf,neutral,0.33
ini denise ya sedih vine ent ngelepas anak se multitalenta ini tapi ya bagaimana lagi sepertinya ini jalan terbaiknya,sad,0.62
cemas memikirkan masa depan hari ini bareng teman sendiri,anxious,0.98
orang bodoh jadi ustad pengikutnya jadi bodoh semua,angry,0.98
akhirnya lolos interview kerja banget asli pas perjalanan sama teman kantor,happy,0.16
masih susah pindah on dari kejadian itu jujur saja waktu malam sendiri,sad,0.63
takut kalau hasilnya jelek sih bareng teman,anxious,0.79
diam baik bitcoin lagi naik ngko ujug ujug sono boleh menanyakan kabar,neutral,0.29
cemas memikirkan masa depan lucu pas perjalanan sendiri,anxious,0.96
terkahir deh sengaja juga baru pembaruan sekarang karena waktu itu banyak banget pikiran sampai pikir takut tidak lulus jadi belum berani bagikan eh aku lulus ternyata bestie lucu h ini benaran terkahir,happy,0.07
apa takut,neutral,0.33
pagi ninyan awak jangan ikut murung juga ok,neutral,0.25
geram banget sama pelayanan tadi lucu pas perjalanan sama teman kantor,angry,0.74
kemarin malam sehat saja dan tidurpun pulas kok tadi malam timbul sakit sekali rasa badan sampai susah tidur baru bisa tidur pas subuh eh jam malah ada yang menelpon,neutral,0.2
kan benar masih sepi,neutral,0.31
tidur gue kenapa tidak bisa tenang sih ya gue tau setiap hari harus bangun pagi tetapi setidaknya kasih waktu buat mengumpulkan nyawa dulu kayak kepala gue suka tiba tiba pusing harus langsung gerak bantu ini dan itu ya tetapi tidak apa apa sih sudah biasa juga mana kalau lagi tidur kadang suka diajak mengobrol,anxious,0.88
semoga jimin cepat juga pemulihannya biar bisa segara beraktivitas seperti biasa,neutral,0.24
ya allah aku sedih kali sumpah denise hsgsfscs dari awal aku sudah bad feeling tapi masih berharap gitulo paham kan,sad,0.76
anjr kesal banget sama yang suka curi semangat ashh semoga lancar jadi bisa di tadi punya sih pencuri mana judulny dari yang keren jadi cuma bridge tree fragment,angry,0.86
aku cuma ingin istirahat sebentar,sad,0.76
takut limit lucu gue,anxious,0.88
semangat kerjanya sayang,happy,0.02
malam ini kepikiran terus jadi sedih sih tadi pagi sama dia,sad,0.67
kenapa sih harus bikin masalah terus sih bareng teman sama teman kantor,angry,0.75
akhirnya lolos interview kerja sendiri,happy,0.09
tau alah tolol banget finishingnya busuk aslii padahal di lapangan nguasain pertandingan nyeselkan absen trophy lagi saja musim ini mengcape benar lah,angry,0.91
akhirnya tugas selesai juga lega banget sih sendiri,happy,0.25
hi pasti lagi mencari jasa ujian nasional sus ujian nasional lock ya bisa ke iya unlock all case ke acc unlock umur ke acc unsus biasa ke acc payment dilakukan di akhir a close uns permanen semi perm,neutral,0.26
akhir akhir ini cemas terus sih di kantor,anxious,0.89
lah yang bicara soal hoaks siapa bos hoaks itu tentu aturan hukumnya di sini bahas kelakuan buzzerp yang seluruh berbeda pandangan politik lalu disebut kadrun kalau soal hoaks ya pasti pidana lah jangan kamu katakan orang kritik ke pemerintah itu hanya menebarkan hoaks saja peang,angry,0.93
masih susah pindah on dari kejadian itu agak random sih waktu malam sama dia,sad,0.65
salam phia perkenalkan saya gading baskara gading biasa disapa sudah ada agenda apa untuk akhir pekannya,neutral,0.35
benci juga karakternya cheol kayak itu sudah kelihatan han sakit hati kenapa harus ditegesin dulu baru peka tidak mempermasalahkan his feeling towards nu tetapi the way he treated han that i hate the paling dipermainkan banget lucu jerk,angry,0.97
rasanya kosong saja hari ini banget asli waktu malam sama teman kantor,sad,0.8
makan favorit hari ini bikin bahagia banget asli sama keluarga,happy,0.16
sesungguhnya allah tidak suka dengan orang yang selalu berwajah muram di hadapan kawan kawannya hari dailami,neutral,0.23
orang itu bikin emosi banget tapi ya sudahlah di rumah sama dia,angry,0.87
hentikan aku kira kalaupun mau pindah saran saya pilih kota madya saja saya kira mampu di permak buat ibu kota tidak memulai dari nol ingat biaya inves mahal kesuksesan masih mengambang kerusakan lingkungan akan lebih besar tolong pemerintah memikirkan itu saya setuju pindah ibu kota,neutral,0.24
kehilangan semangat buat kenapa apa sih di kampus sama keluarga,sad,0.75
aku benci ppkn,angry,0.94
jaman sampai aku sering banget menangis merasa aku orang yang paling menyedihkan punya banyak masalah semakin tambah usia aku baru sadar ternyata hidupku tidak ada apa apanya sama orang lain tidak serumit orang lain kadang suka tertawa apalagi kalau nangisin cowok,happy,0.06
orang itu bikin emosi banget jujur saja bareng teman sendiri,angry,0.93
jadi takut buat pacaran lagi,anxious,0.88
akhir akhir ini cemas terus lucu sama teman kantor,anxious,0.95
akhir akhir ini cemas terus jujur saja pas perjalanan sama teman kantor,anxious,0.75
makin sedih,sad,0.71
kehilangan semangat buat kenapa apa agak random sih tadi pagi,sad,0.71
benar ini pikiran suka banget memikirkan hal yang bikin sedih,sad,0.76
woi ternyata karena akun aku di privat makanya hilang h lucu lucu ha maapfin aku twitter akunya bego,happy,0.1
akhir akhir ini cemas terus banget asli di kantor sama keluarga,anxious,0.77
cari tempat sepi buat enaena,neutral,0.37
kalau cerita kat laki aku pasal mimpi malam tadi mesti kena marah,angry,0.92
imam al barbahari rahimahullah jika engkau melihat seseorang duduk bersama ahli bidaah ingatkan dan beri tahu dia jika ia masih saja duduk bersama ahli bidaah setelah mengetahuinya jauhilah dia karena sesungguhnya dia adalah pengikut hawa nafsu syarhus sunnah,neutral,0.37
terkadang aku bisa marah bingung sedih dan ceria tak kenal hari dan waktu aku sadar itu dan aku menyesuaikan mungkin yang paling sering terlihat ketika aku berada di kerumunan banyak orang adalah warna warni ceria tapi sebenarnya aku memupuk warna hitam putih dan abu,sad,0.52
efek efeknya itu kamu yang merah merah bikin takut,anxious,0.86
rasanya kosong saja hari ini tapi ya sudahlah sama keluarga,sad,0.75
sudah dekat tahun jadi kerajaan baru nak cakap tak setuju kata tak setuju dari awal sok patutnya tak payah lah terlibat terus bodoh,angry,0.86
akhir pekan nya tidak santai banyak hapalan duh,angry,0.96
rasanya ingin marah terus agak random sih waktu malam sendiri,angry,0.77
jisungg selamat bertambah usia sehat dan bahagia selalu ya,happy,0.14
tolol bersama,angry,0.85
akhir akhir ini cemas terus sumpah waktu malam sama teman kantor,anxious,0.93
kehilangan semangat buat kenapa apa banget bareng teman sama dia,sad,0.77
semangat pagi,happy,0.16
habis itu dia nge chat aku begitu lo habis nge chat ya begitu jadi dekat dekat beberapa kali itu dia memberi cokelat sama susu strawberry kalau tidak salah terus aku sama dia disekolah tidak pernah menyapa kadang eye contact doang soalnya dua duanya malu begitu kan agak sedih sih,sad,0.58
anak penguasa yachh siapa berani melawan komisi pemberantasan korupsi saja melempem kepolisian republik indonesia dan kejaksaan bisa dicopot kalau mengurusi orang ini,neutral,0.21
yang paling nyeremin pas ada razia dadakan pas saya lagi bawa bedak tbs yang tentu saja tidak murah sudah panik kalau bakal kesita dan kalau misal iya tidak sudi sih kalau tidak dikembalikan untungnya tidak ketahuan,anxious,0.86
lelah sama keadaan sekarang lucu di rumah sendiri,sad,0.76
lucu apa iya nih malu malah tidak bawa jeans lagi,sad,0.65
sedih banget kamu selalu di cuekin warga,sad,0.51
lelah sih tapi puas hasilnya bagus serius pas perjalanan sendiri,happy,0.22
tapi sumpah gue kalau galau juga malah dengarkan lagu hiphop rock kalau lagu galau malah lagi biasa saja,neutral,0.38
malam ini kepikiran terus jadi sedih banget di rumah sama dia,sad,0.6
dapat kabar baik dari keluarga tadi pagi jujur saja di rumah,happy,0.22
kepikiran banyak hal sampai susah tidur agak random sih di kampus sama dia,anxious,0.94
rasanya gugup terus hari ini tapi ya sudahlah di rumah sama dia,anxious,0.72
orang kalau terlalu sering kecewa ngebatin nya pasti sudah di level ya bagaimana ya mau bagaimana lagi sampai pasrah begitu,sad,0.59
kalau tidak gandengan tangan meriang tiap hangout di publik place saja lengket ngt bagaimana kalau pas lagi qtime berdua di private place begitu aduh terima kasih sudah bikin makin menghalu dan by the way di yang kedua itu seohyun sempat ragu harus pakai cincin pernikahannya apa tidak,anxious,0.73
tak perlu kesempurnaan untuk bisa berbahagia jika kesederhanaan mampu membuatmu menjadi bahagia,neutral,0.31
aku cuma ingin istirahat sebentar dan kepikiran terus pas perjalanan sama keluarga,sad,0.75
takut kalau hasilnya jelek sumpah tadi pagi sendiri,anxious,0.91
enak tidak kalau tidak ya tidak mau,happy,0.09
tidak apa apa sedih saja,sad,0.55
enak lah lagunya,happy,0.18
kepikiran banyak hal sampai susah tidur serius di kampus sama keluarga,anxious,0.95
dapat kabar baik dari keluarga tadi pagi dari tadi kepikiran di kantor sama keluarga,happy,0.1
anxious banget sebelum meeting tadi agak random sih di kantor sama teman kantor,anxious,0.88
start ke saja yuk hi kak lagi cari app prem ingin cepat juga ada nih lengkap fast respon testimoni on pinned ya yuk langsung direct message t jual netflix murah spotify wetv kaget nikah all of us are dead,neutral,0.39
kok sepi rep nya tidak kayak pas masa masa penjilat,sad,0.62
akhir akhir ini cemas terus jujur saja di rumah sama keluarga,anxious,0.79
asli malu memalukan orang indonesia tolol yang rep latah cilukba pakai huruf hijaiyah sama ngntd sama ganti huruf t pakai salib ada tiktok filipin lewat fyp aku dan repnya ngtd semua dasar goblogg tren tiktok ter tolol,angry,0.99
iya swndirian banget soalnya ada beberapa anak yang positif kopit jumat kemarin asli panik dan takut,anxious,0.88
terima kasih kamu ya brill aku tidak menyangka bakal ada yang baca twittku lucu gue semoga aku semangat melakukan apa saja kecuali scroll handphone lucu aku,happy,0.02
anjing pjj lagi sudah enak ptm padahal,angry,0.9
deg degan menunggu hasil pengumuman banget asli di rumah sama dia,anxious,0.8
tapi takut ketuaan juga di jalan ya kan lucu walaupun saya wfh selamanya,anxious,0.75
merasa sendirian akhir akhir ini agak random sih di kampus sendiri,sad,0.72
wah semangat nge date bestie,happy,0.1
semoga lekas sembuh total lepaskan jilatan komenlah yang perlu saja untuk hindari olokan,neutral,0.39
akhir akhir ini cemas terus agak random sih di rumah,anxious,0.81
makan favorit hari ini bikin bahagia dan kepikiran terus tadi pagi,happy,0.15
semangat ya jangan mau dijadikan mainan,happy,0.17
bingung dan takut ambil keputusan dari tadi kepikiran pas perjalanan sama keluarga,anxious,0.85
this pengguna sedang tidak baik baik saja sedang cemas,sad,0.75
senyum sendiri pas ingat kejadian tadi lucu tadi pagi sama dia,happy,0.21
takut kalau hasilnya jelek hari ini di kantor sama dia,anxious,0.87
kesal banget hari ini agak random sih di kampus sendiri,angry,0.93
disegerakan saja,neutral,0.35
tiba tiba dikirimin kuis tebak mana fotoku dan salah nebak malah marah marah kan tidak kelihatan,angry,0.95
pagi ini syahdu banget dingin hujan sepi cocok buat rebahan anyway pagi moots have a great akhir pekan,happy,0.09
oke saya berangkat sendiri saja,neutral,0.32
ya allah sudah ada kabar euphoria bakal ada season,neutral,0.31
cinta adalah aksi bukan emosi,neutral,0.21
asal bapak senang,neutral,0.36
akhir akhir ini cemas terus lucu waktu malam sama keluarga,anxious,0.91
cemas memikirkan masa depan dari tadi kepikiran tadi pagi sama keluarga,anxious,0.75
saya juga lagi kesal sama keluarga tapi lihat kamu aku merasa kayak masalahku tidak ada apa nya dibanding kamu aku merasa malu buat kamu semangat ya kalau mau teman buat something talk boleh kok yuk direct message an,happy,0.18
kecewa banget sama hasilnya agak random sih di kampus sama teman kantor,sad,0.75
halo makjii goodmowning sudah bangun belum semoga hari ini berjalan dengan lancar ya mak bahagia selalu dan sehat selalu tentunya semoga hari ini ada rezeki ku dan bisa pakai have a good day,happy,0.08
sudah ra emosi tetapi weruh koe reply hawane ingin ngamok,angry,0.91
makan favorit hari ini bikin bahagia dari tadi kepikiran,happy,0.21
kecewa banget sama hasilnya dan kepikiran terus sendiri,sad,0.67
kadang merasa kesal sama diri sendiri itu lebih ke sifat kekanakan sama too easy tapi explode alias emosi meledak ya annoying,sad,0.78
kecewa benar bang,sad,0.55
mukanya tegang amat om puput kayak menanggung beban rakyat,anxious,0.78
baru bangun kena marah tiba tiba but we should keep kiyowo,angry,0.89
kemana saja kliaan kok baru kaget sekarang freak,angry,0.95
kesal banget sama orang yang tidak tepat waktu hari ini pas perjalanan sama teman kantor,angry,0.89
i ran alone around pm kat kj area parked my car tepi jalan and sudah finished loop kot masa itu then one paman tanya kamu tak takut ke lari seorang nih i said oke je paman sudah biasa sampai lah round ke from afar i saw a guy usha dalam kereta i sok i stopped sama apart,neutral,0.33
like i understandd saya juga hafal lagu nya paling banyak karena saya tidak pernah absen menonton pensi festival and ofc not everyone grew up listening tapi the sama songs as me tetapi tetap saja sedih sedikit hikss,sad,0.72
jangan terlihat begitu sedih minato aku bahagia kebahagiaan itu karena kamu mencintaiku kushina,happy,0.14
pagi pagi sudah emosi gara gara baca apa,angry,0.88
wowkowkwowkwowow bjimsroott saja ngery apa kabar saya takut nih wkkwk,anxious,0.74
ih jadi malu dipanggil bestie sama makji tapi happi,happy,0.18
rasanya gugup terus hari ini banget asli tadi pagi sama teman kantor,anxious,0.84
sudah biasa sangat kalau dalam mimpi suka buat kecoh jerit jerit soalnya ya know mimpi kan selalu opposite dengan perangai biasa kita tapi masalahnya tiba tiba nak menjerit dalam loghat nismilan kat mak cik dan anak dia sebab menyibuk,neutral,0.39
hi guyss jangan lupa cek berita dan ya terus saksikan dengan meriah konsernya hari ini mangattss,happy,0.04
wah sangat berbeda lucu h semoga hari sabtunya ikutan cerah juga,happy,0.0
eumm apa ya ketemu sama kamu sepertinya enak,happy,0.14
aku cuma ingin istirahat sebentar dan kepikiran terus tadi pagi sama dia,sad,0.8
khawatir sama kondisi sekarang jujur saja bareng teman sama keluarga,anxious,0.89
pickaw punya dendam kayak nya,angry,0.87
katapat sekali lagi melakukan kesilapan yang sama hampir saja terciduk tak tahu mengapakah ini terjadi buat diriku,neutral,0.37
mari marii semangat,happy,0.13
makan favorit hari ini bikin bahagia agak random sih di kampus sama dia,happy,0.09
takut banget emak saya ngomel ngomel ke mahmud buat mengedukasi cara ngedidik anak lucu,anxious,0.86
iya tidak apa apa kok santai saja,neutral,0.37
kalau ingat gue bego banget ya jadi cewek kadang sampai ingin menangis,sad,0.68
kiraan saya saja yang tidak surat keputusan seblak nyium aroma iya saja mual,anxious,0.74
tolong banget join pinned ya besti ke sepi banget ini yuk kesempatan besar buat menang nih,neutral,0.24
sepi deh,neutral,0.34
kemarin karena kurang kerjaan produktif di dapur dan jadilah ini dimasuki ke kulkas dimakan pagi ini masih tetap enak,happy,0.11
semangat pagi,happy,0.16
kakak jangan marah marah takut nanti cepat tua,anxious,0.85
pagi pagi bangun sudah fucked up bodoh,angry,0.95
kecewa banget sama hasilnya tadi pagi,sad,0.55
lucu apa memang lagi takut sih tapi dulu pas curug hejo sepi sekarang takut di cuaca sih masih sering hujan,anxious,0.86
walau sudah tahun tetap takut mak marah tak kemas rumah,anxious,0.88
deg degan menunggu hasil pengumuman hari ini di rumah sama dia,anxious,0.81
lelah sama keadaan sekarang lucu bareng teman sendiri,sad,0.66
kecewa banget sama hasilnya tadi pagi sendiri,sad,0.8
janji dapat dedak bodoh pun bodoh lah,angry,0.87
akhir minggu ini seru banget waktu malam sendiri,happy,0.26
lucu gue bego lucu,happy,0.08
tidak seharusnya kecewa dan terluka membuatmu terpuruk tapi itu adalah indikasi bahwa ada yang harus kamu perbaiki dalam dirimu,neutral,0.25
eiyy tidak repott seriuss duariuss deh apa yang tidak buat daraa jadi jangan sedih ya pasti ada kok yang mau baca cerita kamu,neutral,0.33
orang itu bikin emosi banget dari tadi kepikiran waktu malam,angry,0.72
aku sudah pernah menonton kisah seperti ini sebelumnya dan aku benci akhirnya,angry,0.96
akhir minggu ini seru banget padahal sudah coba santai waktu malam sama keluarga,happy,0.29
terima kasih ya sudah bikin hariku lebih baik padahal sudah coba santai sama dia,happy,0.12
jangan malu meminta foto real real gambar jaminan anda cocok atau tidak dewan perwakilan daerah datang kecewa beda foto mana jaman sekarang app edit foto sudah jahat,angry,0.9
perasaan takut kecewa hanya akan membuat kita takut menatap masa depan,neutral,0.32
rasanya ingin marah terus dan kepikiran terus pas perjalanan sama teman kantor,angry,0.88
kaget heran akhh,anxious,0.83
dan sih mbak nya auto malu pakai meminta maaf padahal warganet indonesia tertawa doang karena mbak nya lucu dikira kutipan estetik,anxious,0.85
hyper itu masalah bawaan diri dia karena manusia itu ada yang nafsunya hyper ada yang biasa saja sedang menggauli istri dengan penuh kasih sayang itu perlakuan kewajiban semua suami jadi tidak masuk pertanyaannya hyper sama menggauli dengan kasih sayang itu tidak masuk,neutral,0.28
happy akhir pekan all semangat bekerja,happy,0.17
sedih gila dia cukup macam itu,sad,0.56
semangat,happy,0.16
tiap dengar lagu aku kira kamu rumah jadi sedih banget soalnya punya arti yang beda sekarang lihat cuplikan filmnya di fyp juga sedih,sad,0.67
follow saja deh nel coba nanti kamu mengenalkan sendiri ankanya kyl bagaimana tetapi jangan kaget aklo kisah cinta dia sangat amat teramat kasihan nih acc nya nnajeaa,neutral,0.25
lelah sih tapi puas hasilnya bagus banget asli di rumah,happy,0.3
kepikiran banyak hal sampai susah tidur banget asli sendiri,anxious,0.73
malam ini kepikiran terus jadi sedih hari ini sendiri,sad,0.59
bingung dan takut ambil keputusan serius di kampus,anxious,0.86
hari ini berat banget dijalani banget di kampus sama teman kantor,sad,0.8
hari ini tidak dulu ngeri,anxious,0.85
acc ba aku mau mutualan dong sepi banget,neutral,0.21
heran saya masih pagi sudah nyinyir saja ya ampun bagaimana saya tidak suka sedih ya even kesibukan saya saja kamu tidak berusaha cari tau begitu malah begitu,sad,0.55
kenapa ya saya suka kaget ada luka cakar kucing sendiri cuma kadang saya tidak ingat terus pas lagi elus kaki ada luka melintang ternyata cakar kucing dan pagi ini ada lagi dua pula mana gede banget anjir fix ini kucing yang paling gede,anxious,0.88
kata motivasi dari ibuku buat aku tidak ada yang namanya hidup itu bahagia terus jadi kalau ada masalah itu sudah lumrah jadi adik jangan sedih lama lama karena hari ini baru dapat musalah tidak papa yang penting kita sabar dan tetap bersyukur pasti bisa ngelewatinnyaa,neutral,0.21
makan favorit hari ini bikin bahagia serius tadi pagi sama teman kantor,happy,0.26
semangat juga mass,happy,0.2
di sini sepi banget kenapa ya,sad,0.62
geram banget sama pelayanan tadi lucu di kampus sama teman kantor,angry,0.84
lelah sih tapi puas hasilnya bagus padahal sudah coba santai sama teman kantor,happy,0.17
dear hi aku umur punya sepupu cewek umur nah dia mau nikah terus dikira mua nya aku yang mau nikah sih saudaraku ini bilang intinya mukanya borosan aku ada tidak sih skincare yang gabikin muka boros sedih banget diejek begitu,sad,0.71
geram banget sama pelayanan tadi banget asli di rumah sama dia,angry,0.95
kesal banget hari ini serius tadi pagi,angry,0.79
semangat,happy,0.14
anxious banget sebelum meeting tadi banget asli pas perjalanan sama teman kantor,anxious,0.95
tolol banget nilo jilat tahi sebdiri guwvtakut sih bayangkan omar marahh eumm,angry,0.88
santai bos tidak uh emosi sabar oke biarkan mereka menilai seperti ya apa kita cukup memilih mana yang lebih cocok lucu,happy,0.1
jika dia marah padamu cium dia,neutral,0.22
setuju banget lama lama juga agak bagaimana begitu lihat yang suka bilang begitu,neutral,0.3
anxious banget sebelum meeting tadi sumpah tadi pagi,anxious,0.81
biyar semangat,happy,0.1
takut gagal di presentasi besok sih di rumah sama keluarga,anxious,0.78
makan favorit hari ini bikin bahagia agak random sih bareng teman sama dia,happy,0.14
inconsistent tidak menentu serba berlawanan dengan tindakan dan emosi yang tidak berdasarkan logika,neutral,0.32
sudah sabar tapi masih dibohongi padahal sudah coba santai tadi pagi sendiri,angry,0.76
kadang tetangga sih suka reseg eh sih a saja sudah nikah masa kamu belum ih kesal banget padahal kan nikah bukan lomba by the way aku jual spotify premium bulan cuma ke dan masih banyak app premium lainnya yuk buruan order,neutral,0.31
kelemahan seorang lelaki yang apabila suami yang tidak bisa sabar dengan kondisi perempuan jika mandul nikah lagi cari yang lain jika di pukul atau di diskriminasi diam tutup aib jika nafsu muncul penuhi jangan sampai berkata tidak sedih banget jadi perempuan,sad,0.7
benci banget sama diri sendiri gampang menangis kalau mengobrol sama orang tua,angry,0.86
saya saja suka sudu kalau suka kamu nanti garfu marah,neutral,0.32
bunga matahari biar cerah terima kasih,neutral,0.27
nah ini yang saya kesal saya sih b saja lah lihat sih bright sama itu soalnya kayak phinong banget tetapi yang saya benci kalau kayak begitu suka ngelunjak anjr fan nya mana menjelekkan ini iwin lagi terus pasti sudah kayak berasa real banget padahal cuma fanservice,angry,0.87
sibuk santai lucu,neutral,0.29
one day eh mengenalkan nih dimas adik kamu dimas cuk iya dimas siapa anjir dimas goblok maksud gue dimas siapa kenapa ada dirumahlu ikut foto keluarga tolol iya dia dimas budek iya kamu,neutral,0.21
pantas saja gelarnya diduga palsu minimal hasil nyuap sok keren gunakan istilah coattail coat tail buzzer yang profesornya saja kualitasnya begini apalagi yang cuma ikut liqo minggu,neutral,0.37
bingung dan takut ambil keputusan banget bareng teman sama dia,anxious,0.97
sekian saya sampai detik ini masih suka feel sok amazed banget sama jungwon keren banget sudah pokoknya nih anak kalau saya jabarin satu satu bisa jadi manuskrip berharga yang diperebutkan seluruh dunia,happy,0.01
spill cara biar sayang tidak marah gas,neutral,0.29
takut kalau hasilnya jelek banget sama keluarga,anxious,0.85
aku cuma ingin istirahat sebentar dan kepikiran terus di kampus sama keluarga,sad,0.72
rasanya ingin marah terus dari tadi kepikiran di rumah sama teman kantor,angry,0.78
rasanya sedih banget akhir akhir ini lucu tadi pagi sama dia,sad,0.61
paling benci kalau emak bapak sudah membicarakan jodoh im still fuckin,angry,0.89
kesal banget hari ini lucu di kantor,angry,0.75
dia punya keinginan besar buat hidup dan balas dendam makanya dia tetap hidup meskipun setengah zombi,neutral,0.37
mumpung masih sedih habis baca unspeakable mari kita lanjut apa biar makin makin sedihnya,sad,0.6
masih kepikiran ji ung kenapa rela suka sama yeon su lama banget ya padahal sudah dari jaman kapan tau memang yeon su cuma buat choi ung sepaket pemeran utama tidak akan yang tiba move on tidak sih orang kayak yeon su sayang waktunya mas,anxious,0.77
mbesuk yen kamu uwis tidak dengar kabarku ngapuranen aku sudah tau ngarepke kamu,neutral,0.28
sayang tapi ya tidak bakal bisa bersatu sebatas suka saja sebatas teman dekat itu sudah lebih dari cukup insya allah,sad,0.52
kangen kee apa kabar,neutral,0.38
aku cuma ingin istirahat sebentar banget tadi pagi,sad,0.63
apa apaan ini benci banget pagi pagi lewat lini masa bikin iri dengki,angry,1.0
terima kasih ya sudah bikin hariku lebih baik sumpah di kantor sama dia,happy,0.1
hal yang membuat anda kecewa me,sad,0.68
kenapa loyo itu semangat juga ya iyen jaga kesehatannya jangan lupa,happy,0.2
rasanya ingin marah terus tapi ya sudahlah di rumah sendiri,angry,0.87
cuma aku malu saja buat ngepublish ke orang lain karena dia juga tidak pernah publish aku,anxious,0.75
kok bisa setengah doang waduh asyik banget kak juyeon suka lagu yang mana,happy,0.05
hari ini berat banget dijalani lucu di kantor,sad,0.84
mmf ya sayang menanyakan hal bodoh xixi,angry,0.93
semoga cepat sembuh tidak enak gatal gatalnya,happy,0.13
grogi bodoh,anxious,0.82
rasanya kosong saja hari ini lucu di rumah sama dia,sad,0.76
marah banget karena pekerjaan berantakan tapi ya sudahlah tadi pagi sama dia,angry,0.78
jangan marah marah,neutral,0.4
geram banget sama pelayanan tadi agak random sih bareng teman sama dia,angry,0.73
yeaa surat pemberitahuan tahunan biasa,neutral,0.3
akhir minggu ini seru banget dan kepikiran terus di kantor,happy,0.25
khawatir sama kondisi sekarang jujur saja di kantor sama keluarga,anxious,0.88
ada ya orang jumat baru keluar rumah sakit sore nya tiba jatuh jadinya sedih mulu sampai sekarang tapi sabtu paginya sudah disuruh kekampus sampai malam alamat masuk rumah sakit lagi ini adalah,sad,0.75
kegagalan pasti ada tetap semangat jangan putus asa elangga,neutral,0.32
cemas memikirkan masa depan waktu malam sama keluarga,anxious,0.86
akhir minggu ini seru banget hari ini di rumah sama dia,happy,0.08
pandemi covid telah menghambat investasi untuk membangun infrastruktur yang berdaya tahan tinggi a aspek aspek apa saja yang dapat mendorong terwujudnya infrastruktur berkualitas di asia a baca,neutral,0.34
benci banget soalnya kepikiran bagian sih kawan mninggoy abjingkk,angry,0.89
sch sender pernah dikasih ini sama guru sender waktu sampai mak jelbb pas dikasih sekarang sender sudah sama kelas tetapi masih suka youtube an apa lagi ngdrakor benar benar susah banget lepasnya,neutral,0.22
takut gagal di presentasi besok sumpah di kantor sama keluarga,anxious,0.76
txt members juga lagi pada sepi sepi saja sepertinya lagi ada schedule iya kemarin,neutral,0.29
arrgh pagi pagi emosi,angry,0.98
emosi lihat komentar orang tadi jujur saja di rumah sama keluarga,angry,0.73
mau nomor buat verifikasi sedih akun ke log terus,sad,0.72
kehilangan semangat buat kenapa apa serius di kampus,sad,0.76
malam ini kepikiran terus jadi sedih tapi ya sudahlah bareng teman sama dia,sad,0.71
mau agak bar bar tapi agak takut juga kak,anxious,0.72
tell seller yang open sharing photopack sg suka lelah tidak jualkan sisa sharing kayak susah banget ada yang ngelirik polaroid sama pc konsep sekalinya ada cust yang mau beli pola sama pc konsep langsung pikir oh my god ada malaikat karena sesusah itu,neutral,0.32
terima kasih ya sudah bikin hariku lebih baik tadi pagi sama teman kantor,happy,0.1
tidak tau tetapi dengarnya sedih banget,sad,0.61
sedih kulkasku cuma isi bunga es sama sayur,sad,0.73
akhir minggu ini seru banget lucu di rumah sendiri,happy,0.18
tidak usah pura kaget bikin jengkel,angry,0.91
ket kamu tidak takut kuliah hukum kah ket,anxious,0.83
sudah sabar tapi masih dibohongi dan kepikiran terus di kampus sendiri,angry,0.72
tiba tiba teringat dulu pas orientasi studi dan pengenalan kampus ada senior yang baik banget sama aku sampai diajak mengobrol pakai bahasanya dia aku tidak mengerti dong ternyata dia pikir sekolah asalku dari provinsi dia padahal beda lucu tapiya tetap baik sih cuma dia agak malu saja tiap ketemu,happy,0.17
tapi walaupun ada scene ai di rumah sakit rating malah turun karena setiap scene ada sih jessi yang muncul jadi pindah chanel tiep dia muncul lebih baik ku lihat konflik perebutan reyna walaupun harus emosi juga lihat tingkah kuyang tapi ketimbang aku lihat sih jessica,angry,0.92
aku boleh suka sama orang lagi takut dibilang sasimo,anxious,0.74
sini kak ke saja,neutral,0.34
hari ulang tahun bukannya bahagia malah sedih dari sekian banyak teman yang mengucapkan cuma,sad,0.58
lupakan saja kawan on time bukan budaya kita aku iya begitu kalau tidak ontime hati gelisah pas ontime sepi,neutral,0.34
rasanya sedih banget akhir akhir ini banget asli sama dia,sad,0.59
klik pesan ayam bakar lewat,neutral,0.29
lelah sama keadaan sekarang banget asli tadi pagi sama dia,sad,0.84
baim orang kaget menemukan banyak ular di rumahnya,anxious,0.82
masih susah pindah on dari kejadian itu jujur saja di kampus sendiri,sad,0.84
sebenarnya lagi gelisah sedikit soalnya tadi sekolahku banyak yang positif tapi overall baik baik saja kook hbu,anxious,0.78
asyik permainan emosi dimulai yang bermain dan terlibat ngeri ngeri sedap siap menyiapkan pukulan tangkisan indikasi sih positif melawan hukum cuma upaya mencari keringanan saja tamatlah sudah karier yang didapat dengan cara enggak berkah,anxious,0.75
tidak ada waktu apa takut ada mata ww,anxious,0.78
sender suka banget member di era era di bawah ini sehenernya ini pilihan yang sulit mengingat semua member pada cakap di era apapun itu lucu kalau versi kalian bagaimana nih,neutral,0.29
cerah banget,happy,0.1
akhir minggu ini seru banget tapi ya sudahlah di rumah sama teman kantor,happy,0.16
saya mau marah banget bacanya ya allah masih pagii ini emosi saya di uji mulu perasaan,angry,0.87
marah banget karena pekerjaan berantakan sumpah di kantor,angry,0.71
saya masih sedih sudah difb base rh tetapi gue tidak bisa mengirim arghh benaran saya lebih memilih untuk tidak apa apa keunfoll sendiri driada harus cari folls diakun ini akun teraman,sad,0.63
khawatir sama kondisi sekarang di kantor sama teman kantor,anxious,0.86
gila malu banget lah,anxious,0.82
oh my god finally ada kabar baik pagi ini jimii sayang kuat banget hebat banget bangga sama jimii sekarang banyak ini istirahat dulu ya sayang mam yang banyak jangan cape semoga semakin cepat pulih kesayangan lulls,happy,0.16
memang kehilangan member saja sakit hatinya luar biasa,neutral,0.22
ih enak banget have fun ya,happy,0.18
sedih banget ajjiirr tetapi happy akhir sih,sad,0.72
sikap terbuka lembar menyenangkan hasil penelitian washington state universitas wsu pullmanas menunjukkan sikap tbk dapat mencipta kan perasaan positif mereka yang berperilaku tbk juga lembar menyenangkan teliti memiliki emosi stabil sebabnya mereka tidak terbatasi oleh tekanan luar media indonesia,neutral,0.32
malam ini kepikiran terus jadi sedih hari ini di kampus sama keluarga,sad,0.58
lelah sama keadaan sekarang tapi ya sudahlah di kantor,sad,0.82
akhir minggu ini seru banget serius tadi pagi sama dia,happy,0.07
orang itu bikin emosi banget sih sama teman kantor,angry,0.94
hari ini berat banget dijalani sumpah di kampus sendiri,sad,0.7
hari ini berat banget dijalani lucu waktu malam sama dia,sad,0.84
sebenarnya malas bbgt saya itu kalau bikin persona seolah saya biasa saja sama newwie padahal nya adalah gila banget akwkwawkkawkaw,happy,0.18
kenapa sih harus bikin masalah terus dari tadi kepikiran sama teman kantor,angry,0.85
anonim pak dok ava nya colongan biasa mancing keributan tidak usah dlayanin,neutral,0.28
gue sedih banget,sad,0.53
makasiih iya ya ampun kaget banget,happy,0.15
sepertinya saya mati rasa tidak deng bukan mati rasa cuma belum pindah on saja makanya dibuat bawa perasaan tidak bawa perasaan bawa perasaan awalnya ditinggikan terus sekarang dijatuhkanpun tidak merasa sedih juga,neutral,0.22
banguna buka livescore manu kalah biasa,neutral,0.22
orang itu bikin emosi banget jujur saja waktu malam sendiri,angry,0.88
polos banget kamu v ada yang hate kamu malah kamu anggap bercanda benar tidak menyangka masih saja ada yang tidak suka sama orang baik seperti ini,angry,0.97
iya iyaang mau reply biasa saya kong tapi saya tag bapak adek takut anu nanti,anxious,0.75
jadi malu tapi seru lucu lucu,happy,0.2
kamu berdua bego tidak usah berebut,angry,0.9
aku cuma ingin istirahat sebentar dan kepikiran terus bareng teman sama teman kantor,sad,0.6
memang lebih baik sih baby bahagia sama yang lain karena dasarnya saja sejak tahun yang lalu pas sih om lupa ingatan sih om sudah hilang rasa kan sama baby drpda di paksa mending baby sama yang lain saja yang benar tulus sih om juga sudah menemukan bahagia a yang lain kan,happy,0.05
bodoh itu adalah xixi,happy,0.05
bingung dan takut ambil keputusan lucu waktu malam sendiri,anxious,0.89
enak dong,happy,0.01
dapat kabar baik dari keluarga tadi pagi jujur saja di rumah sama dia,happy,0.2
hari ini berat banget dijalani banget waktu malam sama keluarga,sad,0.85
hanya orang orang bodoh saja yang masih mengagungkan seseorang yang tak tau kerja,neutral,0.24
merasa sendirian akhir akhir ini waktu malam sama dia,sad,0.76
paling enak jadi orang yang kalem,happy,0.13
bingung dan takut ambil keputusan padahal sudah coba santai waktu malam sama teman kantor,anxious,0.77
bingung dan takut ambil keputusan lucu di rumah sendiri,anxious,0.79
beberapa orang menangis bukan karena sedih tapi karena fyp tiktok isinya momen earthmix,neutral,0.29
bingung dan takut ambil keputusan dari tadi kepikiran sendiri,anxious,0.71
buat kali ini saya tidak mengerti sama jalan pikira kamu gar yang jelas jelas vara lagi hamil goblok dan satu lagi buat kamu zara saya tau kamu kaget kecewa sama kakak kamu tetapi dia lagi hamil anjritt dan kamu tak tau alasan kenapa kakak kamu melakukan itu semua anjing emosi banget saya,angry,0.93
becek sedikit enak kok,happy,0.09
huahh benci covid banget semoga berhenti di jimin tidak ada jungkook dan juga taehyung no god please,angry,0.87
akhir akhir ini cemas terus banget asli pas perjalanan,anxious,0.76
betoii ustaz saya setuju kalau dan dengan saya memang takdak lah saya layan baik dulu kan orang tua kata uji kesabaran lelaki buat dia marah buat kasar pasti tengok dia bersabar kakak indak kalau bersabar dan setia tunggu kita jangan lepaskan dia lulus kahwin saya ikut,neutral,0.22
dok hari ini sendiri ya perawat gigi nya libur lah pantas kok jam segini masih sepi,neutral,0.2
saturasi kamu di atas kan iya saya mau tes maju mundur takut semoga kamu cepat sembuh istirahat yang banyak jangan banyak pikiran,neutral,0.38
begitu bangun dapat kabar baik dari jimin,happy,0.0
spill saja mint,neutral,0.26
twrpantau belu malu,anxious,0.9
khawatir sama kondisi sekarang lucu di kantor sama dia,anxious,0.79
sepanjang perjalanan hidup ini terlalu banyak perkara aku lalui banyak juga kenangan yang telah tercipta aku harap di masa akan datang aku hidup lebih bahagia,happy,0.09
geram banget sama pelayanan tadi hari ini tadi pagi sama teman kantor,angry,0.83
psi walau di benci tapi mengalami kenaikkan elektabilitas mungkin karena progres nya terlihat jelas oleh publik,neutral,0.27
lelah sih tapi puas hasilnya bagus sih pas perjalanan sendiri,happy,0.06
salah satu sudut bibirnya kembali tertarik ke atas membuat senyum tipis terpatri pada paras tampan miliknya dengan penuh semangat ia melanjutkan bait dari lagu anak sekolah ini tiap kali kamu bermanja gemetar rasa di dada ingin kubisikkan cinta tapi hati ini malu jadinya,neutral,0.39
dia siap kata kalau alter perkataan kena sign tepi itu halo aku ke yang kena sign tanya lah front hang apesal aku lak yang diragukan nasib kali kena carut aku dahlah aku marah betul kalau orang spoil suasana hati aku pepagi,angry,0.99
lucu wkwk memang kamu punya agama benci banget sama yang berbau islam begitu,angry,0.89
tapi itu langitnya cerah,happy,0.0
ya ini satu nya pesan mama sama bapak sehari sebelum nikah jangan pernah mukul istri atau anak kamu nanti,neutral,0.29
a lucu kamu ini bisa saja karena tak ada kegiatan akhirnya aku berkebun saja jujur katarina malu,neutral,0.24
sebab itu kalau orang macam nih nak jalan aku buat kali tahu je selamba je jalan kamu kali deh hak nak halang jalan orang kecuali ambulans bodoh,angry,0.98
benci banget saya anjing sama kegiatan yang namanya bangun pagi,angry,0.86
ada dan pernah mengalami lebih baik memang diakhiri saja wkwq,neutral,0.37
cemas memikirkan masa depan banget di kampus sama dia,anxious,0.84
kadang saya sedih kenapa jadi orang yang kalau ada apa diampet dewe kan jadi mumet dewe,sad,0.56
baru bangun dapat kabar baik,happy,0.18
saya kalau pms sakit bel tetapi tidak mau minum obat takut ketergantungan sudah mencoba dikompres pakai air hangat enggak tadii,anxious,0.77
jelek banget sabtu mu semangat ya jangan lupa sarapan,happy,0.16
semangat cari duitnya,happy,0.06
semangat senpaii,happy,0.18
di taman nasional wasur kanguru kecil walabi yang biasa disebut saham relatif mudah ditemui perburuan tradisional yang sejalan dengan prinsip keberlanjutan diizinkan perburuan yang merusak jadi tantangan,neutral,0.27
merasa sendirian akhir akhir ini sih pas perjalanan sama teman kantor,sad,0.79
sabar ya mbak bingung mau berkata apa kalau aku pribadi jadi mbaknya akan marah besar sih,anxious,0.87
semangat thor pokoknya semangat,happy,0.06
senyum sendiri pas ingat kejadian tadi sih di kantor,happy,0.25
ketahuan deh biasa mencari di cari barnya,neutral,0.21
sepertinya harus cari teman lagi karena lini masa sepi sekali,neutral,0.37
masih susah pindah on dari kejadian itu serius bareng teman sama keluarga,sad,0.81
ada tidak sih yang semangat siap siap kemana begitu eh sampainya di sana jadi bdmd tak tau karena apa,happy,0.02
takut ditabok,anxious,0.89
akhir akhir ini cemas terus padahal sudah coba santai di kantor sama teman kantor,anxious,0.77
anginnya kencang banget takut,anxious,0.86
akhir akhir ini cemas terus agak random sih tadi pagi,anxious,0.98
kalau itu artinya cerdas bodoh selamanya pun aku tak keberatan uzumaki naruto,neutral,0.38
biasa di modusin kan,neutral,0.32
alhamdulillah dapat kabar baik,happy,0.15
sedih karena belum dapat kabar dari sayang,sad,0.75
alhamdulillah tidak jadi malu untuk kesekian kalinya,happy,0.17
oit bagaimana kabar kamu lucu,happy,0.01
kumpul keluarga relative wah sudah gede banget kamu sekarang hobinya apa saja mak gue oh sih ini suka banget baca relative wah iya kah pantas saja kacamatamu tambah tebal itu gue lucu iya tante also gue yang dibaca manga sama fanfiction smut tertawa habis,happy,0.09
sudah dikejutkan tanpa di bangunkan lagi kamar sudah sepi dan berangkat ke masjid sholikhah semunya anak ada perkembangan nih,neutral,0.31
akhir akhir ini cemas terus dan kepikiran terus pas perjalanan sama keluarga,anxious,0.96
wkwk ribet banget sudah paham kok di memaksa jadi tolol tidak paham aduh,angry,0.92
kalah menang dalam sebuah match hal yang biasa tapi manchester united ini lawak banget bisa bisanya kalah sama klub beda divisi adu penalti full skuad,neutral,0.29
nanti ya kalau lagi santai,neutral,0.37
bingung dan takut ambil keputusan sumpah di rumah,anxious,0.89
tidak enak rasanya,sad,0.68
satu hal lain yang kami rasa perlu untuk dibahas adalah sebuah agenda politik yang dihadirkan dalam plot film yang begitu kentara dan terlihat jelas dari awal hingga akhir film kami pribadi sih tidak terlalu ambil pusing dan lebih memilih menikmati filmnya saja,neutral,0.23
geram banget sama pelayanan tadi lucu tadi pagi,angry,0.8
diam adalah jawaban terbaik untuk menghadapi orang bodoh,angry,0.9
malam ini kepikiran terus jadi sedih banget asli di rumah sama dia,sad,0.64
aku sudah terbayang anak aku sedih tengok ryan,sad,0.64
belum menonton saja sudah sedih sedih tidak bisa baca judulnya kampret,sad,0.57
aduh benci ah last minit xnak hantar,angry,0.87
alhamdulillah jimin pagi yang baik kabar yang baik,happy,0.06
geram banget sama pelayanan tadi lucu di kampus,angry,0.86
akhirnya lolos interview kerja sih di rumah sama teman kantor,happy,0.14
bingung dan takut ambil keputusan tapi ya sudahlah waktu malam sama dia,anxious,0.83
anxious banget sebelum meeting tadi tapi ya sudahlah sama dia,anxious,0.8
simpang air hitam antrean kendaran normal dikeempat kaki simpang situasi arus lalu lintas lancar,neutral,0.34
sedih oi tolong,sad,0.76
kesal banget sama orang yang tidak tepat waktu banget asli di rumah,angry,0.9
bingung dan takut ambil keputusan serius bareng teman sama keluarga,anxious,0.79
tidak enak banget ini,sad,0.75
setelah putus sama dia tahun lalu kenapa aku masih saja dikasih mimpiin dia padahal memikirkan dia saja tidak lah kan kangen jadinya apa kabar ya dia sekarang dia pernah mimpi aku juga tidak ya,neutral,0.35
takut gagal di presentasi besok sih bareng teman sama teman kantor,anxious,0.82
tiap pagi sedih,sad,0.74
aku sedih nder,sad,0.73
malu memalukan punya teman kayak kamu idiot,angry,0.93
tidak ada yang menonjol semua biasa saja,neutral,0.23
suami menuntut istri taat tanpa suami menuntut pun agama sudah mewajibkan suami mengejar nafsunya sendiri itu jelas salah namanya hawa nafsu ya harus dikendalikan seolah jika tidak boleh berpoligami perzinaan ditanggung istri zinah ya zinah saja dosa suami,neutral,0.23
senyum sendiri pas ingat kejadian tadi sih di kantor,happy,0.15
deg degan menunggu hasil pengumuman banget asli di rumah sama dia,anxious,0.95
kalian apa bangsat,angry,0.91
setelah kemarin ditinggal snowdrop terus minggu sekarang ditinggal bulgasal minggu depan sepertinya bakal sepi banget tidak akan ada yang menemani malam mingguan lagi,sad,0.77
pasar lagi sepi,sad,0.77
takut gagal di presentasi besok padahal sudah coba santai pas perjalanan sendiri,anxious,0.91
kemarin kepalaku pusing terus badan greges jadi tidur saja pilihanku apakah sudah makan sebelum itu,neutral,0.26
mjb dipancing pakai lagu yang sedih saja,neutral,0.3
rata kalau cuma follow tidak ada deh yang pakai proof aku pribadi suka kasih karena biar tidak ke kelewat jeda waktu yang menit,neutral,0.38
geram banget sama pelayanan tadi jujur saja tadi pagi,angry,0.78
mandi air hangat pakai garam enak juga ya langsung freshh ke badan,happy,0.02
haloo my lovely jejee gue tidak apa apa kok lucu kamu juga semangat ya,happy,0.19
rasanya sedih banget akhir akhir ini agak random sih di kampus sendiri,sad,0.81
dan yang booster bisa jadi orang yang tidak bodoh dan ekonominya tidak pas pasan jadi tidak ada masalah buat swab jadinya ketahuan positif deh,neutral,0.23
halo pagi pagi enak nya jajan di ada nih langsung proses langsung copy paste fast seperti burok trusted legal bergaransi payment all e wallet qris direct message a,neutral,0.35
sudah banyak masyarakat yang tau gerak gerik pembohong penjual dalil sih bangsat provokator hem pemecah belah anak bangsa memang polisi seharusnya sgr menjebloskan bui bajingan jnj,angry,0.99
aku selama dapat nilai tidak remidi disyukuri saja,neutral,0.2
fomo adalah singkatan dari fear of missing out yang berkaitan dengan sebuah perasaan yang takut tertinggal atau ketinggalan karena tidak mengikuti sebuah aktivitas atau tren tertentu,neutral,0.31
mau menangis yedam sunu i did itu benar tidak menyangka sama sekali dapat hasil segini karena memang ujian akhir semester kemarin putus asa banget takut tidak sesuai harapan dan bikin orang tua kecewa,sad,0.65
lelah menghadapi orang yang egois banget waktu malam sama dia,angry,0.66
bisa bisanya mark tidak calling saya marah,angry,0.88
selamat pagi jangan pada kecewa ini wiken lah,neutral,0.27
mu tersingkir di fa cup jangan bercanda deh kalau memberi kabar itu ah,anxious,0.87
boleh berbicara bangsat tidak sih masih pagi sudah emosi jiwa,angry,0.86
markf semangat ke lagi buat mencapai target we can di itu kok yuk semangat,happy,0.14
geram banget sama pelayanan tadi sumpah di rumah sama keluarga,angry,0.93
senyum sendiri pas ingat kejadian tadi hari ini sendiri,happy,0.17
cemas memikirkan masa depan sumpah di kampus,anxious,0.88
aku benci kenapalah korg tepuk masa nih hoi,angry,1.0
benci banget,angry,0.87
kalian yang sudah b ster efeknya bagaimana saya masih lama sih jadwalnya cuma kok saya takut mau ambil b ster saya pikir b ster efeknya lebih horor dari yang pertama,anxious,0.88
warded lagi ke muka sedih je,sad,0.73
mbl mbl murah banget loochh ayo guys join go miracle suka dari p jajan murah sekali rd sering open sh ring merch juga dan sekarang lagi open tabungan buat coba bangtan tabungan mulai ke saja guys yuk gas join link di rep ya,neutral,0.36
hari ini produktif dan suasana hati bagus dari tadi kepikiran di rumah,happy,0.08
mana struknya sudah dibuang lagi bego banget gueh,sad,0.77
iya aku lihat ini di berita sedih banget bapak e menangis,sad,0.71
bingung dan takut ambil keputusan padahal sudah coba santai di kantor sama dia,anxious,0.8
di kompleks aku juga begini kakek jual lap pel memelas cerita sedih aku kasihan dong aku beli dengan harga mahal eh besoknya dia begitu lagi garang banget jadi aku marahi terus kabur ada nenek pengemis begitu juga tiap hari aku kasih duit kasih makanan ketemu di indoapril lagi menukar duit juta hari,angry,0.91
kalau ibu sakit ya ibu tetap harus siapkan makanan dan lain lain dan lain lain walau pakai delivery order segala macam semangat ya bu,happy,0.01
biasala pagi pagi aku merampus mask pon boleh jadi punca aku marah sudah itu nak merembat mask putih walhal itu untuk pergi kerja,neutral,0.24
enggak boleh marah nanti cepett tua,angry,0.95
merasa sendirian akhir akhir ini agak random sih tadi pagi sendiri,sad,0.6
wah iya takut nih yang satu tim sama mas,anxious,0.76
sudah sabar tapi masih dibohongi lucu di kantor sama dia,angry,0.74
merasa sendirian akhir akhir ini banget asli di kampus sendiri,sad,0.67
idih nuning kabur dari space kakak ciba takut ya,anxious,0.73
akhir minggu ini seru banget hari ini di rumah sama dia,happy,0.08
kali suka seseorang dan orang itu suka orang lain berturut turut sedih amat hidup saya,sad,0.69
dulu kesannya lama banget waktu awal early suka sama nih cowok cuma ada acc doang yang isinya screencaps mark begini,neutral,0.27
kenapa saya bego banget sih,sad,0.75
kehilangan semangat buat kenapa apa di kampus sama keluarga,sad,0.81
senang banget hari ini ketemu teman lama bareng teman sama keluarga,happy,0.19
takut tambah dewasa,anxious,0.72
masya allah awalnya saya suka dengarkan lagu lagu klasik begitu pas menjelang mau tidur tapi terus teman saya bilang bagaimana kalau kamu meninggal nanti disetelinnya korea pop bukan al alquran takut saya,anxious,0.75
lelah menghadapi orang yang egois sumpah bareng teman sama keluarga,angry,0.76
rasanya kosong saja hari ini tapi ya sudahlah di kantor sama dia,sad,0.74
sih tidak bisa santai kalau pakai blush sampai jengkelan,neutral,0.23
pagi pagi sudah dapat kabar saja dari teman antara sedih dan bahagia tetapi banyak sedihnya sih,sad,0.61
takut kalau hasilnya jelek jujur saja sama teman kantor,anxious,0.97
kesal banget hari ini bareng teman sama keluarga,angry,0.76
gs astra menjadi pilihan utama oleh hampir seluruh produsen kendaraan bermotor di indonesia oem quality jadi jangan ragu untuk membeli produk di gs astra ya,happy,0.1
jangan kencang nanggepinya bagi akun cuma pengikut adalah biasa reply idiot begitu akwoakwokw,happy,0.13
sudah sabar tapi masih dibohongi banget pas perjalanan sama teman kantor,angry,0.82
kakak ku pernah bigwin di salah satu host tidak indonesia dan itu pertama kali dia senang banget,happy,0.06
saya dicegat sama dia firasat saya sudah tidak enak nih sumpah dia bilang saja saya kangen sama kamu saya kaget dong anjritt saya diam kayak orang bego sumpah terus dia langsung pergi begitu saja meninggalkan saya yang lagi cengo,happy,0.17
kalau gigit bibir termasuk tidak sih kak kaya aku kalau lagi emosi lagi sedih itu bawaannya gigit bibir bagian bawah sampai rasanya kebas begitu pernah saking kencengnya takut sobek,neutral,0.39
marah banget karena pekerjaan berantakan sumpah di kantor sama dia,angry,0.86
halo halo kenalan dulu yuk sama darion main fc aku jungkook nih dan kurang lebih mengerti dan paham banget lah sikapnya jungkook mau jungkook versi baby atau versi talented bisa banget aku sendiri orang yang talktive dan bubbly kalau chat flirty manja dan suka pampering partner,neutral,0.37
negara kita negara demokrasi saling menghormati lebih penting nur wahid takut banget sama namanya museum,anxious,0.85
nesv solusi penghilang keputihan perapat miss v pesan pin di sih di wa,neutral,0.39
emosi lihat komentar orang tadi tapi ya sudahlah di rumah sendiri,angry,0.87
benar banget jaman sama dulu ada lagi teman yang suka begitu mana dia bangga banget habis menipu demi bantuan di depan saya padahal tinggalnya di kompleks perumahan yang bagus mau marahi tapi asyudahlah dianya juga tidak ada kesadaran,angry,0.9
aku cuma ingin istirahat sebentar sumpah sama dia,sad,0.84
glad tapi know that semangat sender itu tiap semester sudah ada peningkatan bagus banget semoga dilancarin skripsinya ya,happy,0.07
kecewa banget sama hasilnya dan kepikiran terus pas perjalanan,sad,0.71
bisa langsung direct message aku ya fee ke saja bayar akhir testimoni on pinned,neutral,0.25
sudah sabar tapi masih dibohongi dan kepikiran terus di kantor,angry,0.78
malam ini kepikiran terus jadi sedih agak random sih di kantor sama dia,sad,0.6
malam ini kepikiran terus jadi sedih padahal sudah coba santai di rumah sama dia,sad,0.82
panik banget tadi twitter gue tidak bisa di buka,anxious,0.71
pagi ibuk semangat menjalani harinya,happy,0.19
aku cuma ingin istirahat sebentar dari tadi kepikiran waktu malam sama dia,sad,0.58
semangat semangat lucu hihi,happy,0.05
itu tukang sate bego amat ya kenapa memang masa bara api dikipasi sampai mampus juga tidak bakal dingin,angry,0.99
kenapa sih harus bikin masalah terus dan kepikiran terus waktu malam sendiri,angry,0.69
semangat ya tidak apa apa kok lama dari pada kamu yang lelah cemas jam tidurnya berkurang menyenangkan orang lain itu bagus tetapi lebih bagus lagi menyenangkan diri sendiri dulu okaayy,happy,0.04
rasanya kosong saja hari ini pas perjalanan sama keluarga,sad,0.72
akhirnya tugas selesai juga lega banget di rumah sama keluarga,happy,0.21
normal lah itu aku kena reject,neutral,0.21
semangat hati hati di jalan meii,happy,0.17
kecewa banget sama hasilnya lucu pas perjalanan,sad,0.83
sudah tak sepurokan,neutral,0.33
kecewa banget sama hasilnya agak random sih,sad,0.75
itu mah suster pak eh bapak apa kabar,neutral,0.29
hufftt bismillah bismillah semoga kumanan dina niki periksane pun panik mik pun panik katah sholawat mawon,anxious,0.89
orang itu bikin emosi banget dan kepikiran terus,angry,0.71
aku mengganti handukku kalian ingin tahu merek handukku nanti saja lucu apa ini bisa dijadikan konten lucu baiklah selamat malam untuk hari ini,neutral,0.26
masih susah pindah on dari kejadian itu hari ini waktu malam sama teman kantor,sad,0.85
terima kasih ya sudah bikin hariku lebih baik lucu di kampus,happy,0.24
kemarin dia follow akun saya pakai yang satunya tetapi direct message saya tidak dibalas setan sedih,sad,0.64
merasa sendirian akhir akhir ini lucu di kantor sama dia,sad,0.72
ini orang kayaknya suka banget sama bruno mars,neutral,0.25
halo mas jnt terima kasih sudah mengantarkan paket kesayangan saya tapi nama saya double r,happy,0.15
aku cuma ingin istirahat sebentar tapi ya sudahlah di rumah sendiri,sad,0.84
jangan lupa mengingatkan sayang buat napas takut lupa malah repot,anxious,0.76
dengan beredarnya video ini semoga media online televisi atau cetak pada stop tidak usah memberitakan koronal koronol omrica omricon mercon lagi biar semua kembali normal karena kuncinya itu ada di berita,neutral,0.3
deg degan menunggu hasil pengumuman dan kepikiran terus di rumah sendiri,anxious,0.82
kamu mengerti tidak drun dia sedang menjalankan kerja sebagai anggota dewan yang dapat hak impunitas kadrun bego banget sih kalau sih edi mulyadi sudah jelas menghina luar biasa merendahkan dengan menyebut kata binatang dan setan kamu kamu begitu dong saja tidak mengerti drun,angry,0.95
banget kalau gue slr dan cuma bisa balas seadanya dan contact person gue marah atau sebal wajar sih itu gue merasa bersalah,sad,0.69
selain kecewa gue juga agak heran eib ini dari awal banyak saja yang nimbrung baik yang sok paham tidak sesuai konteks dan lain lain mulai dari persoalan gaji volunteer dan sebagainya sampai akhirnya eib dihentikan tapi itu si oke gue salut sama sikap sebagai penikmat karyanya,neutral,0.23
baru kali ini tidak keluar rumah beberapa hari gara gara tidak enak badan hari sebelumnya karena menganggur,sad,0.52
senang banget hari ini ketemu teman lama lucu bareng teman sendiri,happy,0.07
ya ampun aku ikutan sedih,sad,0.76
kenapa sih harus bikin masalah terus sumpah bareng teman sama teman kantor,angry,0.78
aku cuma ingin istirahat sebentar tapi ya sudahlah di kantor sama keluarga,sad,0.8
anjir ini akun gila bego dongok bikin saya kaget saja,angry,0.99
kesal banget sama orang yang tidak tepat waktu banget tadi pagi sama keluarga,angry,0.83
banyak yang kecewa sama desainnya ayangto karena beda banget sama fanart yang ada,sad,0.77
pagii semangat juga ya,happy,0.03
marah banget karena pekerjaan berantakan bareng teman sama keluarga,angry,0.7
ta tapi aku biasa tidak di aduk takut tidak enak,anxious,0.82
lupa banget caranya menangis kadang biar menangis saya pancing pakai menonton film sedih tetap saja susah bagaimana ini ya takut sistem air mata sudah tidak bereproduksi lagi,sad,0.52
takut,anxious,0.83
kamu sedih kamu sudah kena prank lmao,happy,0.15
kan apa kabar ya yang lain hilang hilang,neutral,0.3
semangat aktivis rpw,happy,0.15
lah itu adalah kesntuh semua sarafnya stres sedih marah frustasi cemas mual tegang langsung bablas hilang mana cantik banget genggamannya,neutral,0.33
akhirnya lolos interview kerja jujur saja waktu malam sama keluarga,happy,0.16
hujan terus enak,happy,0.0
alhamdulillah pagia dapat kabar baik,happy,0.04
anxious banget sebelum meeting tadi lucu pas perjalanan sama teman kantor,anxious,0.82
pagi bang semangat dewan masjid indonesia sebuah perubahan dengan tindakan jauhi nato not action membicarakan only,happy,0.12
malam ini kepikiran terus jadi sedih banget di rumah sama dia,sad,0.6
pagi sudah dapat kabar baik banget alhamdulillah banget sih,happy,0.09
bila menyampah jealous tapi tak benci camni lah,neutral,0.33
tadi waktu mau berangkat ke sekolah kan harus salim dulu kan sama orang tua terus tadi mau salim ke ayah tapi katanya sudah sana berangkat saja jadinya cuma salim ke mama sumpah kayak kenapa susah banget tinggal julurin tangan doang tadi diperjalanan pikir keras sambil menahan tangis,sad,0.75
akhirnya lolos interview kerja lucu pas perjalanan sama dia,happy,0.26
walau tubuh lelah dan lisan tengah marah tetaplah berdoa sebab tuhan melihat tengadah kita yang pasrah dan hati yang ikhlas dalam mengharap kepada nya walau aktivitas kita menggunung indihome selalu menemani untuk urusan online nya,neutral,0.35
banyaknya petani yang tersebar di seluruh indonesia menteri badan usaha milik negara gagas program energi tani et dengan tujuan membumikan semangat bertani sehingga para petani menghasilkan produk produk pertanian secara mandiri,neutral,0.24
hari ini berat banget dijalani agak random sih di rumah sama keluarga,sad,0.68
kenapa sih harus bikin masalah terus banget sama dia,angry,0.82
nih biar lebih semangat,neutral,0.26
kamu tidak lebih dari orang iri yang kebetulan tolol,angry,0.96
khawatir sama kondisi sekarang lucu bareng teman sama keluarga,anxious,0.84
coba dengar yang good riddance give me novacaine sama stay the night itu juga enak,happy,0.11
lini masa saya sepi banget sudah,sad,0.77
pagiku cerah ku market ku hijau hijau,happy,0.13
masih semangat retwit enggak,neutral,0.22
cayy jangan lupaa makan siang ya jangan malu malu untuk jbjb,anxious,0.75
terima kasih ya sudah bikin hariku lebih baik padahal sudah coba santai di rumah sama dia,happy,0.3
marah banget karena pekerjaan berantakan banget asli,angry,0.94
my baru bangun terus buka handphone dan dapat kabar kayak begini senang banget ya ampun,happy,0.13
aku langsung mencoba nder ini pakai minyak telon doang sih wah luar biasa,happy,0.02
akhir akhir ini cemas terus lucu sendiri,anxious,0.96
pagi dapat kabar baik tentang jimin,happy,0.09
akhir akhir ini cemas terus serius waktu malam sama dia,anxious,0.75
walaupun bukan bagian fandom tetapi tiap ada member boy girlgrup keluar itu rasanya ikut sedih,sad,0.64
ini belum mulai direct message sudah mules takut di blok,anxious,0.81
pagi membuat emosi juragan,angry,0.96
kehilangan semangat buat kenapa apa lucu sama keluarga,sad,0.58
selamat pagi pak deh tetap semangat dan sehat selalu,happy,0.05
jangankan fandom lain orang orang fandom mereka yang malu sama kelakuan circle ini saja tidak di dengarkan lucu kalau sakit psikis better bawa ke psikiater sih,neutral,0.26
fokus dengan apa yang bisa kita kendalikan saja,neutral,0.34
emosi lihat komentar orang tadi serius tadi pagi sendiri,angry,0.77
aku enggak paham kondisimu waktu kamu mencari aku buat bincang mengobrol kayak biasanya itu kayak apa dan bego nya aku malah ceng ini kurang kerjaan kasihan maaf banget aku tak tau kamu bakal semarah ini maaf banget benaran aku tidak ada maksud buat begitu aku cuma bercanda kayak biasanya begitu,sad,0.72
iya sih tapi ciwi ciwi ini agak naik turun jadi kita saling takut,anxious,0.76
pasti atuh apalagi lagi musim begini tidak itu radang biasa tidak apa apa makan buah an yang banyak aku baru sembuh kemarin begitu juga huhu,neutral,0.27
cemas memikirkan masa depan serius pas perjalanan sama keluarga,anxious,0.96
pacarku suka hilang ilangan tanpa kabar dan kadang ngilangnya bisa seharian begitu nah sekarang dia juga menghilang lagi sudah hari kalau aku meminta putus begitu aku berlebihan kah jujur aku sudah lelah banget tapi aku masih sayang,sad,0.66
semangat para atm wlm,happy,0.1
takut tetapi berusaha menenangkan diri,anxious,0.87
deg degan menunggu hasil pengumuman bareng teman sama dia,anxious,0.96
kesal banget sama orang yang tidak tepat waktu dan kepikiran terus di kampus,angry,0.74
kecewa banget sama hasilnya banget asli di rumah sama dia,sad,0.62
makan favorit hari ini bikin bahagia banget asli pas perjalanan sama dia,happy,0.05
entar paket saya yang rembes hujan kemarin datang dan saya diminta unboxing depan kurir terus bakal di memvideo kan saya malu ya,anxious,0.84
lelah sama keadaan sekarang tapi ya sudahlah pas perjalanan sama keluarga,sad,0.74
suka tidak selalu berarti cinta bisa saja rasa kagum,neutral,0.32
geram banget sama pelayanan tadi banget asli tadi pagi sendiri,angry,0.92
terima kasih ya sudah bikin hariku lebih baik padahal sudah coba santai tadi pagi sendiri,happy,0.27
kecewa banget sama hasilnya sih pas perjalanan sama dia,sad,0.57
ketika dokter pembimbing demanding suka bertanya tetapi dia baik banget,happy,0.1
semangat okeyy,happy,0.1
kecewa banget sama hasilnya dari tadi kepikiran sama keluarga,sad,0.76
kecewa banget sama hasilnya lucu waktu malam,sad,0.76
heran banget sama orang orang yang suka nunda pekerjaan tanpa alasan,angry,0.87
benar banget aku baru suka khh sekitar bulan ini dan mulai mendalami dan segi rapper dan agensi mereka but kamu know tunggu agensi aomg dan h ghr musik yang di pegang dan di kelola jaebom benar hebat dan di isi segudang prestasi artis nya,happy,0.08
takut gagal di presentasi besok jujur saja di kampus,anxious,0.85
bingung dan takut ambil keputusan hari ini waktu malam sama teman kantor,anxious,0.85
pasti bingung kaget wakilnya seperti biasa sedangkan enggak benarnya sedang kampanye mimpi mencalonkan presiden,neutral,0.37
md nya juga tolong jangan lupa dibacain takut meriang membutuh kan kasih sayang,anxious,0.8
kehilangan semangat buat kenapa apa lucu di kantor sama teman kantor,sad,0.84
jadi diri sendiri itu tidak mesti malu dijudge itu hal yang biasa hidup harusnya jadi milikmu bukan milik omongan orang lain salshaabilaa,neutral,0.36
tolong jangan benci fany fany baik baik kok tidak makan orang kok,angry,0.95
senyum sendiri pas ingat kejadian tadi dari tadi kepikiran tadi pagi sama dia,happy,0.09
sch ini caranya bagaimana ya biar teman teman ekstrakurikuler tidak pakai kelas sender buat jadi ruang pertemuan sudah ditegur sama wali kelas sender masih bebel banget mana kalau pakai itu suka tidak izin terus kelasnya dikotorin lagi sama kipas tidak dimatiin lagi kesal lihatnya,angry,0.94
sekarang masih begitu tidak kakak sedih banget,sad,0.74
ralf rangnick di babak pertama kami seharusnya dengan mudah dapat unggul gol dan babak kedua kami juga memiliki peluang kami seharusnya memenangkan pertandingan di waktu normal melalui adu penalti kami tahu apa pun dapat terjadi,neutral,0.32
apa kabar ya pak mukamu din a,neutral,0.29
astaga sedih banget denise itu favorit banget sudah suaranya,sad,0.65
bismillah yuk semangat pagii,happy,0.11
kayaknya masih sepi ya apa lanjutkan snowdrop dulu,neutral,0.28
manusia normal ingin menjadi anime,neutral,0.2
kecewa banget sama hasilnya lucu di kantor sama teman kantor,sad,0.57
kenapa nak hasut orang tak vaksin pasti bangga sangat bila orang vaksin takut nak cerita side effect kat dia,anxious,0.74
kehilangan semangat buat kenapa apa sih sama keluarga,sad,0.58
tinggal like saja kan bisa kok marah sih,angry,0.87
baik lah begini contoh yang baik nanti saya bagi upeti ya diam diam saja,neutral,0.36
carasun ini enak juga ya jadi sunscreen mana dapat ukuran mlnya lagi sok worth itu,happy,0.02
sudah sabar tapi masih dibohongi lucu bareng teman sama teman kantor,angry,0.78
jangan bodoh tidak boleh kena umpan,angry,0.91
pagi ruby apa kabar,neutral,0.37
semangat vancaa,happy,0.09
sedih membaca isi twit anda macam tak ada isinya dan amehnya anda menikmati semua komen di lapak anda ini,sad,0.56
emosi lihat komentar orang tadi padahal sudah coba santai di rumah,angry,0.94
berteman sama orang bodoh bakal ikut bodoh bahkan jadi bebal itu sangat tepat tks,neutral,0.39
apakah kamu juga harus berbuat hal yang sama pada orang lain meskipun orang itu tak bersalah padamu hanya untuk mendapat perhatian dan balas dendam sih mon hal tersebut justru hanya akan tambah membuatmu semakin dibenci dan dijauhi cobalah belajar untuk menahan emosi dan perkataan,angry,0.86
eitss jangan marah marah mom nanti asi tidak keluar,angry,0.9
tiap wtm dan menunggu lta satu sisi sih fmc nya juga sudah ganti jadi kali tidak sabar tapi ya takut dan wuaduu,anxious,0.71
dari film aku kira kamu rumah misal kalau kalian ada gejala yang diantaranya suasana hati suasana hati berubah drastis marah yang terlalu meledak nglempar barang pas emosi sejenisnya itu bisa jadi ada tanda yang harus di priksakan konsultasikan sama ahlinya sok be aware ya,neutral,0.25
dia memang begitu aku juga greget gemas lembut banget di rl tapi kalau lihat film dramanya kaget sekeren itu,happy,0.02
bingung dan takut ambil keputusan lucu bareng teman sendiri,anxious,0.86
inilah contoh orang yang belum siap bersosial media ya begini nih sudah close minded racist bodoh attitude tidak ada,angry,0.9
sumpah bikin emosi saja pagi pagi,angry,0.97
anxious banget sebelum meeting tadi serius di kampus sama dia,anxious,0.85
sedih kenapa bub aku,sad,0.61
kepikiran banyak hal sampai susah tidur jujur saja sama dia,anxious,0.71
cinta memang rumit dan menguras energi jiwa raga hati hidup gue,sad,0.63
geram banget sama pelayanan tadi banget,angry,0.86
sedih tengok orang argue pasal islamic financing menindas dia sama saja ada lah beberapa manfaat untuk orang islam tapi pada dasarnya sama saja cuma ditukar ke term arabic sikit total pembayaran balik sama hampir sama saja dengan konvensional punya benda cari makan,sad,0.72
hari ini berat banget dijalani tapi ya sudahlah bareng teman sama teman kantor,sad,0.69
masih susah pindah on dari kejadian itu hari ini pas perjalanan sama teman kantor,sad,0.68
hai bagaimana kabar,neutral,0.28
masih susah pindah on dari kejadian itu banget bareng teman sendiri,sad,0.62
cerah ya,happy,0.15
sadar tidak kadang suatu yang kita genggam bisa hilang begitu saja bunda,neutral,0.4
ini saya tidak tau harus sedih atau tertawa semangat mbarnim semoga bisa kembali lagi hubungannya,sad,0.51
aku biarkan hujan mengurai rindu agar tak pekat salahku mencampur rindu dengan sepi hingga terkecaplah pahit yang nelangsa,sad,0.78
misuhku caraku mengekspreksikan emosi,neutral,0.37
tidak tau saya tidak mengetes asjckskdkgjahajdjfa tapi sejujurnya kalau benaran pun tidak kaget soalnya memang lebih parah dari biasa,neutral,0.37
lagi mau tanyakan kabar tapi takut ganggu,anxious,0.7
jia lucu biasanya yang curhat cewek dimedsos lagi kasihan istrinya yang menanggung malu di kampung,anxious,0.75
dapat kabar baik dari keluarga tadi pagi lucu bareng teman sama dia,happy,0.12
dulu untuk jadi ustaz di pesantren ya harus sudah mumpuni dalam bidangnya bukan siapa saja boleh tidak kayak sekarang banyak sesat,angry,0.88
lucu apa itu kan sudah bangkotan bodoh pula,angry,0.9
simpati itu teman dan dendam itu musuh kogoro mouri,neutral,0.37
kalau posisinya kayak sender gue biasa saja sih soalnya dia juga sudah jelaskan kan baru lihat linenya kan tidak semua orang sudah tau line kamu nder dia juga bilang maaf jadi buat gue itu biasa saja sih,neutral,0.36
akhir akhir ini cemas terus serius di kampus sama keluarga,anxious,0.83
rasanya sedih banget akhir akhir ini agak random sih tadi pagi,sad,0.67
kecewa paling mendalam itu ketika dalam hati cuma bisa bilang oh ya sudah cukup tau saja,sad,0.71
enak banget lord,happy,0.06
semangat nidaa,happy,0.15
kaget anu anu jangan tanya saya,anxious,0.8
jadi tidak suasana hati buka twitter bawaannya jadi sedih,sad,0.66
sudah mau tanggal februari tolong jangan aneh aneh ya pas valentine day soalnya gue tidak suka sama scorpio tolong banget nih,anxious,0.84
bos ada f yang mau ditemani pagi enak direct message yuk sini saya sama ada di like itsyourfriend,neutral,0.32
cemas memikirkan masa depan banget asli sama keluarga,anxious,0.9
bubarkan saja tidak sono manfaate apa kontribusi kerja negara edan,angry,0.87
sedih banget gila denise,sad,0.74
kenapa sih harus bikin masalah terus hari ini pas perjalanan sama dia,angry,0.95
kehilangan semangat buat kenapa apa tapi ya sudahlah di kampus sama teman kantor,sad,0.7
abang mantannya gemini ya emosi kali kayaknya,angry,0.9
orang itu bikin emosi banget banget tadi pagi sama keluarga,angry,0.8
khawatir sama kondisi sekarang tapi ya sudahlah,anxious,0.73
aku rasa miiko adalah satu nya orang yang tak bisa bikin tappei marah yukko,neutral,0.29
rasanya ingin marah terus banget asli di rumah sendiri,angry,0.9
sedih banget dia dapetnya kacang garuda,sad,0.61
merasa sendirian akhir akhir ini sumpah waktu malam sama teman kantor,sad,0.73
yay menonton sendiri lebih enak,happy,0.08
rasanya gugup terus hari ini hari ini tadi pagi sama teman kantor,anxious,0.9
puas banget,happy,0.15
hari ini produktif dan suasana hati bagus hari ini di rumah sama keluarga,happy,0.12
susu yang biasa ku minum dymatize mau,neutral,0.3
tangis,sad,0.74
hari ini berat banget dijalani banget asli tadi pagi sama keluarga,sad,0.8
hari ini produktif dan suasana hati bagus agak random sih bareng teman sama dia,happy,0.17
akhir minggu ini seru banget sih bareng teman sama dia,happy,0.08
bingung dan takut ambil keputusan banget asli pas perjalanan sama keluarga,anxious,0.97
bahagia itu sederhana cukup dengan selalu bersyukur ke pada allah subhanahu wa taala,neutral,0.35
kecewa banget sama hasilnya dari tadi kepikiran,sad,0.76
malam ini kepikiran terus jadi sedih banget di rumah sama dia,sad,0.6
guys crush sender jadi sering reply sw sender ini sender harus senang karena di reply terus atau sedih sepertinya dia menganggap sender sebagai teman doang by the way kita sudah hampir tidak berkirim chat selama sebulan terus dia tiba tiba sering reply sw sender begitu,sad,0.79
ke ranah berita palsu bisnes kami jatuh sos aminah hasan mau kembali bangkit,neutral,0.24
alah cuma bisa memenangkan pilihan kepala daerah lewat isu sara saja kok bangga terus kerja nyatanya yang paling kelihatan adalah klewar klewer berkata kata tapi buktinya seperti rumah uang muka,neutral,0.35
menonton drama sama mama terus ada kiss scene saya panik,anxious,0.81
senang banget hari ini ketemu teman lama lucu waktu malam sama teman kantor,happy,0.19
sudah sabar tapi masih dibohongi banget asli sama dia,angry,0.9
jangan lupa minum ya habis makan takut tersedak,anxious,0.78
bingung dan takut ambil keputusan dan kepikiran terus tadi pagi sama keluarga,anxious,0.98
mau tanya kalian lebih suka bawa kalau di au itu yang seumuran sih bright lebih tua jadi memanggil kakak begitu bimbang banget,anxious,0.7
lagunya sakusa habis diputus atsumu habis itu misuhin lagu ya kali anjing saya bisa benci kamu ya kali anjing saya cari yang baru saya maunya kamu tidak yang baru tidak dengan benci kamu,angry,0.94
geram banget sama pelayanan tadi agak random sih pas perjalanan,angry,0.7
terima kasih ya sudah bikin hariku lebih baik banget asli tadi pagi sama dia,happy,0.11
hem takut tapi tetap usahakan percaya diri lah pokoknya,anxious,0.73
aku bukannya tidak suka sih tetapi tidak bisa karena punya alergi rhinitis dan kita dokter kalau bisa di kamar jangan ada terlalu banyak barang biar tidak memperparah jadi waktu itu siklusnya beli baca jual kasih orang untungnya sekarang sudah ada e reader puji tuhan,happy,0.13
marah banget karena pekerjaan berantakan agak random sih sama keluarga,angry,0.95
dia anaknya juga jago banget gombal sama ayem aku takut meleyot,anxious,0.86
makan favorit hari ini bikin bahagia agak random sih di kampus sendiri,happy,0.12
deg degan menunggu hasil pengumuman banget asli pas perjalanan sama keluarga,anxious,0.83
akhir minggu ini seru banget hari ini sama teman kantor,happy,0.08
orang itu bikin emosi banget sih di kampus,angry,0.78
takut juga kutipan gaib,anxious,0.76
senyum sendiri pas ingat kejadian tadi agak random sih bareng teman sama keluarga,happy,0.27
aku bahagia karena satu hal karena aku bermimpi aku suka sekali bermimpi dan selalu berusaha untuk mewujudkan nya hara kara,neutral,0.37
rasanya ingin marah terus dari tadi kepikiran di kampus sama dia,angry,0.66
lebih enak lagi kalau mutualan,neutral,0.39
sudah sabar tapi masih dibohongi jujur saja di kampus sendiri,angry,0.66
dia macam sedih strees sebab xde duit tau teh lah,sad,0.78
rasanya ingin marah terus jujur saja,angry,0.76
bubur kuah kuning ternyata enak banget ya,happy,0.18
anxious banget sebelum meeting tadi serius di kantor sama dia,anxious,0.94
malam ini kepikiran terus jadi sedih dan kepikiran terus tadi pagi sama dia,sad,0.72
orang orang yang suka berkata jujur mendapatkan tiga hal kepercayaan cinta dan rasa hormat khalifah ali bin abi thalib,neutral,0.28
rasanya kosong saja hari ini lucu pas perjalanan,sad,0.62
senang banget jimin sudah sembuhh,happy,0.19
morgana kan ganyu dps jelas normal att burst saja,neutral,0.31
jangan terlalu sedih ingat musim depan manchester united merayakan tahun jadi pecundang liga inggris simpan dulu sedihmu kawan,neutral,0.38
lelah sih tapi puas hasilnya bagus dari tadi kepikiran pas perjalanan,happy,0.23
hari ini berat banget dijalani di kantor sama keluarga,sad,0.68
semangat setelah sekian lama tidak pernah event aku kak t t,happy,0.17
weh kaget,anxious,0.77
anxious banget sebelum meeting tadi tapi ya sudahlah bareng teman sama teman kantor,anxious,0.84
deg degan menunggu hasil pengumuman banget pas perjalanan,anxious,0.71
kehilangan semangat buat kenapa apa di kampus sama keluarga,sad,0.81
semangat kak aku setia menunggu,happy,0.08
dapat mimpi kok mendukung keparnoan bangun bangsat banget sebal au ah mending tidak usah tidur apa ya,angry,0.89
rasanya kosong saja hari ini pas perjalanan sama keluarga,sad,0.72
sedih gue pakai mati segala,sad,0.71
marah banget karena pekerjaan berantakan hari ini bareng teman sama teman kantor,angry,0.93
takut skripsi,anxious,0.85
semangat om,happy,0.11
takut gagal di presentasi besok hari ini pas perjalanan sama keluarga,anxious,0.8
anxious banget sebelum meeting tadi dan kepikiran terus tadi pagi sama dia,anxious,0.77
rasanya kosong saja hari ini banget di kampus sendiri,sad,0.68
ke papua takut melanggar ham kata nya dong dong beraninya sama rakyat sipil yang tidak bersenjata banyak banyak istighfar lihat nya,anxious,0.81
anxious banget sebelum meeting tadi padahal sudah coba santai di kantor sama dia,anxious,0.74
iya memang episode awal saja mulai pertengahan emosi kita dipermainkam pdnim apalagi episde terakhir,neutral,0.35
haus sudah biasa menahan lapar soalnya,neutral,0.36
semangat jangan menyerah terus mencolok,happy,0.04
anjing akun tolol,angry,0.93
buat para pembenci paling pak presiden cuma tersenyum dan tetap berprasangka baik kepada pembencinya tidak terlintas rasa dendam sedikitpun ikhlas dan beliau super sabar ingat nabi muhammad saw saat dibenci oleh yahudi hindun begitulah islam yang rahmatan lil alamin,neutral,0.34
masih susah pindah on dari kejadian itu hari ini pas perjalanan sama keluarga,sad,0.57
lelah banget bacakan opini orang tolol,angry,0.95
rasanya sedih banget akhir akhir ini tapi ya sudahlah pas perjalanan sendiri,sad,0.67
enggak bakalan ada habisnya tidak sih takut ricuh jadi sepertinya tidak ada nder,anxious,0.89
lucu semangat kerja ssyangku nanti pulangnya hati hati ya,happy,0.02
takut gagal di presentasi besok serius tadi pagi,anxious,0.81
tolong nilai akm keluarnya lama banget takut,anxious,0.7
marah banget karena pekerjaan berantakan bareng teman sendiri,angry,0.75
pagi pagi sedih karena dari tadi ngegambar tapi hasilnya aneh semua lucu gue tertawa miris,sad,0.61
namanya juga hidup enak tidak enak ya tetap harus kita nikmati,neutral,0.31
semangat dan bertambah kuatlah kalian frp natsud frp lucyheart frp wendy,happy,0.01
hari ini produktif dan suasana hati bagus padahal sudah coba santai bareng teman sendiri,happy,0.26
sedih tadi malam mimpinya jeleek kali sampai aku kebangun tengah malam menangis deress terus aku tahajud baca doa bla bla terus mimpi jelek lagi sampai dalam mimpi itu aku capeek kali baca ayat kursi qul tapi setannya tidak pigi anjir,sad,0.58
bukan karena kebutuhan tapi hanya iseng saja joshua termasuk yang suka bergaul dengan berbagai lapisan masyarakat meskipun jika sudah puas akan menghilang begitu saja alright joshua menyelesaikan pencukuran itu ia segera mengambil sabun khusus dan membersihkan dada gori,neutral,0.33
gue duduk sebelahan sama kak ji tapi kita chattingan lewat handphone terus dia ketawanya awokwok gue reflej balas aneh banget tertawa kamu habis itu dia marah mengambek begitu lucu,happy,0.05
kesal banget sama orang yang tidak tepat waktu padahal sudah coba santai bareng teman sama teman kantor,angry,0.7
nabilahjkt suatu saat kita kan berdua atap bahagia bahkan untuk selamanya,happy,0.08
kepikiran banyak hal sampai susah tidur lucu di kantor sama teman kantor,anxious,0.84
kesal banget hari ini hari ini tadi pagi sama keluarga,angry,0.68
khawatir sama kondisi sekarang pas perjalanan sama keluarga,anxious,0.71
rasanya kosong saja hari ini dari tadi kepikiran di kampus sendiri,sad,0.85
aku cuma ingin istirahat sebentar waktu malam sama keluarga,sad,0.83
kok orang orang pada takut kecoa padahal seru lah lihat dia terbang wkwk lucu lucu,happy,0.16
masih susah pindah on dari kejadian itu jujur saja di kantor sendiri,sad,0.67
kesal banget sama orang yang tidak tepat waktu pas perjalanan sendiri,angry,0.68
lelah sama keadaan sekarang agak random sih waktu malam,sad,0.61
siaapp semangat selalu yulin,happy,0.05
senyum sendiri pas ingat kejadian tadi serius tadi pagi,happy,0.2
malam ini kepikiran terus jadi sedih sih bareng teman sama keluarga,sad,0.76
deg degan menunggu hasil pengumuman jujur saja tadi pagi sama dia,anxious,0.71
malas gerak seperti biasa,neutral,0.23
cemas memikirkan masa depan tapi ya sudahlah tadi pagi sama teman kantor,anxious,0.77
ada juga razia yang tidak upacara pas kelas pernah sekali sok sakit jadi stay di kelas sama preman kelas tetapi ketahuan begitu terus pas disuruh turun ke lapangan orang lain jalan jongkok supaya tidak kelihatan kelas gue lantai dan gue sama yang satunya lagi jalan biasa terus dikira bolos buat pacaran anjing malu kawkawkawkkakawkka,happy,0.06
bnsatt anjir pagi bikin emosi kalau tidak suka anjing kenapa pelihara tiap hari selalu dengar anjing menangis kena pukul emosii mending kamu kasih orang sudah itu anjing daripada disiksa setiap hari kesal yatuhan dengarnya ikut sakit dengar anjing menangis,angry,0.94
khawatir sama kondisi sekarang banget tadi pagi sama dia,anxious,0.78
rodo ngeri sedep bismillah bisa iya bisa semangat garuda muda,anxious,0.88
bangsat saya kayak orang gila ngegalauin cowok orang,angry,0.99
hari ini produktif dan suasana hati bagus pas perjalanan sama teman kantor,happy,0.24
kecewa banget sama hasilnya lucu di kantor sama dia,sad,0.56
anak susah makan kurus bunda jangan sedih mrpro atasi masalah gngguan susah makan order wa bahan bakar minyak di coba a,neutral,0.22
takut banget kalau sampai nikah keluarga tidak suka terus cuma datang langsung pergi kayak tamu kalau begitu kan kesan tidak sukanya memang kelihatan begitu ya,anxious,0.76
kadang kadang lelah lalu kecewa yaitu harga yang perlu dibayar untuk beli bahagia,neutral,0.36
sudah sabar tapi masih dibohongi lucu,angry,0.85
rasanya sedih banget akhir akhir ini dan kepikiran terus sendiri,sad,0.74
khawatir sama kondisi sekarang hari ini di kampus,anxious,0.71
pemesanan dengan sistem delivery disarankan dilakukan maks hari sebelum waktu pengiriman mengingat banyaknya permintaan pesan antar,neutral,0.33
kok ikutan sedih ya,sad,0.78
gud pagi selamat pagi ceria sehat selalu,happy,0.03
mas ngelonte dulu mas biar otaknya jadi segar lagi bagi orang kafir seperti kamu ngewe dengan lonte ibadah yang utama punya tolol kok kebangetan banget sih,angry,0.91
hari ini produktif dan suasana hati bagus serius bareng teman,happy,0.07
kaget saat punggungnya dipukul dia sendiri juga baru sadar langsung sebut nama kayaknya berani deh jun tidak tahu kayak bisa saja,anxious,0.71
ternyata beda ya dianggap sekadar suka sama tempat cerita terbayang bagaimana poteknya dewangga waktu bertanya ke april kamu benaran cuma anggap saya atasan yang kebetulan suka sama kamu ya bukan laki laki yang mungkin bisa kasih kamu a shoulder tapi cry on a sharing partner instead,sad,0.64
kalau bubur kayak begini tidak diaduk enak banget tolong,happy,0.07
takut kalau hasilnya jelek sendiri,anxious,0.72
semangat ngantornyaa,happy,0.15
kesal banget hari ini banget sendiri,angry,0.71
kesal banget sama orang yang tidak tepat waktu lucu di kampus sama dia,angry,0.94
kecewa banget sama hasilnya banget sendiri,sad,0.65
rasa tetawa lawan sedih ih meingat sisa libur sehari saja lagi sampai tanggal,sad,0.53
masih jengkel maksimal tapi tetap ada ditengah tengah ada kaki yang terus berusaha di seimbangkan kamu did well sis keep goin cuma lebih objektif dan bijak saja jangan mau dibodohi pihak ini hidupmu kamu berhak bahagia jangan tidak bahagia demi bikin orang lain bahagia,angry,0.87
hai amaraa semangat ya buat hari ini have a great day,happy,0.14
aku senang baca kayak yang benang kusut not sok royal romance nya weishin son for the raja yang satu lagi itu lupa judulnya pokoknya nya seungzz punya kak daisy apalagi kalau ada angstnya kalau ada rekomendasi lagi kasitau ya gaiss terserah pairing siapa saja,happy,0.18
konyol og mengajak panas panas an neng grup chat ketemu langsung lah gontok gontok an ketok moto sekalian tapi bar itu beres tidak sono dendam rasan rasan,angry,0.98
bingung dan takut ambil keputusan lucu bareng teman sama dia,anxious,0.94
kesal banget hari ini di rumah sendiri,angry,0.71
parah bangsat banget ya plonga plongo dongok beleng bangsat yang cristiano ronaldo makan dari menghiaap darah orang dan nyawa orang,angry,0.9
kusut je pagi pagi gelak macam tidak ada hari esok,sad,0.65
kalau dia memang tidak panik tinggal lepas tangan toh akan di bela pendukung nya,neutral,0.25
belajar memahami bahwa tak semua keinginan bisa terpenuhi barangkali obat terbaik untuk mencegah kecewa dan sakit hati,neutral,0.39
boleh dong aku juga biasa sore,neutral,0.24
senyum sendiri pas ingat kejadian tadi banget asli waktu malam sama keluarga,happy,0.21
menjijikkan sekali kesal marah sedih takut ngerrii arghh,anxious,0.71
rasanya gugup terus hari ini dari tadi kepikiran di kampus,anxious,0.79
senyum sendiri pas ingat kejadian tadi jujur saja sama dia,happy,0.14
akhir minggu ini seru banget serius,happy,0.16
pagi pagi masih mengantuk,neutral,0.29
harusnya bisa lebih bijak tapi efek booster dan kecapekan jadinya ikut emosi dewee can t control my seellff,angry,0.93
rasanya ingin marah terus serius di rumah sendiri,angry,0.87
emosi lihat komentar orang tadi padahal sudah coba santai di kantor sama dia,angry,0.76
cewek itu tidak mau ngecewain cowoknya karena dia tau kalau dikecewain orang yang disayang itu rasanya tidak enak dan sakit banget,sad,0.7
rasanya ingin marah terus sumpah sama teman kantor,angry,0.79
salam tolong tangkap gemuk tak pakai mask itu menteri tak berani nak marah kawan kawan dia,neutral,0.39
alhamdulillah jimin sudah sembuhh amyy tolong senang banget lagi disekolah seharian bdmd tak tau kenapa dengar kabar ini langsung naik moodnyaa sehat sehat terus ya,happy,0.09
lagi senang soalnya dapat kabar baik i memilih for at the,happy,0.01
merasa sendirian akhir akhir ini banget waktu malam sama dia,sad,0.69
anf saran anime yang bikin emosi campur campur aduk bikin menangis tertawa tapi yang happy akhir,neutral,0.36
deg degan menunggu hasil pengumuman hari ini di rumah sama dia,anxious,0.81
scorpio asmara jika sudah punya kekasih maka perlu kesetiaan dan perasaan cinta yang tinggi jangan suka bermain api,neutral,0.3
kalau sepi pasien ya begini agak bosan jadinya,sad,0.54
merasa sendirian akhir akhir ini sumpah pas perjalanan,sad,0.58
saya tidak tau kenapa bisa ikut bahagia ketika kamu sedang bahagia dibilang kontak batin takutnya saya salah saya sudah terlalu sering menganggap semuanya pure dari kontak batin tapi terkadang hal tersebut yang bikin saya kecewa dan saya tidak mau mengulanginya dibilang care iya banget,sad,0.59
mereka suka playvic begitu knpsi sumpah pajamas kesal banget nanti merembet kemana mana ya kayak semalam membela tahun dibilang solo stan kan anehh,angry,0.87
sudah saya tebak dari kemarin saya khawatir mereka bakal turun ya benar saja turun terus ini saya jual produknya bagaimana anjir masa itu liplipan saya pakai bangun tidur saya pakai yang mocha nanti siang saya pakai dahlia sore saya pakai sweet malam mau tidur saya pakai romantic,angry,0.99
semangat pagii,happy,0.12
kalau nanti suaranya tetap dapat banyak berarti kalian memang pantas terhina dan jangan marah kalau dihina,angry,0.88
kehilangan semangat buat kenapa apa lucu sama dia,sad,0.66
oh iya itu kalau baca dari spoiler sepertinya sih iya sedih banget cuma dia yang benaran peduli sama ruby,sad,0.67
khawatir sama kondisi sekarang tapi ya sudahlah pas perjalanan sendiri,anxious,0.92
sedih aku,sad,0.62
senang banget pagi pagi dapat kabar bagus begini syukurlah jiminnya army sudah sembuh sehat selalu jimin,happy,0.18
kalau sunda jukut itu rumput kalau kalimantan timur jukut itu ikan saya sunda bertanya sama suami kalitim abang makan nya sama apa terus suami jawab makannya sama jukut saya kaget kok suami saya makan nya pakai rumput kayak kambing tertawa ke lucu gue,happy,0.17
ada kabar kalau smt ini masih tuweb nder dari upbjj ku belum pasti,neutral,0.39
cakap senanglah tapi memang senang pun kalau hati kering lucu,happy,0.05
akhirnya kita tidak malu lagi soalnya benar,neutral,0.29
takut kalau hasilnya jelek banget di kantor,anxious,0.98
kesal banget sama orang yang tidak tepat waktu lucu bareng teman sama dia,angry,0.75
deg degan menunggu hasil pengumuman banget sama keluarga,anxious,0.89
terima kasih saudaraku sudah turut ramaikan selamat akhir pekan sehat dan bahagia,happy,0.04
have a nice day semoga hari ini ada kabar baik,happy,0.14
tidak sibuk banget tapi memang suka tidak suasana hati aktif di sini,neutral,0.37
saya tim raydu tapi lihat ini sedih banget fuck,sad,0.73
terus fakta lainnya adalah kakel saya rumahnya searah sama rumah gue pernah pulsek dia lewat jalanan rumah saya anjrit saya di belakangnya kaget lah kok dia belok kesini,anxious,0.78
ih iya ada yang itu tetapi tak tau efeknya soalnya aku biasa pakai yang ini kak,neutral,0.31
kehilangan semangat buat kenapa apa dari tadi kepikiran tadi pagi,sad,0.68
lelah sama keadaan sekarang hari ini di kampus sama teman kantor,sad,0.61
fokus saja ngembangin identitas tim untuk di masa depan mu sudah hancur an sejak lewat sepertiga musim yuk mu semangat benahi tim,happy,0.04
hari ini produktif dan suasana hati bagus lucu sama keluarga,happy,0.26
rasanya kosong saja hari ini tapi ya sudahlah tadi pagi,sad,0.84
menurutku sih iya kayak kalau jeleknya selesai itu bikin marah marah ingin bahas banyak kalau jeleknya ini kayak shit malu banget yaudalah,anxious,0.86
jika kita tidak pernah gagal sebelumnya kita tidak akan pernah belajar kesalahan kita jadi jangan takut salah,happy,0.12
rasanya ingin marah terus tapi ya sudahlah pas perjalanan,angry,0.72
genggamlah dunia dan jangan biarkan dunia mengenggam dirimu kawallah nafsumu dan jangan biarkan nafsu mengawal dirimu marah orang mulia boleh dilihat melalui sikapnya tapi marah seseorang yang bodoh itu boleh dilihat melalui percakapannya imam as syafii,neutral,0.34
bo itu apa ya boring bodoh,neutral,0.25
lagi kesal gara gara kelompok,angry,0.95
sepi conge,angry,0.91
sedih anjir makin susah nakes nakes puskesmas vaksin booster sampai turun ke rumah rumah bawa tentara nasional indonesia kepolisian republik indonesia tracing kasus baru dibilang dicovidkan jawaban mereka sama covid itu tidak ada kehilangan sosok contoh rakyat ini,sad,0.67
walaupun danpuspom anak buahnya memangnya kamu kebal hukum tugas puspom tidak lihat kamu jendralnya tapi lihat kasus hukumnya bilang saja dong memang takut dikerangkeng,anxious,0.77
ojek online lali ngemil ceria by,happy,0.06
tidak enak banget tinggal di tempat orang,anxious,0.84
gue tidak enak banget teringat rant lama kalau gue memang bukan manusia yang baik tapi serah lah kayak gue sudah merasa kalian nyaman kalian bisa dengarkan apapun bahkan gue mengoceh tapi ternyata kalian malah tidak suka sama gue ya terserah juga sih gue masih bisa bahagia walau sendirian,sad,0.58
sksksk benar banget pas mengajar gue cuma cengo saja melihat bertanya ke teman nih orang berbicara apa mana pelajaran ilmu pengetahuan alam tapi kalau di facebook suka komen an bahkan chattingan sama mr nya,neutral,0.31
akhirnya lolos interview kerja sumpah pas perjalanan,happy,0.21
suka tidak habis pikir kalau orang punya pikiran selingkuh main belakang kayak he anjing pacar kamu mati an jaga kamu mengurus hidup kamu yang tidak seberapa bagus merawat kamu tetapi masih pikir buat selingkuh sumpah sampah banget,angry,0.9
hari ini produktif dan suasana hati bagus hari ini tadi pagi sama keluarga,happy,0.15
takut ditinggal sayang,anxious,0.71
sedih betul jadi penyokong manu pagi nih,sad,0.62
suasana hati ku bagus sejak masuk sama,neutral,0.32
semangat buat hari ini,happy,0.06
recovery tapi tetap tidak enak,sad,0.58
akhirnya lolos interview kerja lucu pas perjalanan sendiri,happy,0.22
kesal banget sama orang yang tidak tepat waktu agak random sih waktu malam sama dia,angry,0.74
akhirnya tugas selesai juga lega banget banget asli di kantor sama teman kantor,happy,0.08
dan chat mita di whatsapp official hati hati terhadap akun palsu yang mengatasnamakan bank mandiri dan meminta data rahasia semoga sehat selalu tks kareen end,anxious,0.84
marah banget karena pekerjaan berantakan sumpah sama dia,angry,0.86
serius aku saksi dua orang yang semangat buat terus lanjutkan hidupnya karena kamu dan itu dua orang yang sangat aku sayang dalam hidupku aku tidak bisa berucap hal lain selain kata terima kasih,happy,0.17
untung ibu tipe yang apa apa bertanya gue dulu walau kadang guanya harus sabar banget jelaskan ini itu karena beliau suka lebih percaya omongan teman temannya kita yang lebih muda yang lebih tau jadi tanggung jawab kita juga buat mengawasi orang tua main beginian,neutral,0.25
akhir minggu ini seru banget tapi ya sudahlah di rumah sama teman kantor,happy,0.16
suka gatal banget mas kalau yang beginian tidak disebarkan ya allah,angry,0.99
lelah sama keadaan sekarang padahal sudah coba santai di kantor,sad,0.78
bolos katanya takut kena congorna,neutral,0.21
jadi dirimu sendiri agar ketika seseorang mencintai kamu tak perlu takut jika dia akan temukan dirimu bukan orang yang ingin dia cintai,neutral,0.38
hari ini produktif dan suasana hati bagus tapi ya sudahlah di kantor sama keluarga,happy,0.11
oknum yang tidak merasakan malu tadi pas presentasi tolong tadi kalau kamu join zoom rasanya mau pindah planet,anxious,0.79
ada yang suka baca wattpad tidak aku ada wattpad prem sharing sebulan gakepake sayang banget belinya tanggal februari yang mau rep saja ya yang lebih dahulu aku direct message maaf pinjam hati,neutral,0.31
pagi pagi disambut sama kabar baik dar jimim bagaimana nih rasanya semoga hari ini suasana hati baiknya terus terjaga sampai akhir hari ya jangan lupa jaga kesehatan juga biar jimim tidak sedih have a nice akhir pekan lovely a a a,happy,0.03
benar benar kalau lagi emosi tidak ada yang bisa kontrol tapi ujungnya selalu ada yang mengalah lebih dahulu buat bilang maaf,angry,0.89
takut kalau hasilnya jelek tapi ya sudahlah di kampus sama dia,anxious,0.92
deg degan menunggu hasil pengumuman dari tadi kepikiran di kantor sama keluarga,anxious,0.95
bingung dan takut ambil keputusan hari ini di kampus sama keluarga,anxious,0.81
kesal banget hari ini waktu malam sama keluarga,angry,0.77
jangan pernah lelah dan putus semangat karena ini derby della madoninna milano siamo noi momen derby della madoninna kapan yang tak terlupakan buat kalian,neutral,0.36
kenapa sih harus bikin masalah terus agak random sih pas perjalanan sama dia,angry,0.8
kalau ada orang mukanya murung fix fan mu,neutral,0.3
tidak jadi malu aw aw,neutral,0.38
kayaknya ini sudah lama banget saya tidak marah marah habis baca fan fiction,angry,0.98
terima kasih ya sudah bikin hariku lebih baik dari tadi kepikiran di kampus sendiri,happy,0.15
walah masih pagi sudah dibuat emosi,angry,0.91
takut gagal di presentasi besok serius waktu malam sama dia,anxious,0.75
akhir minggu ini seru banget hari ini di rumah sama dia,happy,0.07
sedih suffer kecewa,sad,0.74
milet kayak biasa suara nya outstanding banget ditambah alunan piano nya hayato sumino,neutral,0.37
astagfirullah kaget gue sampai bingung juga dapat notifikasi begini sejak kapan saya punya gebetan jgankan gebetan orang suka saja tidak ada,anxious,0.72
marah banget karena pekerjaan berantakan bareng teman sama dia,angry,0.75
biasa saja saya malah tiap pembaruan di igs lebih tak tau diri caption nya tetapi disaranin jangan dibawa ke tt warga sana langsung ditelen mentah terus entar nain yang diserang kayak waktu itu jam digosipkan dating sih mbak nya langsung diserang warganet indonesia padahal mbak nya juga orang indonesia,neutral,0.29
marah banget karena pekerjaan berantakan pas perjalanan sama keluarga,angry,0.72
mula murung pasti tak murung sudah lucu,happy,0.04
iya rupanya enak cosplay jadi nasa,happy,0.1
lelah menghadapi orang yang egois agak random sih di kampus sendiri,angry,0.95
ketulusan hati sepasang manusia kan tetap terjaga sampai salah satu dari mereka merasakan sakitnya kecewa atau berjumpa dengan sang pencipta,neutral,0.32
wts acc rupiah iya f ke v email dapat pas email vall ke go green masuk hati mt jarang ke h bukan bekas sus enak di unfollow ke t wts tawarin need murah sekali hijau,neutral,0.24
akhir akhir ini cemas terus sih tadi pagi sendiri,anxious,0.82
peluk kakak semangat terus ya pokoknya banyak yang sayang sama kakak di sini yoon ji lagi cosplay jadi warga lokal,happy,0.02
kalau indonesia aku lebih suka per artist sih kayak kunto aji tulus sama yura yunita soalnya liriknya bagus bagus banget,happy,0.13
cemas memikirkan masa depan agak random sih tadi pagi sama dia,anxious,0.87
memelihara kota saja tidak mampu apa lagi membangun kota,neutral,0.39
full cream cashew enak banget marie oke lah ingin mencoba matcha,happy,0.11
dia diam diam benci gue tapi dia cerita ke orang orang yang benci ke dia dari orang yang dia kenal kira kira orang lah yang benci sama dia,angry,0.98
sumpah kalau ingat kayak kok gue bego sudah cuma muah doang sekian detik sekarang gue menyesli itu karena mantan gue makin cakap anjing,sad,0.56
laki kamu itu cuma parasit doang tidak kerja tapi menambah beban cuma menumpang hidup doang tolol,angry,0.98
saja bro ini real,neutral,0.35
sepi banget rasanya lucu,sad,0.58
satu sisi teriak teriak darurat pandemi di sisi lain melakukan hal bodoh macam ini kasihan sekali nasibmu rakyat,angry,0.9
masih susah pindah on dari kejadian itu agak random sih di rumah,sad,0.62
wajar sih di sini yang kelahiran terus baru masuk sama dan langsung pakai kurikulum sedih karena saya tidak bisa show up skill saya di bidang komputer sama teman kelas yang lain padahal saya anak warung internet banget,sad,0.68
aku cuma ingin istirahat sebentar hari ini pas perjalanan,sad,0.57
dapat kabar baik dari keluarga tadi pagi banget di rumah sama teman kantor,happy,0.2
bagiku juara itu posisi dimna ada rasa puas yang mndtngkan kebahagiaan,neutral,0.29
agak enak ya kakak jadi nya,happy,0.06
bentar bentar masih pagi jangan emosi dulu mau ganti akun dulu buat maki maki,angry,0.95
hari ini berat banget dijalani agak random sih sama dia,sad,0.77
sir baik tak kena balik panggung mimpi ngeri kuang kuang kuang,anxious,0.86
ingat lah rekan partner shohib ku this is sabtu santai enjoy,neutral,0.22
huaa alhamdulillah pagia sudah dapat kabar baik dari jimin,happy,0.13
tidak tau kenapa saya bodoh banget dalam hal mengingat bisa bisanya saya melupakan ulang tahun bestie saya padahal dari jauh hari ingat pas hari h lupa jangankan dia ulang tahun mami saya sendiri saja bisa lupa pas hari h ada cara tidak sih buat jadi orang yang tidak lupaan cape,sad,0.67
wah urus saja moral mu eh tagihan mu,neutral,0.24
uwaha pagi lagi hem aku rasa biasa saja namun aku terlalu lelah merapikan tasku kemarin sampai tertidur di stasiun untung saja aku dibangunkan kamu sendiri apakah ada kendala,neutral,0.23
kapan sih bisa semangat ceriaa begitu pas berangkat kerja,sad,0.73
dapat kabar baik dari keluarga tadi pagi bareng teman sama keluarga,happy,0.11
deg degan menunggu hasil pengumuman lucu di rumah sama keluarga,anxious,0.84
rasanya sedih banget akhir akhir ini agak random sih di kampus sama teman kantor,sad,0.71
kehilangan semangat buat kenapa apa tapi ya sudahlah di rumah sama teman kantor,sad,0.58
senang banget hari ini ketemu teman lama dan kepikiran terus waktu malam sama teman kantor,happy,0.19
senang banget hari ini ketemu teman lama padahal sudah coba santai waktu malam sama dia,happy,0.09
kadang sedih tidak direspon tetapi gppa,sad,0.67
malu kali nder,anxious,0.78
takut gagal di presentasi besok sumpah di rumah sendiri,anxious,0.71
dan sama saja bagi mereka apakah engkau memberi peringatan kepada mereka atau engkau tidak memberi peringatan kepada mereka mereka tidak akan beriman juga qs ya sin ayat,neutral,0.27
enak banget iya pak,happy,0.16
bingung dan takut ambil keputusan sumpah di kantor sama dia,anxious,0.93
akhirnya lolos interview kerja banget di kantor sama teman kantor,happy,0.25
makin kesini ya makin ya sudahlah ya serah deh mau bagaimana pokoknya kalau sudah dibuat kecewa ya melepas tidak dendam cuma ya sudah begitu saja jadi cukup tau saja lah intinya tidak bisa sama orang yang tidak bisa nghargaiin orang lain,angry,0.99
kita kecewa sama harapan yang kita buat sendiri,sad,0.76
tidak makan duit haram kak makan nasi lebih enak,neutral,0.31
saya sering ada di posisi sedih jadi waanjai satu sisi mewgulf itu sumber kebahagiaan buat gue dan mereka itu candu tapi sisi lain saya tau kalau ini itu salah tiap malam overthinking di i ve tapi leave them tapi bagaimana caranya saya pergi dari sumber kebahagiaan gue,sad,0.68
malu nya masih terasa,anxious,0.84
ini yang saya takut kalau sudah mulai berharap sama orang takut kecewa,anxious,0.85
walah aku bantu pakai semangat,happy,0.06
aku takut nanti malam,anxious,0.76
lelah sama keadaan sekarang banget tadi pagi sama dia,sad,0.65
dapat kabar baik dari keluarga tadi pagi sumpah di kampus sama teman kantor,happy,0.16
kepikiran banyak hal sampai susah tidur jujur saja bareng teman sama teman kantor,anxious,0.9
khawatir sama kondisi sekarang lucu bareng teman sama keluarga,anxious,0.84
deg degan menunggu hasil pengumuman lucu waktu malam sama teman kantor,anxious,0.92
akhir minggu ini seru banget padahal sudah coba santai tadi pagi sama dia,happy,0.08
kesal banget hari ini agak random sih di kantor sama keluarga,angry,0.69
lelah sama keadaan sekarang serius di kampus sama dia,sad,0.62
sudah tau bikin sedih masih saja dibaca terus,sad,0.69
sendiri dan sepi aku ingin berlari menelusuri mimpi yang tak kunjung menepi,sad,0.58
di orang nih semua sudah lama nak borak dengan kamu tak fun kata di orang kalau tak dengar kamu buat lawak bodoh satu hari itu dulu lah jepp lucu kitorang dengar kamu tengah on satu projek besar proyek semua bercakap pasal kamu jo tak ada lah benda tak ada pape lagi,angry,0.99
berpisah dengan meraka yang kamu cintai itu sedih tapi temanmu akan selalu membantumu menanggung kesedihan itu erza scarlet,neutral,0.37
senang akhirnya jenjang karir yang dimau abangku sudah kecapai tapi sedih juga harus jauh jauhan lagi nanti kalau menelpon pasti sombong deh menejer nih menejer jangan macam macam memang agak tahi sih tapi tidak apa apa uang jajanku menambah bismillah,sad,0.63
apapun selain romance tapi kalau horor jangan yang hantu mun takut sama hantu,anxious,0.8
kecewa banget sama hasilnya di rumah,sad,0.81
dalam mengobrol kita tidak harus jadi pelawak tapi kita beri pesan bahwa kita bukan lah orang yang sangar,neutral,0.37
pagi pagi dapat kabar bahagia,happy,0.01
marah kat diri sendiri,angry,0.96
saya kangen banget anjir by the way bagaimana ya caranya biar aktif di sini soalnya sepi anjir,sad,0.59
akhirnya lolos interview kerja hari ini bareng teman sama dia,happy,0.19
senang banget hari ini ketemu teman lama agak random sih di kantor sama teman kantor,happy,0.29
rasanya kosong saja hari ini banget asli tadi pagi sama dia,sad,0.58
takut kalau hasilnya jelek dan kepikiran terus sama dia,anxious,0.81
ketika kamu mengalami cinta sepihak yaudaah santai saja kamu akan bernilai tinggi di mata orang yang tepat cheers,neutral,0.37
bungkus saja,neutral,0.29
bukan karena agamamu tetapi mungkin komunikasimu yang jelek materi yang kamu sampaikan cenderung meng aduk persatuan dan kesatuan umat kebersamaan dan dan tenggang rasa umat toleransi dan persaudaraan umat bahkan bukan saja umat islam tetapi juga non islam mawas diri dan bermuhasabahlan,neutral,0.38
kehilangan semangat buat kenapa apa banget sendiri,sad,0.68
ini gamesnya bisa menang lawan para oligarki arang tetapi tetap sedih karena mereka tetap berjaya,sad,0.68
dirumahku yang kena umicron sudah an takut,anxious,0.81
deg degan menunggu hasil pengumuman serius bareng teman sama teman kantor,anxious,0.86
jujur kak aku orangnya paling tidak bisa dan tidak mau baca fan fiction yang nama artisnya diganti sekalipun ada face claimnya tetap saja tidak bisa membayanginya susah tap senang banget kamu suka aku juga kadang buat mereka tidak ooc sih biar lebih bis,neutral,0.29
risih tidak suka banget soalnya kayak yang terlalu bagaimana begitu,angry,0.94
jadi malu saya,anxious,0.86
senyum sendiri pas ingat kejadian tadi padahal sudah coba santai pas perjalanan,happy,0.26
sedikit kaget sedikit kaget kaget kok cuma sedikit,neutral,0.22
jika istrimu membuatmu kesal sekali lagi tahan sabarmu lagi jangan pukul dia kalau memang sudah di batas kesabaranmu kembalikan dia pada saya saya siap untuk menjadi satu satunya lelaki yang mencintai dia sekali lagi,neutral,0.33
rasanya kosong saja hari ini banget bareng teman,sad,0.65
bingung dan takut ambil keputusan lucu di kampus sama dia,anxious,0.86
marah banget karena pekerjaan berantakan hari ini waktu malam sendiri,angry,0.66
ada cara belajarmelihat mendengar mengamalkan tidak cepat merasa puas terus mengulanginya lagi,neutral,0.35
sudah sabar tapi masih dibohongi serius di rumah sama teman kantor,angry,0.88
eh sumpah saya takut banget seram banget itu orang,anxious,0.83
tentastic halo unis aku mau bertanya boleh kalau emoticon penting apa ya soalnya aku kadang suka bingung kalau ada pembaruan begitu aku masih baru banget jadi tidak tau huhu tia,neutral,0.21
masih susah pindah on dari kejadian itu dan kepikiran terus waktu malam sama dia,sad,0.7
masih susah pindah on dari kejadian itu pas perjalanan sama dia,sad,0.78
aku adalah anak pemalas selalu riang serta mageran karena aku rajin drakoran tak pernah tidur dan overtingking lah lah lalaa,happy,0.03
paket aku kok belum dikirim juga ya padahal sudah dari dua hari lalu mesennya meni sedih ih asa lilaa,sad,0.74
senang banget hari ini ketemu teman lama dan kepikiran terus pas perjalanan sama keluarga,happy,0.08
takut gagal di presentasi besok banget asli tadi pagi sama keluarga,anxious,0.74
saya mengantuk banget kenapa ya jam tidur dan jam bangun seperti biasa padahal,neutral,0.21
alhamdulillah drawnya agak wangi tapi tetap takut,anxious,0.85
lelah menghadapi orang yang egois banget asli sama keluarga,angry,0.9
rasanya gugup terus hari ini hari ini,anxious,0.91
sudah ngebias dari jaman sama mulai suka sama band soloist sampai sekarang aktor baru sadar itu habiskan duit banget ya sudah kayak mungkin aku sekarang kalau tidak terperosok dari dulu,sad,0.74
kabar baik di sabtu pagii alhamdulillah,happy,0.07
ya allah aku salah fokus tempatku pulang begini saja aku sedih kayari sepertinya sudah tau rumahnya ya,sad,0.75
kulit ayam enak banget sih tidak ada duanya,happy,0.16
kan bangun bangun kaget,anxious,0.71
terus barusan dia reach out aku terus meminta tolong buat bantu proyek dia yaallaah kakak jujur agak takut pressure tetapi oke tidak apa apa,anxious,0.73
merasa sendirian akhir akhir ini banget tadi pagi sama teman kantor,sad,0.74
dipta kamu jangan bego bisa tidak,angry,0.9
sedih banget banget ah bias gue denise,sad,0.62
ya allah semoga bapaknya lekas sembuh ya i hope there is a good news for them buat temannya snder jangan menyerah sama hidup kalau menyerah nanti orang tua kamu sedih masih banyak hal indah yang menanti jadi terus hidup ya kita sama berjuang semangaat,neutral,0.29
kesal banget sama orang yang tidak tepat waktu tapi ya sudahlah pas perjalanan sama teman kantor,angry,0.95
memang kenapa saya cinta bendera merah putih saya cinta negara indonesia situ tidak suka bendera indonesia terus mau merongrong ogah kerja atau bagaimana kalau berani berbicara sini tidak usah sembunyi pengecut,angry,0.88
hari ini berat banget dijalani banget asli bareng teman sama teman kantor,sad,0.6
kak kay maaf telat makasii banyak banyak kak buat ganya youtube premium aman terkendali telat banget padahal sudah dari hari yang lalu premiumnya huhu maaf kak tapi serius sudah enak menonton tanpa iklan itu makasii kakak,happy,0.03
rasanya ingin marah terus hari ini di rumah sendiri,angry,0.65
biasa lagi ditambang nih ngawas tidak ada hari libur lucu e,neutral,0.38
kepikiran banyak hal sampai susah tidur lucu di kantor sama dia,anxious,0.7
i decided tapi buy pc from kseller je nanti i takut i tak dapat pull my favorit member sebab tangan tak wangi,anxious,0.73
selamat pagi tapanuli utara semoga semua sehatt,happy,0.09
lah aku saja bisa menangis lagi pas scene ini sampai banget selama ada irvan sakit sampai meninggoy dan full jessy menangis supaya sampai sedihnya ke pononton tapj aku kok tidak bisa ikutan sedih cuma pas andin sesengukan di makam itu aku sempat ikutan sedih,sad,0.5
cerah,neutral,0.25
niat mau bikin tahun iya tvv dan tertahan karena lagi bimbang ragu,anxious,0.83
akhir akhir ini cemas terus banget asli sama keluarga,anxious,0.77
geram banget sama pelayanan tadi jujur saja waktu malam sama dia,angry,0.76
ge itu heran juga ya video video keluhan kayak begini itu kan sudah banyak banget apa yang suka pasang pasang beginian ini tidak pernah menonton apa tidak punya media sosial apa kurang pergaulan apa memang bebal saja otaknya,angry,0.88
memang kalau cewek dan cowok sahabatan tanpa melibatkan perasaan itu terkesan tidak mungkin ya padahal sahabatan dengan lawan jenis itu enak banget kalau lagi saling curhat apalagi tentang pasangan masing masing ya walaupun sering dicemburui sama pacar sahabat kita,neutral,0.22
baru bangun langsung disambut kabar menenangkan,happy,0.06
ogeb banget sudah pakai sok sok an kaget,anxious,0.7
ada sunyi di antara pagi dan aku kamu,sad,0.71
begini nih kalau punya warganet goblok banget ini bahas bola apa mau bahas tentang apa memang lazio tidak di roma pintar sedikit kenapa apa harus semua di jelaskan sejelas jelasnya kalau tidak paham diam jangan norak kalau bilang lazio ibu kota prancis nah protes tidak apa apa tolol,angry,0.9
luar biasa rusia,neutral,0.37
saya benci sama kamu,angry,0.97
cucianku menumpuk gara hujan semalam untung cuacanya cerah hari ini,neutral,0.28
lelah sama keadaan sekarang hari ini di kampus sama keluarga,sad,0.64
mengapa iya kalau pc sudah sold tiba tiba banyak yang direct message menanyakan masj ada apa tidak kenapa pas sudah sold bamyak yang cariirurigkekf marah,angry,0.86
kalau saya sih lebih suka dibujuk tapi kalau dia meminta waktu ya sudah kasih waktu buat dia sendiri dulu habis itu baru dibujuk,neutral,0.2
kesal banget hari ini serius waktu malam sama keluarga,angry,0.66
semangat terus kapanpun itu,happy,0.06
rommy di bui selama satu tahun dan denda rupiah jutaa,neutral,0.38
alhamdulillah pagi pagi dspet kabar baik sehat selalu ya sayang ku,happy,0.17
marv tiba kepikiran kan hank pym bilang kalau ant man ini walaupun berubah jadi ukuran semut kekuatan nya tetap kayak manusia biasa ya berarti pas sih scott ini berubah jadi raksasa itu kekuatannya seharusnya tetap seukuran manusia dong tolong jelaskan ke aku,neutral,0.31
sudah sabar tapi masih dibohongi hari ini pas perjalanan sama dia,angry,0.75
rasanya kosong saja hari ini sumpah di rumah sama teman kantor,sad,0.76
takut kalau hasilnya jelek sih pas perjalanan sendiri,anxious,0.86
nugget dan sosis rebus itu enak ygy,happy,0.17
kalau support enak sepertinya combo sama ayaka,neutral,0.39
ih sedih membayanginya bagaimanapun suatu hari semuanya pasti mencapai akhir kan ya,sad,0.71
kehilangan semangat buat kenapa apa banget pas perjalanan sendiri,sad,0.63
sedikit informasi tentang saya saya ini enfp terus punya love language woa sama quality time saya juga suka banget cerita tentang semua hal juga dengarkan cerita orang orang ya intinya saya bawel saya mulai avail tanggal nanti,neutral,0.3
kecewa lagi,sad,0.53
beberapa menit keadaan menjadi canggung takemichi bingung ingin mengobrol tentang apa dan benci dalam situasi ini sampai dengan berani dia mengatakan apa yang ada di kepalanya takemichi doktoranda draken kun draken hem,neutral,0.22
versi selesai anjir sedih banget,sad,0.51
takut gagal di presentasi besok padahal sudah coba santai,anxious,0.82
aku cuma ingin istirahat sebentar serius di kampus sendiri,sad,0.81
kenapa sih harus bikin masalah terus tadi pagi sama keluarga,angry,0.77
tidak kaget karena kamu deserve itu,neutral,0.36
tak tau harus sedih tapi agak senang juga,neutral,0.23
dipakai untuk acara pernikahan itu bodoh kunjungi ke tempat kejadian perkara jangan cuma main jempol saja lu keree tidak punya ongkos saya bayarkan sudah saya adalah begitu orangnya,angry,0.9
oematmu tolol sih tidak bisa bedakan mana bunglon mana asli kebanyakan halu ngentot sama bidadari transparan ya begini jadinya otack tidak dipakai ya gesya,angry,0.97
kecewa banget sama hasilnya tadi pagi sama dia,sad,0.58
tidak bisa gambar biar folls moots mengerti dan tidak kecewa dengan diriku yang tak bisa gambar tetapi memaksa sok gambar,sad,0.76
kucing kota panik dia dikejer,anxious,0.74
selamat siang sender kebetulan saya avail sekarang dan lagi senggang banget cause i don t have anything tapi di now bisa banget nanti kuta mengobrol mengobrol dan jika kamu butuh saran saya akan bersenang hati memberikannya bisa banget buat cerita apapun tanpa takut saya akan melayani,neutral,0.32
setibanya jerman di studio syuting berjalan seperti biasa cuma aconh melihat gelagat zema mulai menuju lebih care sama jerman maklum insting bencong beres syuting tiba a ze saya mau break dulu nih dari semua kegiatan syuting saya mau ke balia jerman saida,neutral,0.24
bingung dan takut ambil keputusan di rumah sama dia,anxious,0.72
sunyi ya tidak ada ramai nya dan tidak ada yang datang omicron nya bikin kesepian melara,sad,0.66
iya ini adalah tidak apa apa kak menunda dulu karena ada alasan tertentu stdkny ke depan juga bakal ingin punya beda cerita kalau yang benaran menolak rezeki alias kehadiran anak itu yang jadi topik diskusi sedih sih tetapi ya itu hak mereka secara agama jelas tidak diperbolehkan,sad,0.54
takut banget,anxious,0.79
rasanya kosong saja hari ini banget pas perjalanan sama teman kantor,sad,0.76
akhirnya tugas selesai juga lega banget tapi ya sudahlah,happy,0.08
orang itu bikin emosi banget banget asli di rumah sama teman kantor,angry,0.71
dia pasti marah,angry,0.85
aku suka begitu nder kalau habis pakai makeup dan aku kecewa kalau sampai putus kotorannya sensasi gelinya gadapet,sad,0.79
satu kata jangan mengundi sebab semua bodoh,angry,0.97
menanggapi serius omongan dia lagian aneh banget sih menurut gue menyuruh saya jangan deketan sama cowok lain eh dia nya saja gampang banget gonta ganti cewek tetapi teman kelas yang lain sudah biasa lihat dia kayak begitu bahkan dia dapat julukan player you know what i mean,neutral,0.35
malam ini kepikiran terus jadi sedih sih di kampus,sad,0.67
sepi di sini,sad,0.71
agak kaget melihat hasil semester kemarin tapi ya mari tingkatkan lagi di semester sekarang,anxious,0.86
untuk angkasa sendiri tidak keberatan kalau mau diajak mengobrol santai atau nanti nanti mau deep talk juga oke banget ditemani sama angkasa aku titip carrdnya di sini ya nanti kalau mau date sama angkasa boleh langsung direct message aku,neutral,0.33
hari ini berat banget dijalani lucu tadi pagi sendiri,sad,0.68
kesal banget sama orang yang tidak tepat waktu serius pas perjalanan,angry,0.84
rasanya ingin marah terus dari tadi kepikiran di kampus sama dia,angry,0.66
yang fungsinya mengawasi roda pemerintahan saja baru kaget belakangan padahal rakyat sudah pada tereak kapan hari dahlah semakin miris dan makin acakadut saja negeri ini,angry,0.94
eh saya ikutan sedih denise keluar,sad,0.64
enak selimutan sambil pakai guling,happy,0.08
ada sebuah kisah nyata di jeddah suami istri lagi bertengkar suaminya marah luar biasa pada sang istri dipukul lah wajah istri kemudian istrinya menangis tiba tiba terdengar bel pintu rumah berbunyi begitu pintu akan dibuka ternyata sudah di gembok,neutral,0.35
mau tertawa tapi takut,anxious,0.86
hoho tidak kokk sunbaenimm aku itu baik budimann cuma memang tingkat hormon isengku itu di atas batas normal,neutral,0.32
senyum sendiri pas ingat kejadian tadi banget asli di kampus sama teman kantor,happy,0.22
oh my god lagu itu dulu dengar sebab tak tau apa relation nya tapi sudah besar baru tahu sedih gila video musik itu,sad,0.76
dapat kabar baik dari keluarga tadi pagi bareng teman sama keluarga,happy,0.22
anxious banget sebelum meeting tadi jujur saja pas perjalanan sendiri,anxious,0.91
alhamdulillah luar biasa allahu akbar,happy,0.16
tangannya di gips saja masih semangat main,neutral,0.32
deg degan menunggu hasil pengumuman tadi pagi,anxious,0.71
ini kcg rumahan tidak kemana mana sama mamanya terus tapi itu lehernya kayak luka apa karena suka gelut diajari mamanya itu ya tapi masa sih kcg by the way itu aku pegang posisi dia nyaman dan bentar kok,anxious,0.83
benar banget by the way beliau kan salafi ya jadi ajaran nya keras banget sesuai tuntunan alquran dan al hadis tetapi memang banyak banget yang suka fitnah beliau,neutral,0.32
kemarahan bisa begitu memuncak hanya karena awal yang remeh marah pada orang lain adalah kelemahan begitu juga dengan menghindari mereka kita digambarkan bagaikan prajurit yang desersi lari meninggalkan tugas dan di dalam dunia militer perilaku desersi sangat terhina,neutral,0.34
sepi banget bikin sedih,sad,0.7
srs benci giler dengan orang yang tak sabar dan tak hormat cuti orang,angry,0.88
malam ini kepikiran terus jadi sedih banget asli sama teman kantor,sad,0.84
halo admin mau tanya syarat untuk terbang dari juanda ke kualanamu kalau sudah vaksin dosis pakai antigen saja harus pacar ya dan tesnya bisa diambil di luar atau disediakan di bandara ya karena saya naik penerbangan pertama besok terima kasih,neutral,0.24
menunggu banget nanti malam karena mau lihat konfliknya menunggu banget nanti malam karena mau lihat siapa penulis barunya biasanya suka muncul itu di opening,happy,0.09
bdsm bangun dengan semangat mengkangen,happy,0.08
emosi lihat komentar orang tadi padahal sudah coba santai tadi pagi sendiri,angry,0.82
kamu tahu aku selalu selalu melawan pikiran cemas yang senang sekali terlintas di pikiranku tentangmu pantaskah aku bagaimana jika kamu pergi bagaimana jika suatu saat perasaanmu hilang,happy,0.17
sudah sabar tapi masih dibohongi di kantor sama keluarga,angry,0.82
tak apa kalau kamu rasa yakin teruskan jangan takut,neutral,0.25
kamu cuma kaget an ayam saya juga bisa kaget idiot amat jadi orang,angry,0.99
santai buat cowok tidak uh emosi sabar oke biarkan mereka menilai seperti ya apa tentang cowok kita cukup memilih mana yang lebih cocok lucu,angry,0.98
haloo tataa yang semangat ya mengejar deadline nya,happy,0.11
kakak sedih banget progja sudah selesai semuaa hwaa tidak mau udahan kkn nya,sad,0.66
geram banget sama pelayanan tadi agak random sih bareng teman sendiri,angry,0.72
punya lah senang benda nih ah kenapa dulu masa study aku budu betul ah,happy,0.17
jadikanlah dirimu alasan orang lain tersenyum bahagia,neutral,0.38
orang bodoh bisa berbahagia dengan kebodohnya,neutral,0.35
puji tuhan senang banget pagi pagi dapat kabar kalau jimin sudah bisa pulang ke rumah,happy,0.02
personal order buat pbox sudah kami bagikan ya di square kode nya bagi yang mau silakan langsung replay saja di square atau langsung direct message kesini ditunggu sampai jam pm,neutral,0.28
mengeluarkan malah di bilang palsu fake buatan agensi pelajaran deh sebagai fan kita juga harusnya bisa perlakuin idol selayaknya manusia biasa bisa salah bisa marah bisa mengumpat by the way saya tiba tiba bilang begini gede rasa habis dengar lagu mark child di tambah day zombie dan day stop membicarakan,neutral,0.23
aku cuma ingin istirahat sebentar dan kepikiran terus di kampus sendiri,sad,0.61
dengarkan kata abang dulu abang umur tahun bisa dapat piala fa kalau adek gagal tidak apa apa semangat perjalanan masih panjang tapi abang pesan jangan kayak sih kayu hijau itu ya,neutral,0.36
iya makanya saya takut banget,anxious,0.89
akhir akhir ini cemas terus jujur saja di rumah sendiri,anxious,0.81
asli enak banget apalagi kamunya sambil desah kencengg uh,happy,0.17
semoga saja lah menang,neutral,0.22
takut gagal di presentasi besok tapi ya sudahlah di kantor sama keluarga,anxious,0.91
ibu marah gara gara saya sarapan sambil menonton aouad katanya apa tidak jijik melihat yang begituan,neutral,0.21
kecewa broken membuang sedih membuang masalah paling parah sih ingin pindah on,sad,0.77
sedih anjir pagi pagi dapat kabar begini terima kasih denise sudah menjadi bagian dari secret number dan lockeys dimana pun kamu akan selalu menjadi fan dihati lockeys,sad,0.6
jujur takut digetok mami beli hoodie lagi,anxious,0.89
minum kopi enak,happy,0.03
rasanya sedih banget akhir akhir ini banget asli bareng teman sama keluarga,sad,0.56
lelah sih tapi puas hasilnya bagus waktu malam sama teman kantor,happy,0.07
hari ini berat banget dijalani hari ini di rumah,sad,0.7
ini pada pindah ke facebook apa sepi amat tumben lah ini lucu,neutral,0.26
jika basah karena hujan saja engkau resah lalu bagaimana mungkin kamu bilang akan membasuh hati yang lesu,sad,0.55
rasanya gugup terus hari ini dan kepikiran terus sendiri,anxious,0.84
ih sedih masa semangat akak,neutral,0.37
kecewa banget sama hasilnya pas perjalanan,sad,0.77
malu aku tidak lagi deh komen di postingan yang war,anxious,0.75
hidup saya sepi amat iya,sad,0.77
makan apaan hampir dolar sekalia kayaknya semahal nya makan biasa di sana dolar itu pun bangsa cuma sekali dalam rentang sekian hari kalau lagi jalan ke sana saja sisanya makan di bawah dolar pun jadi lucu,neutral,0.35
otak mesum ya kayak begini nih tolol,angry,0.89
ular buaya tikus juga kalau sudah dipanggang pasti enak,neutral,0.26
khawatir sama kondisi sekarang hari ini tadi pagi sendiri,anxious,0.86
sumpah ini keren banget sebutan komputer manusia karena beliau mempunyai kecepatan yang luar biasa dalam melakukan pekerjaannya sebagai analisis data kuncinya adalah tetap menjadi diri sendiri,happy,0.15
wah lini masa saya masih sepi sekali menyapu lini masa,neutral,0.3
emosi lihat komentar orang tadi lucu di kantor sama keluarga,angry,0.71
makan favorit hari ini bikin bahagia banget asli pas perjalanan sama keluarga,happy,0.22
kok dia mau ngedads bodoh sih pakai kasih nama pengguna akun itu agak bodoh ya lucu terus habis itu kamu apakan anaknya wack tidak kamu sidah isbat anaknya,neutral,0.21
ketularan kaget pengawasan tidak beres,anxious,0.72
mulutnya itu lo ya ampun aku diusir gara main ke homeparty mereka yang kebetulan cuma orang doang ku kira adalah sepi kasihan begitu jadi aku ikut gabung eh pas gabung malah dikata ini,angry,0.89
makan favorit hari ini bikin bahagia lucu bareng teman,happy,0.12
bagaimana damai dengan rasa kecewa bagaimana,sad,0.62
kepikiran banyak hal sampai susah tidur banget di kantor sama teman kantor,anxious,0.91
kesal banget hari ini hari ini sendiri,angry,0.88
normal aku selalu pesan kat adik aku jangan merayau merata jangan pergi kedai depan takut nanti sini langgar dengan motor kalau lapar pergi bilik ayah angkat mintak makanan dengan di orang bagi siap makanan,neutral,0.34
kalau tai sampai nge post ulang foto yang diledekin seok jin i get itu tai kenapa itu sedih banget buat kamu,sad,0.7
treasure island cup bonek tak terima dengan baik dan benar saja tak cukup untuk membuat kulit wajah yang cantik dan seksi pada saat itu juga ya juragan tidak ada yang bisa bisanya cuma bisa dinikmatin sama jomlo,neutral,0.37
semangat kementerian badan usaha milik negara pak menteri badan usaha milik negara erick thohir badan usaha milik negara hadir untuk negeri demi pemerataan pembangunan dan kesejahteraan masyarakat indonesia semangat pak,happy,0.14
dapat kabar baik dari keluarga tadi pagi lucu di kampus sama teman kantor,happy,0.28
bingung dan takut ambil keputusan serius bareng teman sama dia,anxious,0.81
kesal banget hari ini lucu tadi pagi sama keluarga,angry,0.82
kehilangan semangat buat kenapa apa serius di rumah sama keluarga,sad,0.58
saya baru sadar minggu lalu dengan emosi tidak stabil mulai dari merasakan marah sedih menangis dan sampai kayak orang depresi karena secapek itu tapi pas saya tau oh paham ternyata penyebab nya pra menstruasi which is sometimes itu si killing me,neutral,0.37
terima kasih ya sudah bikin hariku lebih baik sih pas perjalanan sama dia,happy,0.2
merasa sendirian akhir akhir ini dari tadi kepikiran pas perjalanan sendiri,sad,0.7
yang belum saya facebook bentar ya aksjsj saya takut limit,anxious,0.83
nunaa nuna keyyen anenn apa kabar nun huee kangen banget juga sedih nunn paling banyak kangen kangenan doang t t,neutral,0.33
memang benci banget sih kalau lihat komen di tiktok kalau main tiktok jarang buka komen biar tidak emosi sendiri lucu,angry,0.97
korintus tb tetapi pikiran mereka telah menjadi tumpul sebab sampai pada hari ini selubung itu masih tetap menyelubungi mereka jika mereka membaca perjanjian lama itu tanpa disingkapkan karena hanya kristus saja yang dapat menyingkapkannya,neutral,0.39
lelah sama keadaan sekarang jujur saja sendiri,sad,0.74
full sedih maszehh,sad,0.67
malam ini kepikiran terus jadi sedih agak random sih pas perjalanan sama dia,sad,0.66
malam ini kepikiran terus jadi sedih dari tadi kepikiran waktu malam sama teman kantor,sad,0.84
malam ini kepikiran terus jadi sedih serius sama dia,sad,0.56
akhir akhir ini cemas terus banget di kantor sama dia,anxious,0.97
katanya orang bisa jadi bodoh karena cinta tapi aku tidak peduli semua itu aku cuma pikir betapa bodoh anger saya senin kemarin ampir di serempet motor karena bule tolol naik nmax lawan arah saya posisi lihat kanan karena laju kendaraan dari sana kan eh sih bangsat ngebut dari kiri benar inch from terrible accident anger aku marah karena dia berantakan banget sudah tidak mau bereskan tetapi aku yang disebut gila harus diruqyah anjing ingin punya rumah sendiri biar bisa pergi jauh dari keluarga ini minimal aku lah yang mati lebih dahulu anger sama diri sendiri saja tidak jujur kalau sakit ya bilang bodoh obatin bukan di sangkal anger etmin harus banyak banyak sabar walau sebenarnya aku lihatnya juga ikutan emosi anger sampai gue pernah bilang ke dia kalau ketemu kucing saya di rumah situ menabok saja pakai sapu tusuk kepalanya lemparkan saja dari lantai situ saking sudah kesal marah banget,angry,0.88
makanya bersiap kecewa sama wakilnya sendiri,sad,0.53
anjing korupsi sama cuma tahun bulan apa kabar yang maling ayam karena lapar karena hak nya di makan oleh pejabata macam manusia ini indonesia oh indonesia miris banget negara aku,angry,0.97
sepi,sad,0.65
rasanya gugup terus hari ini sih waktu malam sama dia,anxious,0.75
hari ini berat banget dijalani serius di kampus sama teman kantor,sad,0.74
di anyara anggota daerah khusus ibukota aku ingin macarin model kasino marah saja lucu sewotnya apalagi pas merayu cewek,angry,0.89
kesal banget sama orang yang tidak tepat waktu jujur saja bareng teman sama keluarga,angry,0.88
debut tahun boa sebut pertama kali lakukan hal ini bareng member got the beat bikin karina aespa dan taeyeon snsd kaget,neutral,0.39
ya allah kabar baik bismillah ya allah ini jalannya,happy,0.05
kyu kata saya ajak yang lain juga deh kalau pada tidak mau teror saja pakai chucky,anxious,0.78
merasa sendirian akhir akhir ini banget sama dia,sad,0.6
lah bego itu all of us are dead kali gwinam,angry,0.99
kehilangan semangat buat kenapa apa jujur saja di rumah sendiri,sad,0.57
kesal banget hari ini di kantor,angry,0.82
terima kasih ya sudah bikin hariku lebih baik banget tadi pagi sendiri,happy,0.23
takut gagal di presentasi besok sih waktu malam sama keluarga,anxious,0.79
anjir jun malu banget enggak terus diapakan habis itu,anxious,0.73
seru banget bikin emosi,happy,0.13
tidak editan itu ancene sudah sini lagi sedih malah dsenggol,angry,0.98
hi pasti lagi mencari jasa ujian nasional sus ujian nasional lock ya bisa ke iya unlock all case ke acc unlock umur ke acc unsus biasa ke acc payment dilakukan di akhir a close uns permanen semi perm,neutral,0.4
happy birthday jiann adik gantengkuu gemas lucu kuat perkasa semoga rl charamu dan kamunya sukses terus bahagia selalu dikasih banyak rejeki kedamaian hidup banyak yang makin sayang sama kamu juga have a wonderful day,happy,0.18
senang banget hari ini ketemu teman lama tapi ya sudahlah di kampus sendiri,happy,0.21
rasanya gugup terus hari ini hari ini di kampus sama teman kantor,anxious,0.74
kok kamu bego,neutral,0.37
tetap saja ongkirnya bikin kaget,anxious,0.71
emosi lihat komentar orang tadi padahal sudah coba santai di kampus,angry,0.76
punya lama guna sonicator pasti semalam najmi cakap tahu tak sonicator nih boleh buat jadi mandul i was like aneh aneh lah dia nih pasti tanya akmal akmal iya kan benci kakak tanya di orang nih double confirm kat google dengan adnin tipu je di orang nih,angry,0.89
kalau habis mandi terus mengaca kadang suka pikir gila sih muka saya mirip alien banget,sad,0.64
semangat dungs pc merchku belum datang jadi harus tetap semangat,happy,0.05
orang itu bikin emosi banget serius di kampus sama dia,angry,0.77
pagi sudah di buat emosi,angry,0.9
makan enak,happy,0.1
marah banget karena pekerjaan berantakan hari ini di kampus sama keluarga,angry,0.9
makan favorit hari ini bikin bahagia agak random sih pas perjalanan sama teman kantor,happy,0.12
saya takut di dapat guru wml biar tidak ketahuan buku,anxious,0.87
hai sobat bank rakyat indonesia pesan telah kami respon melalui direct message akun resmi bank rakyat indonesia terdapat centang biru verified dan channel private resmi bank rakyat indonesia melalui whatsapp hanya nomor tks shima,neutral,0.26
saya tidak di ajarkan bermulut manis dan bermuka lebih dari satu suka saya katakan benci saya tunjukkan sayang saya buktikan karena saya bukan yang memberi senyum kebhongan,neutral,0.29
lelah sama keadaan sekarang di kantor sama dia,sad,0.84
sepi amat,neutral,0.22
maklum mereka sudah pada gila semua gila cari untung untuk pindah ibu kota gila cari untung dengan uang pasokan asing gila cari untung dengan akhir masa jabatan lalu sama sama rampok negara kesatuan republik indonesia bangsat,angry,0.96
kadang kalau lagi deep talk sama ayah suka mau menangis saja apalagi kalau soal pendidikan ayah gue ingin banget kalau gue kuliah karena memang kakak sudah tidak kuliah bukan karena biaya kakak gue tidak kuliah tapi sudah keenakan kerja jadi dia malas kuliah,sad,0.69
rasanya ingin marah terus banget asli waktu malam sendiri,angry,0.89
akhirnya lolos interview kerja padahal sudah coba santai waktu malam sendiri,happy,0.07
tetap saja namanya selingkuh kok ya tolol banget kebanyakan alasan,angry,0.93
kalau kebalik bagaimana jangan jangan semua dari nusantara sekarang juga sudah biasa kita kirim barang baku balik balik barang jadi yang kita anggap asli luar catatan sejarah adalah potret waktu peristiwa bukan sejarah itu sendiri,neutral,0.3
braw takut banget tiap hari ambulance lewat terus stay aman guys kurangi nongkinyaa,anxious,0.87
emosi lihat komentar orang tadi dari tadi kepikiran di kampus sama dia,angry,0.72
tidak usah mewek biasa saja ibarat pepatah sekali merengkuh dayung berenang renang kemudian,neutral,0.26
aura tidak apa apa kalau kamu menangis dan bikin kamu bisa mengeluarkan emosi yang kamu rasakan tapi jangan lupa untuk tetap tersenyum ya besoknya tidak apa apa menangis sebanyak nya kalau itu memang bikin kamu lebih baik walaupun sedikit,sad,0.69
tidak katla tidak wordle yang hari ini bikin tegang semua,anxious,0.89
kenapa sih harus bikin masalah terus banget asli bareng teman,angry,0.91
bingung dan takut ambil keputusan dari tadi kepikiran waktu malam sama dia,anxious,0.72
orang itu bikin emosi banget banget di rumah sama dia,angry,0.87
bingung dan takut ambil keputusan hari ini di kantor sama dia,anxious,0.8
hari ini berat banget dijalani sih bareng teman sama keluarga,sad,0.57
mau marah sayang pembaruan gue sudah tidur,angry,0.93
deg degan menunggu hasil pengumuman tapi ya sudahlah bareng teman sama teman kantor,anxious,0.71
emosi bung,angry,0.86
senang banget dia sudah seperti biasa lagi mantap,happy,0.14
hari ini berat banget dijalani tapi ya sudahlah tadi pagi sama teman kantor,sad,0.7
senang banget hari ini ketemu teman lama tapi ya sudahlah tadi pagi sama dia,happy,0.12
hari ini produktif dan suasana hati bagus dan kepikiran terus waktu malam sama keluarga,happy,0.19
sekarang lagi jaman yang tidak suka film drama korea juga nghype film drama kor ya nanti review jelek alah kalau memang sudah tidak into adalah mau sebagus apapun akan tidak masuk heran deh pada senang banget review jelek ke sesuatu yang lagi ramai dikira keren banget apa ya,angry,0.93
temtu saja akan hadir,neutral,0.32
notifikasi terpantau sepi,neutral,0.38
anak cucu para bangsat bangsa,angry,0.97
rasanya ingin marah terus hari ini di rumah sendiri,angry,0.65
harusnya cara nya bisa biasa saja benar benar bikin speechless gila,neutral,0.27
sejujurnya im not the cheerful tipe orangnya lebih suka diam kalau tidak penting malas berbicara tidak mau sok asyik juga but karena tuntutan peran jadi sok baik deh lucu lucu banget memaksakan buat dua faced kesal juga sebenarnya,angry,0.96
makanya anjir saya emosi kesal banget nontonnyaa,angry,0.96
marah banget karena pekerjaan berantakan padahal sudah coba santai di kampus sendiri,angry,0.86
akhir akhir ini cemas terus sendiri,anxious,0.92
breadtalknya aku kasih teman tidak suka abon rasanya aneh lucu itu dibelikan cust,neutral,0.33
enak banget pagi pagi masih bisa berak,happy,0.03
dgrin child sambil ingat dulu menonton mereka zaman rookies agak sedih begitu sudah pada gede semua tidak ada yang kepala lagi padahal dulu tidak terlalu suka mereka karena lihatnya kayak masih bocah begitu padahal juga gedean mereka v,sad,0.64
apa aku beres rumah dulu ya biar enak,neutral,0.38
rasanya gugup terus hari ini padahal sudah coba santai di kampus,anxious,0.95
hanya orang biasa dengan mimpi yang biasa saja,neutral,0.34
kepikiran banyak hal sampai susah tidur agak random sih,anxious,0.95
gemini plin plan banget suka banget ngerubah rencana seenaknya mana orangnya tidak jelas,angry,1.0
malam ini kepikiran terus jadi sedih banget asli bareng teman sama keluarga,sad,0.68
meratib takut raya lps itu unggah gambar tidak jalan tempat viral,anxious,0.8
takut gagal di presentasi besok banget asli sama keluarga,anxious,0.78
dapat kabar baik dari keluarga tadi pagi dari tadi kepikiran sama keluarga,happy,0.29
sange sama perempuan lain puasa tahan diri jaga pandangan bukan poligami bangsat kamu miskin tapi gegayaan poligami itu bagaimana ceritanya nanti istri jelek tidak keurus karena kamu tidak kasih duit langsung ditinggalkan heran saya kenapa laki laki punya otak tidak dipakai sudah,angry,0.88
lelah menghadapi orang yang egois sumpah tadi pagi,angry,0.93
dan pun ketika jatuh gagal kamu tidak akan sedih dan kecewa berlebihan tetap semangattss,neutral,0.26
kenapa sih harus bikin masalah terus sumpah di kampus sama keluarga,angry,0.87
sudah mbak tidak usah dilanjutin debatnya cowok cuma pikir enak adalah sudah mbak stop saja lelah nanti bikin kesal saja,angry,0.93
gue merasa cringe banget anjir dari kemarin kayak mau mengetik kak itu a nya suka hilang jadi kakak memang sama saja sih cuma kan kesannya baku banget seperti gue mengetik kakak tetapi di singkat jadi kakak lucu kocak and tertawa deh pokknya,happy,0.17
hapuskan semua gelisah,neutral,0.35
asli takut di bagian reading sama speaking,anxious,0.75
bingung dan takut ambil keputusan tapi ya sudahlah waktu malam sama dia,anxious,0.94
bahagianya ketemu pacarkuu,happy,0.17
senyum sendiri pas ingat kejadian tadi padahal sudah coba santai tadi pagi sendiri,happy,0.06
rasanya ingin marah terus tapi ya sudahlah tadi pagi sama dia,angry,0.67
geram banget sama pelayanan tadi sih di rumah,angry,0.74
twit gue mulai tidak jelas nih sepertinya mulai sedih marah kesal nyinyir lambe lebih bukan kind human lagi oke let si go ke pak ayi aku mengobati mental ku dulu gais,sad,0.67
meski sudah tiada tapi jasa glenn fredly dalam industri musik tanah air sangat luar biasa karya karya yang diciptakan glenn fredly sampai saat ini terus dihati masyarakat indonesia,neutral,0.38
geram banget sama pelayanan tadi sendiri,angry,0.74
orang islam tidak butuh orang bodoh,neutral,0.32
menyontek pas ujian seni musik ya allah percayalah di sekolah saya semua anak lebih takut remidi musik ketimbang pelajaran eksakta lainnya soalnya susah dan malas banget gurunya paling killer seantero sekolah,anxious,0.79
assiikk sudah hari sabtu saja nih yang masuk kerja tetap semangat ya indihome selalu mendukung aktivitas onlinemu,happy,0.13
yang dinamakan orang prik bin tolol,angry,0.86
kdrun bego itu,angry,0.97
hari ini berat banget dijalani hari ini bareng teman sendiri,sad,0.56
kehilangan semangat buat kenapa apa serius di rumah sama dia,sad,0.85
karena belum dapat gantinya karena belum tentu pekerjaan yang baru lebih enak daripada yang lama,neutral,0.22
khawatir sama kondisi sekarang serius di kampus sama teman kantor,anxious,0.85
anda memang bodoh,angry,0.98
dijelasin kenapa tubuh inang bisa kalah karena keinginan hidup virus jauh lebih kuat nah untuk kasusnya gwinam keinginan hidupnya lebih kuat karena dia punya dendam ke cheongsan makannya dia tidak kalah dan masih bisa sadar dari virusnya,neutral,0.25
rasanya kosong saja hari ini tapi ya sudahlah di kantor sama dia,sad,0.65
deg degan menunggu hasil pengumuman tapi ya sudahlah pas perjalanan sama teman kantor,anxious,0.93
rasanya sedih banget akhir akhir ini hari ini waktu malam sendiri,sad,0.63
deg degan menunggu hasil pengumuman dan kepikiran terus waktu malam sama keluarga,anxious,0.91
emosi dituangkan dalam tulisan jadi keren begini gila sih keren banget semangat menulisnya,happy,0.02
ya namanya juga khilaf biasa saja though min,neutral,0.34
takut banget grup b,anxious,0.89
makan favorit hari ini bikin bahagia banget asli bareng teman sama teman kantor,happy,0.12
terima kasih buat sejauh ini terima kasih sudah baik banget sudah selalu kasih support ke aku juga sudah peduli banget sehat bahagia selalu kalian,happy,0.13
saya benci sekolah,angry,0.87
emosi lihat komentar orang tadi lucu pas perjalanan sama teman kantor,angry,0.81
sedih banget,sad,0.73
kenapa kamu yang emosi,angry,0.93
banyak juga boleh kak asal jangan kelepasan takut tidak ke rem loss pula lagi,anxious,0.9
takut kalau hasilnya jelek jujur saja di kantor sendiri,anxious,0.8
senyum sendiri pas ingat kejadian tadi sumpah sendiri,happy,0.27
makin hari makin tahi palat lucu awal saja itu lai jangan teh mun tidak beduit tidak kok bguna itu bangsatt lucu,angry,0.95
diberau ada konflik lagi antara dayak sama bugis jadi khawatir keadaan ayah mana handphonenya tidak aktif di tlf ayah,anxious,0.86
jap i confuse crush i kan up status tak ada sapa sayang dia padahal dia tahu i suka dia and kalau nak cakap lupa i tengok status dia hari,anxious,0.84
kak ann thankyouu karena kamu sudah bikin au sebagus ini aku menangis banget bukan menangis yang sedih tetapi menangis yang kayak bahagia dan terharu baca cerita kamu ditambah lagi ada beberapa poin yang relate sama hidupku jadi tiap baca partnya kayak aku lihat diri sendiri juga didalamnya,happy,0.14
orang itu bikin emosi banget pas perjalanan,angry,0.93
ya serius tidak masuk mengsedih sama sama hydra semangat ya,sad,0.58
tetapi takut banget tiba ppkm bagaimana,anxious,0.84
ngulet di kasur kenapa enak banget lucu,happy,0.17
lelah menghadapi orang yang egois jujur saja di rumah,angry,0.7
rasanya gugup terus hari ini dan kepikiran terus di kantor,anxious,0.71
malam ini kepikiran terus jadi sedih di kampus sama keluarga,sad,0.62
anjing babi bangsat abang saya kecelakaan pelakunya kabur setan,angry,0.94
dapat kabar baik dari keluarga tadi pagi hari ini pas perjalanan sama keluarga,happy,0.07
deg degan menunggu hasil pengumuman serius pas perjalanan sendiri,anxious,0.71
cemas memikirkan masa depan padahal sudah coba santai pas perjalanan sama dia,anxious,0.82
kaget akun gue ke log out sendiri,anxious,0.88
om gal aku sedih,sad,0.58
agak kesal tetapi tidak apa apa,angry,0.96
terima kasih ya sudah bikin hariku lebih baik dari tadi kepikiran di kantor sendiri,happy,0.28
layout mu keramat aku jadi takut ajak barengan,anxious,0.89
saya tipe orang yang kalau sudah suka sama orang bakal suka banget kalau benci ya benci banget,neutral,0.34
lelah menghadapi orang yang egois serius bareng teman,angry,0.86
aku cuma ingin istirahat sebentar dan kepikiran terus pas perjalanan sama dia,sad,0.64
aku kira kamu rumah itu yang bipolarnya cewek tidak tau juga tingkat berapa cewek itu depresinya lebih tinggi makanya lebih susah ngontrol emosi,neutral,0.36
kebahagiaan akan datang ketika anda mampu membuat orang lain bahagia,neutral,0.28
lah tibe kena marah,angry,0.98
ada sapol juga tapi takut tiba yong drop sesuatu,anxious,0.72
rasanya gugup terus hari ini lucu waktu malam sama dia,anxious,0.73
kehilangan semangat buat kenapa apa jujur saja pas perjalanan sama dia,sad,0.63
baru saja mengirim foto manyar gresik,neutral,0.25
kok kamu tolol banget sih nder,angry,0.97
kepikiran banyak hal sampai susah tidur tadi pagi,anxious,0.92
deg degan menunggu hasil pengumuman banget di kantor sama keluarga,anxious,0.93
jangan sedih via,neutral,0.22
cemas memikirkan masa depan sih di kampus sama dia,anxious,0.94
siapa yang membuat ibu dan bapaknya gembira memberi keridhoan maka sesungguhnya ia mendapat rida allah si gue t hadis riwayat bukhari perjuangan penerapan syariat,neutral,0.29
memulai pagi dengan bismillah mari kita memulai ikhtiar kembali semangat pagi eak,happy,0.03
bingung dan takut ambil keputusan sih pas perjalanan sendiri,anxious,0.71
ternyata manfaat marine collagen itu biasa saja dengan penjelasan collagen klik,neutral,0.36
makanya yuyur agak kecewa biasanya mhy pintar bikin baju bozz,sad,0.56
kayak orang tolol,angry,0.88
ya smsm ayo ya sudah siapa takut,neutral,0.36
sudah biasa,neutral,0.34
akhirnya tugas selesai juga lega banget padahal sudah coba santai waktu malam sama dia,happy,0.22
lucu mau change be februari memang kau kau sih suami kena marah sebab tak ingat birthday sih isteri aku ingat ayah aku kahwin lain tadi dalam rumah ini tiada yang birthday hari ini esok adalah birthday my indak sis,neutral,0.34
lelah menghadapi orang yang egois hari ini pas perjalanan sama teman kantor,angry,0.74
emosi lihat komentar orang tadi jujur saja di kampus sama teman kantor,angry,0.8
sumpah shara bangsat anjing bajingan,angry,0.99
lucu apa ke distract ya ayo kerjain sekarang semangat,happy,0.08
mau positip takut ceweknya jealous kah masalahnya saya bukan jennie,anxious,0.84
aku benci banget sama kamu hatimu itu bagaikan busway yang sering mengeluar masukan orang lain,angry,0.88
aslinya sih mbak dita ya menyesal apalagi sampai dibaca mbak dita dia jawabannya profesional ya kali mau marah marah dan mengemis mengemis jangan out dong nanti kan kita sedih blah blah blah kan tidak etis kita yang sebagai lockey harusnya yang bisa jaga perasaan,neutral,0.22
bangsat itu apa kak,neutral,0.37
kayak bagaimana ya kadang itu melihat kebodohan orang itu bikin ingin hihh sudah tau ada gejala kamu bilang kamu sakit tenggorokan waktu tes positif kok kaget tidak ada gejala lah itu yang kamu tulis sebelumnya apaann,angry,0.93
kenapa belum sarapan dong apa tidak biasa sarapan,neutral,0.22
benci banget saya sama yang jualan agama agama cuma topeng,angry,0.98
ih tolol ya ketakutan tantrum bocahnya dikampus sampai malam,angry,0.92
tak ada yang bisa ku lakukan selain melihat dan membuatmu bahagia,happy,0.0
hari ini berat banget dijalani banget di rumah sendiri,sad,0.73
hari ini berat banget dijalani dan kepikiran terus di kantor,sad,0.7
suka kesal tidak sih ketika sudah dibantuin itu tidak bilang terima kasih bukannya gue mau mengemis ucapan terima kasih tapi kayak sifat kamu kesannya jadi jelek di gue apa susahnya mengetik terima kasih begitu apalagi kamu meminta bantuan sama orang random ketemu di internet,angry,0.87
khawatir sama kondisi sekarang banget bareng teman,anxious,0.75
haai sender selamat pagi aku mau mengenalkan anak aku namanya kaitlyn yang bisa banget kamu ajak food date mcflurry hari ini lah kalau untuk varian mcflurrynya kaitlyn suka yang mana saja kok atau nanti kamu bisa mengobrol lagi sama kath ya sender,happy,0.04
makan favorit hari ini bikin bahagia sumpah bareng teman sama dia,happy,0.17
agak malu tetapi alhamdulillah sih lucu,happy,0.15
masih susah pindah on dari kejadian itu dari tadi kepikiran waktu malam sendiri,sad,0.65
senang banget hari ini ketemu teman lama padahal sudah coba santai tadi pagi sendiri,happy,0.29
by the way hai all apa kabar,neutral,0.38
aku cuma ingin istirahat sebentar banget asli di kantor,sad,0.62
tidak malu apa ya,anxious,0.79
jadi sedih aku,sad,0.66
sedih banget liatnyaa jadi ikutan menangis,sad,0.53
bingung dan takut ambil keputusan tapi ya sudahlah pas perjalanan sama teman kantor,anxious,0.83
aku pernah nih begini lebih ke malu sih lucu karena masak bareng teman tapi seru,happy,0.06
aku malu aku malu,anxious,0.89
hem benci banget sama akgae akun yang suka bahas member saja terus suka bertengkar sama akun lain sudah aku bub bertengkar begitu lama lama bakal saling menjelekkan member lain terus berubah jadi akgae aku maless mutualan sama ornag kayak begitu,angry,0.87
rehat sejenak dulu kok kalau sudah full gaskeun lagi biar enak,neutral,0.22
khawatir sama kondisi sekarang agak random sih di kantor sendiri,anxious,0.78
baru saja diresmikan presiden jokowi waduk pidekso giriwoyo wonogiri menelan korban seorang bocah tenggelam terperosok ke dalam bekas galian sedalam hampir meter,neutral,0.37
takut sama sembi,anxious,0.89
kamu juga ya isal semangat,happy,0.07
lelah sih tapi puas hasilnya bagus dan kepikiran terus sama dia,happy,0.11
lelah sih tapi puas hasilnya bagus dan kepikiran terus di kampus,happy,0.13
lucu benaran takut tetapi,anxious,0.85
sedih jisoo belum lirik direct message aku,sad,0.61
jangan sedih bila belum dipromosi karena tidak pandai cari muka muka akan datang jika anda tetap bekerja dengan hati,neutral,0.38
emosi lihat komentar orang tadi tapi ya sudahlah waktu malam sama dia,angry,0.69
senyum sendiri pas ingat kejadian tadi sih waktu malam sama keluarga,happy,0.23
sepertinya gusti allah marah sama aku,sad,0.52
saya paling suka romansa sama jolly wanginya manis tapi pas kalau yang manis banget itu charming lembut tapi manis banget kalau ingin tidak terlalu manis bisa coba yang fantasia kalau freshy aroma manisnya beda tidak lembut begitu manisnya lebih ke nyegerin this is my opinion,happy,0.05
kecewa banget sama hasilnya sih sama dia,sad,0.76
benar banget lucu sampai sekarang masih suka terbayang sendiri teman yang baru menonton saja aku jadi ikutan menonton saking gamonnya,happy,0.15
lagunya mark enak banget asli,happy,0.17
enak ya bangun tidur langsung cuddle sama ayam,happy,0.12
rasanya kosong saja hari ini lucu pas perjalanan sama keluarga,sad,0.6
masih sepi ya,neutral,0.29
rasanya sedih banget akhir akhir ini tapi ya sudahlah di kantor sama dia,sad,0.71
dengar dengar rupiah makin sepi ya,neutral,0.3
senyum sendiri pas ingat kejadian tadi di kantor sama keluarga,happy,0.2
hari ini berat banget dijalani agak random sih bareng teman sama dia,sad,0.6
rasanya ingin marah terus padahal sudah coba santai di kantor,angry,0.83
lelah menghadapi orang yang egois dari tadi kepikiran waktu malam,angry,0.66
aku tidak suka yang bertele tele phi enaknya terima kasih nya phi jangan bosan bosan kasih aku makanan dan kawan kawannya,happy,0.14
sih mutajir mancing emosi sih pagi,angry,0.9
kadang itu kalau malam terus kamar sunyi tiba ada suara cicak itu takut anjir saya langsung bangun lagi,anxious,0.82
bissmillahirohmanirrohim saja sih pada takut ina masuk grup neraka padahal ina sering buat itu grup jadi neraka,neutral,0.23
anxious banget sebelum meeting tadi di kantor sama keluarga,anxious,0.91
kepikiran banyak hal sampai susah tidur pas perjalanan sendiri,anxious,0.71
bego pelihara yang dipelihara itu kudunya tuyul ya mbak,angry,0.88
rasanya gugup terus hari ini tapi ya sudahlah bareng teman sama keluarga,anxious,0.75
hari ini dapat kabar baik,happy,0.04
aku sumpah benci kutu buku yang main roman buku setiap hari pasti poyo nn hotboys,angry,0.85
baru sadar ternyata senyesek ini suka sama orang yang sudah punya pacar saya menyalahkan diri sendiri karena dulu terlalu takut padahal dia sudah kasih kode sering chat random sering menempel sama saya mulu tetapi saya terlalu takut mulai hal baru dan tadi lihat dia repost cerita pacarnya like seharusnya itu saya,sad,0.78
kesal banget hari ini tapi ya sudahlah di rumah,angry,0.85
takut gue dicium macan pendekar biru,anxious,0.81
lelah sih tapi puas hasilnya bagus tapi ya sudahlah waktu malam sama dia,happy,0.07
melankolis mudah untuk sedih gelisah galau dan melow,neutral,0.31
lelah sama keadaan sekarang serius di kampus sama teman kantor,sad,0.62
pernah menonton filmnya benar sepi sih tetapi boom menangis banget,sad,0.76
terima kasih ya sudah bikin hariku lebih baik sih pas perjalanan sama dia,happy,0.15
aku suka dari rg sama pahamify sering mengadakan gratis terus instagram juga banyak tapi ribet banget syaratnya suruh bagikan grup kadang,neutral,0.36
yellow iya pas sedih lucu viva lah vida tidak terlalu sih,sad,0.73
lelah sih tapi puas hasilnya bagus serius waktu malam,happy,0.08
simpang tengkawang antrean kendaran normal dikeempat kaki simpang situasi arus lalu lintas lancar,neutral,0.34
emosi lihat komentar orang tadi serius waktu malam sendiri,angry,0.95
sedih banget dah kucing gue ada itu yang selalu dilepas dari kecil tapi ya selalu ingat pulang karena mereka memang tidak suka main terlalu jauh dari rumah begitu,sad,0.61
akhirnya lolos interview kerja padahal sudah coba santai waktu malam sendiri,happy,0.13
hari ini berat banget dijalani sih di rumah sendiri,sad,0.63
rasanya gugup terus hari ini jujur saja tadi pagi sama dia,anxious,0.92
karena saya sedih karena hyunho saya harus bikin au fluffy ayo little blessing markitabuat,sad,0.78
semangat walaupun dalam hati berkata bangsat,angry,0.97
bangsat,angry,0.92
ganti saja dengan kata komplotan,neutral,0.27
kesal banget sama orang yang tidak tepat waktu agak random sih waktu malam sama teman kantor,angry,0.65
benci tasik benci jakarta,angry,0.86
enaknya itu makan bakso makji soalnya dari pagi hujan terus ingin beli makan tapi takut tiba hujan deres lagi,anxious,0.88
hujan tak kunjung reda setiap hari hujan mulai menemani nih jadi malas keluar rumah untungnya wifi rumah pakai indihome jadi tidak takut internet lemot,anxious,0.73
nah sih cewek bego ini lah contoh pengguna tiktok yang bego nya sudah sampai dna,angry,0.9
hi teman smartfren biar makin semangat lihat kucing lucu menggemaskan banget ya kak terima kasih alin,neutral,0.21
min mending pc nya dibanyakin deh supaya kejadian yang merugikan tidak terjadi lagi kontrak dengan dreamies nya setahun kan nah perbanyak pc nct dream nya selama setahun ini supaya kita kebagian semua sedih sih tidak dapat photocardnya,sad,0.76
anxious banget sebelum meeting tadi dari tadi kepikiran tadi pagi sendiri,anxious,0.94
bahkan rancangan undang undang nya saja ada yang menentang kayak ah sudahlah saya mau muaythai saja biar bisa melindungi diri sendiri,neutral,0.23
marah banget karena pekerjaan berantakan dan kepikiran terus di kampus sendiri,angry,0.86
ini both of inamas aku super khawatir banget sama para masih nya sudah,anxious,0.74
sini kakak dijamin file kamu bakal aman karena no repository no self plagiarism fast proses murah start from ke saja bisa qris pastinya trusted bisa lihat testimonials di pinned ku ya jangan ragu mau cek di aku fastresp,neutral,0.38
buat apa sedih hati,neutral,0.24
have a nice day semangat buat hari ini,happy,0.01
selamat pagi first people mhn maaf atas ketidaknyamanannya kami cek modem dan area normal ya mohon bypass menggunakan kabel lan dari modem ke device kemudian akses situs detik dot com dan youtube dot com bila sudah mohon konfirmasi kembali ya tks sita,neutral,0.29
lelah sih tapi puas hasilnya bagus sumpah bareng teman sama teman kantor,happy,0.1
enak nih pagi,happy,0.08
kehilangan semangat buat kenapa apa tapi ya sudahlah sendiri,sad,0.62
cewek cuek sama cowok terkadang cowoknya itu malah marah mengambek sama cewek tapi cowok cuek sama cewek sih cewek tetap sabar itu,neutral,0.23
adik ajak jogging pasti aku mimpi aku sudah jogging dengan dia aci lah itu lucu lucu apa bodoh sekarang,sad,0.75
anxious banget sebelum meeting tadi padahal sudah coba santai waktu malam sama teman kantor,anxious,0.71
saya takut sudah jeongwoo merah,anxious,0.78
semangat presidenku presiden kita,happy,0.02
kalau sabtu jalanan sepi,neutral,0.37
mamak santai sejenak bocah cilik jalan kaki barang ayahnya,neutral,0.3
orang itu bikin emosi banget sih waktu malam sama keluarga,angry,0.71
tidak terbayang saya langsung panik,anxious,0.84
lelah menghadapi orang yang egois waktu malam sama keluarga,angry,0.8
masih pagi tidak boleh emosi,neutral,0.22
pagi ku cerah karena dapat kabar baik jimin sudah sembuh walaupun hari ini hujan deres banget di dom ku memilih for at the,happy,0.13
semangat nyatetnya plz plz demi bisa terpilih lomba,happy,0.02
sebagai penderita agoraphobia anna tidak bisa keluar rumah guys dia akan panik dan takut kalau terjebak di suatu ruangan atau bahkan situasi yang tidak familiar begitu jadi susah ya gas sih anna tidak boleh keluar rumah sudah intinya,anxious,0.83
khawatir sama kondisi sekarang banget waktu malam sendiri,anxious,0.8
sudah sabar tapi masih dibohongi dan kepikiran terus di kantor sama teman kantor,angry,0.82
biasanya kakak menambah pengangkutan dari supplier ke wh nya saja kakak tambahannya won selebihnya untuk ekspedisi tax tetap sharing sama barang ku yang lain,neutral,0.23
belum bahkan sudah bertahun tahun belum pernah lihat shanks bertarung saya sudah ikut dari sama boleh direct message saja sini saya masih sering banget menonton ulang banget banget daripada kurang kerjaan juga kan ya lebih baik menonton op tidak sih episodenya banyak jadi santai nontonnya,neutral,0.33
para kecoak dan tikus curut setiap pagi sarapan dengan melakukan onani imajinasi lewat tagar yang mereka but sendiri iya karena cuma dengan cara itu mereka bisa merasakan senang dan menang,neutral,0.35
rasanya kosong saja hari ini dan kepikiran terus di kampus,sad,0.74
emosi banget miu tahan aku supaya tidak gebuk ele,angry,0.92
malam ini kepikiran terus jadi sedih jujur saja bareng teman,sad,0.56
gue yang panik masalahnya bangsat,angry,0.93
kalau bad day sangat pun tak ada hak nak emosi kat orang lain tak profesional,angry,0.97
ini bukan rupiah dan juga jelas dong banyak minor tolong jangan bodoh kirim beginian ke base,angry,0.87
kesal banget sama orang yang tidak tepat waktu banget asli di rumah sendiri,angry,0.74
apa kabar presiden ya,neutral,0.25
paling malas banget dapat message yang suka ditarik iss masalah hidup kamu apa sih,angry,0.9
rasanya sedih banget akhir akhir ini lucu bareng teman,sad,0.76
rasanya sedih banget akhir akhir ini agak random sih tadi pagi,sad,0.67
dapat kabar baik dari keluarga tadi pagi banget asli bareng teman sendiri,happy,0.23
malu banget anjrot lucu lucu haha tertawa,happy,0.11
lelah sama keadaan sekarang tapi ya sudahlah bareng teman sama teman kantor,sad,0.57
masalah nya yang spread hate nih cowok ya allah gue keseringan ribut sama cowok mulu jaman sampai itu anjrit bolak balik masuk buku soalnya ribut mulu pas ditanya alasan nya bangsat banget saya tidak suka dia bercanda nya sama yang lain selain sama saya bu anjing,angry,0.96
sayang kenapa yuk semangat yuk,happy,0.2
geram banget sama pelayanan tadi lucu di rumah sama teman kantor,angry,0.85
dapat kabar baik dari keluarga tadi pagi dari tadi kepikiran,happy,0.1
jangan menasihati orang yang bodoh karena ia akan membencimu nasihatilah orang yang berakal karena ia akan mencintaimu ali bin abi thalib,neutral,0.38
khawatir sama kondisi sekarang padahal sudah coba santai di kampus sama keluarga,anxious,0.73
astagfirullah tidak jadi sedih baca twit sendiri,neutral,0.32
aku pikir aku salah makan atau apa karena aku sendiri kadang suka bandel kalau urusan makan jadi aku pikir maag biasa tapi pas diperiksa itu katanya lambungku infeksi mana obatnya banyak banget hiks terima kasih banyak ya kamu juga sehat terus,sad,0.79
kesal banget hari ini tapi ya sudahlah bareng teman sama teman kantor,angry,0.84
pacar di rebut batur kalem ulah sedih nu ada bersyukur eta tandanna gusti allah nyaah kakak kamu sudah misahkeun kamu ti jelma nu gampangan,sad,0.57
wah semangat ya,happy,0.01
happy birthday maknae on top nya dreamis adik kesayangan abang jeno sehat selalu ya adik terima kasih sudah lahir ke dunia bahagia selalu,happy,0.19
aku cuma ingin istirahat sebentar banget di kantor,sad,0.6
happy born day dek jisung sehat selalu dan bahagia ya dek double happy ulang tahun adik mulu ya meskipun sedih karena tidak bisa hype sibuk nguli eitss semangat besok libur,happy,0.18
sudah di anggap anak iya mana ada takutnya dia selain itu dia memang percaya sama hal begitu,neutral,0.36
betuul sama takut balesannya,anxious,0.77
kehilangan semangat buat kenapa apa di kampus sama dia,sad,0.7
roti tawar pakai mentega enak juga,happy,0.09
saya kemarin kecewa dukung play station di tempat pemungutan suara kini semua sudah terbuka jati diri yang sebenarnya,sad,0.77
kakak jangan sedih sedih nunaa,sad,0.62
kecewa banget sama hasilnya hari ini waktu malam sama dia,sad,0.83
emosi lihat komentar orang tadi dan kepikiran terus tadi pagi,angry,0.77
gue naik angkutan kota isinya cowok semua anjir malu banget,anxious,0.77
akhir akhir ini cemas terus serius pas perjalanan sendiri,anxious,0.82
kenapa sih harus bikin masalah terus hari ini waktu malam sama keluarga,angry,0.85
takut seperti ini euy enggak tilil idiot bego bodoh,angry,0.96
makan favorit hari ini bikin bahagia banget asli tadi pagi sama keluarga,happy,0.08
khawatir sama kondisi sekarang banget asli di kantor,anxious,0.88
cemas memikirkan masa depan padahal sudah coba santai pas perjalanan sama dia,anxious,0.71
orang itu perlu di ajarkan attitude berbelanja deh kayak nya emosi,angry,0.97
single karena tidak ada yang suka lagian sudah nyaman mencintai yang jauh di sana,neutral,0.34
malu tapi,anxious,0.83
senyum sendiri pas ingat kejadian tadi banget asli di rumah sama keluarga,happy,0.17
saya sih sudah di tahap pasrah ya mencoba buat jadi orang baik sebisa mungkin tanpa mandang bulu selebihnya kalau ada yang benci dan tidak suka itu hak mereka aku sih bodoh amaat lucu,neutral,0.26
kehilangan semangat buat kenapa apa hari ini waktu malam sama teman kantor,sad,0.56
akhirnya lolos interview kerja padahal sudah coba santai tadi pagi sama teman kantor,happy,0.14
hari ini berat banget dijalani serius di kampus sama dia,sad,0.75
shashin wa zenbu oite kita semua foto kutinggalkan saja,neutral,0.4
gila sepi banget rumah saya berasa nge kos anjing takut ah,anxious,0.75
kamu benci jamet sih sebenarnya bukan pesepeda motor,angry,0.94
mari kak wa saja viu start ke saja sudah puas memakai sebulan bisa request harga r untuk sih juga untuk sementara payment via shopee pay ditutup ya shopee pay aku error aku ready preset lightroom via gdrive no rush order,neutral,0.28
happy birthday zidd happy terus ya jangan sedih,happy,0.02
gmnasi rasanya teman kelasnya di acak sejujurnya biasa saja sebenarnya soalnya pas sampai juga begini cuma lebih tidak semangat kayak hari hari biasanya saja lebih banyak mengeluh sendiri pendem semuanya sendiri bingung juga sih kadang tiba tiba merasa sedih bawaannya ingin menangis,sad,0.55
ya allah mau marah tetapi bagaimana ya,angry,1.0
takut gagal di presentasi besok dan kepikiran terus di kantor sendiri,anxious,0.96
marah banget karena pekerjaan berantakan lucu tadi pagi sama dia,angry,0.72
akhirnya tugas selesai juga lega banget banget tadi pagi,happy,0.16
rasanya gugup terus hari ini sumpah di rumah sama teman kantor,anxious,0.83
hai widyaa jangan lupa sarapan dan bahagia ya hari ini have a good akhir pekan,happy,0.13
masih susah pindah on dari kejadian itu dari tadi kepikiran pas perjalanan sama keluarga,sad,0.8
malu banget jatuh di parkiran,anxious,0.74
berbicara dari pagi kayak bangsat menyusahkan banget,angry,0.9
marah banget karena pekerjaan berantakan sih sama keluarga,angry,0.71
anxious banget sebelum meeting tadi banget sama keluarga,anxious,0.83
menghilang begitu saja,sad,0.6
biasa nya begitu pang atau menunggu buln depan nya lagi buat bisa beli agak miris dengan skincare yang agak mahal,sad,0.72
orang itu bikin emosi banget lucu waktu malam sendiri,angry,0.77
eh tiba tiba sih a ini masuk jadi kelompok aku aku yang memang agak punya dendam maaf ya allah kayak ih apa sih sudah adalah dia bawa kakak tingkat tanpa memberi tau ke aku dan teman aku t lagi,angry,0.93
kritik buat faisal bakri oligarki ini sudah ada sejak orde baru jangan di framing hanya ada di jaman jokowi saja judulnya saja sudah tidak jujur,neutral,0.3
azab jualan ayat lah bego,angry,0.93
pagi pagi sudah marah marah,angry,0.99
tidak ada hantu nya seremnya karena psikopat yang ada disekitar yang bisa membunuh kapan saja saya baru sampai episode tapi lebih takut dari pada hantu vibesnya,anxious,0.82
memang benar bangsat,angry,0.92
amin selamat pagii juga kak sedih hasil draw tidak ada yang menyangkut,sad,0.78
baru saja mengirim foto agropolis wonosalam,neutral,0.26
aku jengkel lihat sih akun yunnie azza a ke a princess manula inj mbak cari nafkah saja masih berjuang di negara orang lain sibuukk ngejahatin circle mbak ivone di lini masa dari kemarin saya lihat screenshoot twitnya ngefitnah terus an,angry,0.88
rasanya kosong saja hari ini agak random sih di kantor sama keluarga,sad,0.6
wanita ini pamer ogah beri tip ke pelayan ternyata balas dendam karena pernah jadi korban ghosting,angry,0.95
malam ini kepikiran terus jadi sedih serius di kantor sama teman kantor,sad,0.68
bukan player biasa biasa saja guna yang pro player pon ada guna alah alah,neutral,0.21
takut di photo itu mak,anxious,0.71
bingung dan takut ambil keputusan agak random sih di kantor sama keluarga,anxious,0.89
baru saja mengirim foto klaten jawa tengah indonesia,neutral,0.34
semangat good luck,happy,0.18
hari ini produktif dan suasana hati bagus banget di kantor sama keluarga,happy,0.13
terus tadi saya sempat stalk instagram nya begitu terus kamu tau saya tidak sengaja click like anjir demi allah saya langsung ah mau menghilang dari bumi terus kalau di sekolah kan suka papasan begitu saya suka ingin menyapa tapi takut aduh bagaimana ya cara kenalan nya kasih tips dong,anxious,0.85
masih susah pindah on dari kejadian itu agak random sih pas perjalanan,sad,0.78
sender jangan sedih bisa jadi nanti sender langsung diketemuin sama jodoh sender,sad,0.79
nasi di godong jati enak banget mbak,happy,0.02
enak buat tidur,neutral,0.24
banget nomor bikin geleng geleng kepala i can be cute and mature at the sama time suka banget babying and pampering pasangannya suka bagikan tmi apalagi dengarkan cerita tentang keseharian kamu sambil pukpuk bagaimana kita juga bisa pacaran love hate relationship yang,neutral,0.22
tapi masih sepi basenya belum ada lagi mainkan pasir kucing,sad,0.62
kecewa dengan semalam hari ini mulakan dengan pointers,sad,0.75
semangat ngerjainnya have a great day pit,happy,0.03
takut,anxious,0.8
akhirnya tugas selesai juga lega banget sendiri,happy,0.28
astagfirullah marah marah,angry,0.88
semangat hari hari masih panjang yang sudah biarlah berlalu allah tau apa yang terbaik buat aku walaupun itu pahit rasanya sebelum nyawa di pergi sampai tenggorokan tidak ada kata terlambat untuk berubah lebih baik,happy,0.08
lah ada ahah aku kira orang biasa pas lewat enggak sadar terima kasih judith ai,happy,0.17
cemas memikirkan masa depan sumpah di kampus sama dia,anxious,0.94
masih susah pindah on dari kejadian itu jujur saja di kantor sama teman kantor,sad,0.85
meski sudah tiada jasa glenn fredly dalam industri musik tanah air sangat luar biasa karya karya glenn fredly yang diciptakan glenn fredly sampai saat ini terus mendapatkan hati di masyarakat indonesia,neutral,0.34
jangan pernah kamu kamu ini kamu kecewain kamu sakitin orang yang sayang dan sudah nyaman sama kamu demi orang yang kamu suka jangan,anxious,0.77
tadinya mau bilang jang naeoun but then hem ternyata untuk makan saja interesting,neutral,0.35
jangan kecewa kalau orang sunda masih pilih partainya arteria itu namanya keterlaluan,neutral,0.29
selamat pagi mih adik fatih sudah bisa swafoto dong pakai handphone deh ahma ini lagi mau mengucapkan selamat pagi ah sama tetap jadi orang yang humble ya ahma tetap jadi orang yang bahagia sebab setan itu datang dari perasaan tertekan dan sedih sekian tausiah adik fatih,neutral,0.27
nanti pacar pacar ku marah kak,anxious,0.73
tadi disekolah ada swab buat kelas beberapa guru terus katanya guruku semua bakal kena swab dadakan aku sekarang lagi kurang fit jadi takut,anxious,0.71
sedih lah dia tak ada kawan,sad,0.6
menghimpun potensi menjayakan indonesia selamat menjalankan rakernas i rpi salam sehat tetap semangat yanuardi syukur presiden perkumpulan rumah produktif indonesia,neutral,0.39
bingung dan takut ambil keputusan lucu di kantor sama dia,anxious,0.86
aku ikut merasakan malunya gkpp kita berbagi malu,neutral,0.31
ini sepi banget pada di facebook semua ya saya juga sih tadi bisa nya bangun tidur yang dicek facebook dulu,sad,0.74
pengem menonton aku kira kamu rumahh tetapi takut kena mental,anxious,0.78
tiba sedih terus menangis,sad,0.51
semalam sudah keburu tidur pagi menangis banget kagett denise sudah ngonfirm dia keluar demi apapun sedih banget kakak tapi semoga jalan pilihan denise baik bagi dia dan dia bahagia sukses terus denisee tapi aslii kenangan gue ngestan sn jaman ada denise teringat terus jadi kangen,sad,0.64
seperti tidak ada semangat hidup,sad,0.74
saat sih bodoh merasa ikhlas dengan kebodohannya di saat itulah sih alim tengah bersedih dengan ilmunya,neutral,0.26
kehilangan semangat buat kenapa apa banget di rumah,sad,0.64
kepikiran banyak hal sampai susah tidur banget asli bareng teman sama teman kantor,anxious,0.85
ini sepi banget sudah pada kemana ya,neutral,0.29
dapat kabar baik dari keluarga tadi pagi sumpah di kampus sendiri,happy,0.27
iya ya sudah cocok huhu sedih sih tapi gapapaa,sad,0.77
gosa bebawa mu nad banyak yang marah urus liga italia saja,angry,0.86
hari ini berat banget dijalani dari tadi kepikiran bareng teman sama teman kantor,sad,0.59
deg degan menunggu hasil pengumuman banget asli di rumah sama dia,anxious,0.8
anjir semangat kakak,happy,0.03
kesal banget sama orang yang tidak tepat waktu padahal sudah coba santai sama dia,angry,0.75
kenapa sih harus bikin masalah terus banget waktu malam sama keluarga,angry,0.7
jangan merasa puas dengan pengetahuan yang anda miliki karena samudra ilmu membentang begitu sangat luas dan dalam,neutral,0.39
lelah menghadapi orang yang egois jujur saja di rumah sama teman kantor,angry,0.89
kata saya admin seluruh warga somethinc lagi panik duh,anxious,0.74
takut gagal di presentasi besok agak random sih tadi pagi sama keluarga,anxious,0.77
masih telkomsel saja,neutral,0.24
dulu suka banget ke pasar apalagi dijajanin dawet cenil pecel jamu dan banyak lagi jajanan pasar kangen banget kangen sekarang sudah tidak punya mbah putri swargi langgeng mbah,sad,0.76
panik nya itu di pikiran sih sibuk memikirkan ini memikirkan itu pikir kayak aduh ini bagaimana takut kayak apa ini sambil mau menangis,anxious,0.83
saya sering banget salah ketik ya allah mana kalau salah ketik suka tidak sadar lagi sepertinya salah ketik adalah jalan ninjaku,anxious,0.73
makan favorit hari ini bikin bahagia agak random sih tadi pagi sendiri,happy,0.14
kecewa banget sama hasilnya hari ini tadi pagi sama dia,sad,0.8
rasanya sedih banget akhir akhir ini tapi ya sudahlah sama dia,sad,0.73
alhamdulillah kabar baik juga sudah srpan belum niee,happy,0.15
bangkai ptmt kelas saya jadi sepi banget anjir,angry,0.88
geram banget sama pelayanan tadi dari tadi kepikiran,angry,0.95
kehilangan semangat buat kenapa apa sih di rumah sama dia,sad,0.68
lebih bagus kamu murtad dari pada mengakui islam tapi bikin sampah di islam malah ngotor mengotori saja,angry,0.94
takut blunder lagi ya jane nik bek kanan e ra dolop bisa lebih baik lagi,anxious,0.81
i want tapi tanya as bvyer kalau kita direct message meminta pl dan over bvdget kita boleh ngabarin maaf ya kak over bvdget begitu tidak sih takut tidak enak atau ada saran kalimat lain buat blsnya,anxious,0.84
agak takut tidak segrup jangan ketemu di final,anxious,0.87
aku jengkelnya ke semuanya sih mbulet kayak benang kusut by the way sudah selesai bacanya kalau sudah no spoiler please,angry,0.94
sedih sebenarnya,sad,0.71
anxious banget sebelum meeting tadi tapi ya sudahlah waktu malam,anxious,0.84
normaly jam itu juzz perlu waktu jam untuk khatam sementar hari itu jam maka perlu percepatan waktu untuk khatam hari tanpa makan minum istirahat percepatan kali saja terdengar suara kusut apa lagi kali yang seperti dia tidak perlu dihukum bakal mati sendirinya,neutral,0.35
lebih baik diam dan biarkan saja orang lain menganggapmu bodoh daripada banyak bicara dan malah terbukti benar anggapan mereka,neutral,0.37
tak masuk skuad barcelona untuk liga europa dani alves kecewa berat bolanet arenanews,sad,0.63
banguna dapat kabar baik,neutral,0.21
selalu merasa gaenakan padahal sebenarnya sudah tidak kuat merasa takut kalau orang lain itu tidak puas dengan hasil kerja kita kenapa sih memikirkan perasaan orang mulu he,anxious,0.73
ingin makan seblakk tetapi lagi irit duiitt takut tidak cukup sampai akhor bulan lucu gue,anxious,0.86
kehilangan semangat buat kenapa apa lucu bareng teman,sad,0.65
hari ini berat banget dijalani hari ini bareng teman sendiri,sad,0.56
kamu berdua bersaudara tetapi lagi flirty tolol begini aku yang cemas,angry,0.95
rasanya gugup terus hari ini di kampus sama teman kantor,anxious,0.88
cemas memikirkan masa depan dan kepikiran terus di rumah sama dia,anxious,0.74
takut kalau hasilnya jelek sih bareng teman,anxious,0.79
dijamin emosi,angry,0.85
makan nasi campur pakai gorengan enak,happy,0.12
makan mangga normal nya kalau sudah matang tidak perlu ditambahkan apa juga sudah enak kalau masih pencit mangga belum matang harus ditambah yang gula merah lah yang garam lah yang asem jawa lah yang cabe lah dan lain sebagainya kebanyakan tambahnya karena makan yang belum matang,neutral,0.37
sedih tetapi lucu tetapi sedih,sad,0.64
akhir akhir ini cemas terus dari tadi kepikiran di kantor sama teman kantor,anxious,0.79
wajar aku bahkan baru benar benar bisa pakai laptop di kelas sekolah menengah kejuruan tidak harus bisa cepat kok kalau keadaan tidak mendukung ya mau bagaimana tidak apa apa nder semangat mulai sekarang sedikit demi sedikit pelajari ya ke saudara atau teman yang punya laptop kamu meminta ajarkan begitu,happy,0.07
pemenang dapat bersyukur saat kecewa dapat tersenyum saat terluka dapat bangkit ketika terjatuh,neutral,0.31
anxious banget sebelum meeting tadi bareng teman sama dia,anxious,0.92
angka covid lagi naik kalau masih dilanjut event offlinenya asli bodoh sih nih merek,angry,0.88
ju mbl mbl murah banget loochh ayo guys join go miracle suka dari p jajan murah sekali rd sering open sh ring merch juga dan sekarang lagi open tabungan buat coba bangtan baru dari p jimin unyel nih yuk gas join link di rep ya,neutral,0.21
aku tidak pernah meminta nebeng kecuali memang ditawari karena ya ini dan tidak enakan juga soalnya waktu itu ada teman yang cerita dia kesal banget meminta ditebengin mulu mentang searah jadi suka kepikiran kalau nebeng dia keberatan apa tidak,anxious,0.76
kok sedih,sad,0.67
kemarin beli hibiscus berry yakult enak nder segar,happy,0.11
upcoming stream tes stream bikin itasha sambil mengobrol santai via,neutral,0.38
merasa sendirian akhir akhir ini tapi ya sudahlah di rumah sendiri,sad,0.62
sabar sabar tidak boleh marah,angry,0.86
itu ada kecoak jijel takut,anxious,0.77
lama tidak mengobrol juga kabar tidak baik hbu,neutral,0.23
anxious banget sebelum meeting tadi tapi ya sudahlah,anxious,0.97
apa kabar,neutral,0.34
cemas memikirkan masa depan di rumah sama dia,anxious,0.94
tlong jangan bikin emosi pagi pagi aku lagi puasa,angry,0.86
kuncinya satu perjuangan atas nama bangsa dan negara atau atas nama pemimpin atau partai itu saja tetap fokus pada perjuangan menjaga negara kesatuan republik indonesia tidak usah masuk kekonflik kepentingan itu kuncinya tenang saja orang tidak mau pak jokowi turun ganti nya itu ngeri sedap,neutral,0.34
rasanya ingin marah terus jujur saja tadi pagi sendiri,angry,0.93
jangan marah marah namanya juga sepak bola wasit juga manusia bisa bikin salah tapi dada dari mana ya lord,angry,0.94
cemas memikirkan masa depan agak random sih sama dia,anxious,0.84
beria lah hype cerita ku kira kamu rumah itu tegak tegak tak sedih pun nih semua marketing indonesia ceh,neutral,0.23
kemarin malam istri sopirku yang terserang strok itu meninggal dunia innalillahi wa innailayhi rojiun allahummaghfirlahaa warhamhaa wa aafihaa wa fu anhaa waakrim nuzulahaa wawasi madkholahaa aku sedih banget dan marah banget pada masalah yang memicu dia terserang strok,sad,0.76
rasanya sedih banget akhir akhir ini banget di kampus sama dia,sad,0.75
pagi bang di sini lagi sedih bang lihat anakku menangis terus karena kucing kesayanganya ketabrak mobil,sad,0.75
malam ini kepikiran terus jadi sedih jujur saja di rumah sama dia,sad,0.55
aduh itu anaknya nanti kelakuannya mirip saya banget deh biar bisa dinasehatin terus tiap hari daripada dulu suka menyindir saya berkedok self reminder mending langsung kasih copy pastenya saja ke mereka tuhan lucu,angry,1.0
eh iya jujurr takut ketahuan,anxious,0.8
done wish me luck suka banget momen skz yang ini lucu selalu tertawa terus tysm,happy,0.05
sedih nderr,sad,0.78
pagi sudah emosi,angry,0.93
aku cuma ingin istirahat sebentar padahal sudah coba santai tadi pagi sendiri,sad,0.71
dulu ustaz ustadzah kata serapan dari bahasa arab yang aslinya berarti guru sebutan ini khusus bagi guru mengaji baca tulis qur an dan juga ilmu agama saja sebutan ini poluler dalam kalangan pesantren,neutral,0.28
khawatir tidak jelas,anxious,0.76
akhirnya lolos interview kerja tapi ya sudahlah bareng teman sama teman kantor,happy,0.26
dapat kabar baik dari keluarga tadi pagi sih di kampus sama dia,happy,0.21
tetap semangat biar cepat sembuh iya pak rektor twitter sepi tanpa mu bagaikan sayur tanpa ikan asin,neutral,0.4
akhir akhir ini cemas terus serius di kampus sama dia,anxious,0.71
selamat pagi sender kebetulan alec sesuai banget sama kriteria kamu dia main fc nya jaehyun terus side fcnya juyeon dia juga bukan orangnya cuek dingin sama pasangannya justru dia itu sangat talkative dan suka diskusi banyak hal,happy,0.06
senang rasanya sehat kembali makan normal habis sampai bersih piringnya melihat senyum ibu semringah seorang penjual,happy,0.03
geram banget sama pelayanan tadi agak random sih bareng teman,angry,0.68
kenapa sih harus bikin masalah terus waktu malam sendiri,angry,0.89
orang itu bikin emosi banget sumpah di rumah,angry,0.78
sedih banget,sad,0.56
takut gagal di presentasi besok padahal sudah coba santai di rumah,anxious,0.94
semoga harimu indah seperti langit yang cerah pada hari ini,happy,0.06
cemas memikirkan masa depan dari tadi kepikiran di rumah sama teman kantor,anxious,0.88
lelah sama keadaan sekarang hari ini di kampus sama keluarga,sad,0.64
mana banyak adkel alias malu banget,sad,0.55
kenapa sih harus bikin masalah terus dan kepikiran terus sendiri,angry,0.79
meminta nak makan macam meminta lah suami kok meminta orang lain suruh beli pula bodoh,angry,0.86
sini bestie hi kak lagi cari app prem ingin cepat juga ada nih lengkap fast respon testimoni on pinned ya yuk langsung direct message t jual netflix murah spotify wetv kaget nikah all of us are dead,neutral,0.23
happy birthday semoga sehat dan bahagia selalu ya,happy,0.08
asalamualaikum wr wb jangan lupa bahagia di pagi ini nikmati kopi meski kopi itu pahit sambil dengarkan musik classic rock bila engkau izinkan hengky supit cover by obay kusut,neutral,0.3
assalamualaikum semangat pagi semoga hari nih diberikan rizki yang berlipat ganda amin semoga dan rejeki dan kabar baik di hari nih amin,neutral,0.32
tidak bagaimana gmnsedikit sedih dan stres,sad,0.51
semangat zarven,happy,0.15
akhir minggu ini seru banget dari tadi kepikiran bareng teman sama teman kantor,happy,0.19
agak takut tetapi tetap semangat gurls,anxious,0.83
emosi lihat komentar orang tadi banget asli pas perjalanan sama dia,angry,0.86
buset ujung ke ujung inimah berapa jam perjalanan pulang pergi om,neutral,0.33
marah banget karena pekerjaan berantakan sumpah bareng teman sendiri,angry,0.66
fuck masa lalu gila pagi sudah di ungkit saja sih kupret yang di anggap baik,angry,0.88
hari ini berat banget dijalani banget waktu malam sama keluarga,sad,0.85
lelah sama keadaan sekarang bareng teman sama keluarga,sad,0.66
rangnick sangat kecewa kami seharusnya menang dan mematikan pertandingan di babak pertama sangat disayangkan peluang yang terkena tiang gawang penalti yang gagal dan banyak peluang seharusnya atau,neutral,0.36
jadi ingat waktu kakak menikah ayah juga bilang hal yang sama dia bilang sebelum ada lelaki lain yang mencintai dia kakak ada seseorang yang mencintai dia terlebih dahulu itu adalah ayah jika memang istrimu membuatmu kesal tahan kesabaranmu jangan pukul dia,neutral,0.37
masih susah pindah on dari kejadian itu agak random sih di kantor sendiri,sad,0.65
naeun menyukai lagu sedih dan setiap ia mendengarkan lagu lagu itu gambaran suasana hatinya,sad,0.77
pagi mbak mita tetap semangat,happy,0.11
emosi lihat komentar orang tadi lucu bareng teman sendiri,angry,0.74
huwa yenanya mami kok gemas sih marah saja segemes ini aru rela dimarahi yena terus tiap hari please mau karungin,happy,0.02
ternyata saya di blok sama cowok kira di instagram gara gara dia pas meminta foto yang aneh ke saya terus saya tolak lagian meminta foto yang aneh mulu dikata saya bego apa,angry,0.96
dapat kabar baik dari keluarga tadi pagi banget di rumah sama teman kantor,happy,0.27
saya lebih suka otoriternya almarhum pak harto harga dikontrol mafia pangan tidak berkutik migas dikontrol tidak ada yang berani nimbun preman disikat masyarakat aman tentram sayang orang disekelilingnya kurang baik ada gbhn dan repelita arah pembangunan yang jelas,neutral,0.21
nah itu tau club kebanggaan kalian tolol tetapi kok kalian masih mau jadi fan nya,neutral,0.34
bingung dan takut ambil keputusan sumpah waktu malam sama dia,anxious,0.78
jebal kajja sedih banget pas dia berbicara kayak begitu,sad,0.65
emm malu banget,anxious,0.83
iya apalagi kalau sudah yang sakit banget yang susah makan begitu suka meminta suapin mama terus kalau tidur harus ditemani papa juga t t,sad,0.66
merasa sendirian akhir akhir ini tapi ya sudahlah tadi pagi sama dia,sad,0.61
geram banget sama pelayanan tadi sumpah pas perjalanan sendiri,angry,0.92
genius kang taehyun happy birthday anak laki laki sehat terus jangan sakit kalau sakit aku marah kangen tyunn sulap juga ingin tyunn ada konten masak terus unggah di yt begitu,angry,0.9
aku ke cafe tetapi cafe yang sepi begitu kayak starbucks atau roketo kalau di dom aku,neutral,0.39
sedih tapi juga lega akhirnya ada kejelasan walaupun bukan announcement langsung dari agency good luck mm we always support kamu no matter apa happens,sad,0.69
pram said ini lagu buat kalian yang punya rumah tapi terpaksa pergi karena suatu keadaan bangsat itu aku,angry,0.86
emosi lihat komentar orang tadi sih di rumah sama keluarga,angry,0.78
kamu termasuk lagu japan album kan ya dulu sempat kaget pas dengar kayak tidak ada habis nya menemui lagu bagus di pentagon,happy,0.12
semangat puasanya dap,happy,0.09
kemarin di gramed ada bocah cilik lagi disuapin mamaknya makan promina sepertinya enak banget aduh,happy,0.14
michi menaksir dia temannya takut ada keributan,anxious,0.88
ya bagaimana ya saya sebenarnya suka merasa bersalah kalau dia galau sedih cemas dan sebagainya kalau saya tinggal karaokean terus tapi mau bagaimana lagi itu kan memang hobi saya,sad,0.76
ketika kamu gembira kegembiraanmu tidak melampaui hakmu ketika kamu berkuasa kamu tidak mengambil sesuatu yang bukan hakmu itulah adab orang beriman,neutral,0.27
winwin wayv tapi ini konten berbaayar saya kaget anjir masuk sini,anxious,0.83
sedih banget sedib,sad,0.75
aku pernah jadi nanti dikasih pertanyaan kamu seorang individualis atau berkelompok jawab iya tidak ragu ragu begitu doang,neutral,0.32
lucu haha bangsat tim bingung ini diservice tetapi senin sudah mulai kegiatan aduh bagaimana ya layarnya kelap kelip takut kalau harus ganti terus mahal babikk takut filenya hilang kalau tau diinstal ulang malas gerak nginstal lagi mana belum dibek up mana hari sabtu tutup semua begee,angry,0.9
takut kalau hasilnya jelek dari tadi kepikiran bareng teman sama keluarga,anxious,0.96
hola kak wawa don t skip kamu breakfast ya semoga harinya berjalan lancar dimudahkan segala urusannya dijauhkan dari mara bahaya semoga selalu ada dalam lindungan tuhan janlup vitaminnya ya semangat janlup senyum hihi stay healthy always be happy have a great day kak,happy,0.0
dapat kabar baik dari keluarga tadi pagi tapi ya sudahlah,happy,0.15
khawatir sama kondisi sekarang padahal sudah coba santai di kampus,anxious,0.91
sayang kenapa sedih aku sedih juga jadinya,sad,0.59
geram banget sama pelayanan tadi banget asli sama teman kantor,angry,0.68
ya walaupun kadang saya kalau kesal suka kelewat batas tetapi sekarang saya lagi berusaha banget biar tidak negatif amat jadi orang minimal sopan lah,neutral,0.3
kakak jangan di baca anggap saja blur nyata nya memang pwettyy koo biasa nya yang begitu kalah pwetty,neutral,0.33
lelah menghadapi orang yang egois agak random sih di kampus sendiri,angry,0.95
haloo minjuu habedee semoga sehat dan bahagia selalu,happy,0.04
kecewa banget sama hasilnya serius di kampus sama keluarga,sad,0.56
senang banget hari ini ketemu teman lama hari ini pas perjalanan sama dia,happy,0.29
aku lumayan kesal sama jawabannya jadi aku cuma ngangguk doang terus kedua temanku juga bilang begini aku keluar karena army banyak banget yang tapi ic suka mancing keributan batinku alah apa tidak salah bayangkan sakit hati tidak dibegitukan padahal mereka jelas tau,angry,0.9
air cukup deras membawa material potongan potongan kayu,neutral,0.25
mengeluh bukan berarti menyerah kok semangat,happy,0.16
takut kalau hasilnya jelek tapi ya sudahlah waktu malam sama dia,anxious,0.77
bego ya begi diba astaga,angry,0.88
anxious banget sebelum meeting tadi padahal sudah coba santai di kampus,anxious,0.95
cemas memikirkan masa depan lucu tadi pagi sama teman kantor,anxious,0.84
inilah yang sudah lama kunanti akhirnya mengadakan webinar yang topiknya nendang banget yaitu tentang toxic relationship yuk lah bestie yang masih suka galau masalah percintaan mending ikutan ini,happy,0.18
akhir akhir ini cemas terus waktu malam,anxious,0.96
sedih dahla yen pun mahal ibarat beli usd,sad,0.77
lelah sih tapi puas hasilnya bagus tapi ya sudahlah bareng teman,happy,0.12
huhu memang pendek banget ya kalau tidak buka instagram kadang itu notifikasi live tidak masuk suka sedih,sad,0.79
lelah sama keadaan sekarang tadi pagi sama keluarga,sad,0.55
kepikiran banyak hal sampai susah tidur banget asli bareng teman sama dia,anxious,0.82
dalam hati padahal panik juga sih anjing bego,angry,0.98
iya takut ke,anxious,0.89
akun yang pasti masih kayak biasa kembalikan,neutral,0.29
unduh video indonesia terbaru,neutral,0.34
saya terlaku bodoh untuk awak saya gembira melihat awak berjaya bodohkan saya tapi sejujurnya saya tak sebodoh itu awaki know the truth sebelum kamu did,neutral,0.37
sepi euy,neutral,0.37
deg degan menunggu hasil pengumuman banget asli di kampus sendiri,anxious,0.81
kamu kenapa suka banget buka kartu lucu,neutral,0.26
rasanya gugup terus hari ini sumpah pas perjalanan sama dia,anxious,0.77
tak perlu kecewa kalah dan menang dalam permainan hal biasa,neutral,0.23
mvp pun sini marah tak capai komisi penyiaran indonesia ke,angry,0.93
tentuu saja,neutral,0.24
takut tidak sih,anxious,0.71
sudah aktivasi tapi takut tidak valid,anxious,0.77
i sama back setelah sekian lama sunyi je acc aku kan,neutral,0.3
non fan tapi ikutan sedih baca sudat denise,sad,0.55
orang itu bikin emosi banget hari ini tadi pagi,angry,0.91
masih susah pindah on dari kejadian itu hari ini di rumah,sad,0.67
masih pagi makannya begini padahal baru beres sikat gigi perut jadi kembung karena minum air hampr ml kalau diingat ingat kemarin tidak makan berat sama sekali pagi makan roti diskul makan kue sama puding pulsek tidak ada cuma tidur cemas banget menguras emosi tidur tetapi kayak tidak tidur,angry,0.97
semangat kakak,happy,0.02
khawatir sama kondisi sekarang banget asli waktu malam sama teman kantor,anxious,0.97
coba tebak siapa yang baru saja tersingkir dari fa cup inisial manchester united,neutral,0.34
sedih foto sopinya diapus,sad,0.67
oh iya takut banget sampai keluar ususnya matanya dicolok badannya kepotong yang ditangga,anxious,0.85
apa sih ngentot tidak jelas mau kecil gede juga kalau tuaan saya itu orang jadi adik tolol,angry,0.87
kenapa sudah suka banget menyerang love language saya,angry,0.94
geram banget sama pelayanan tadi banget bareng teman,angry,0.9
anjing suaranya deep banget takut,anxious,0.76
lebih takut arab di puncak,anxious,0.9
tak tau lagi rasanya tidak senang tetapi juga tidak sedih,neutral,0.2
mau marah banget anjing ini dari kemarin mau mengeluarkan kecoa susah banget kabur mulu,angry,0.94
rasanya kosong saja hari ini sumpah di kampus sama keluarga,sad,0.85
rasanya gugup terus hari ini dan kepikiran terus di kampus sendiri,anxious,0.71
terima kasih ya sudah bikin hariku lebih baik hari ini di rumah sendiri,happy,0.23
takut kalau hasilnya jelek dan kepikiran terus pas perjalanan,anxious,0.75
hari ini berat banget dijalani tadi pagi sama keluarga,sad,0.69
suka banget klepon,happy,0.12
apa yang membuat mu ragu nak,neutral,0.33
di satu sisi kalaupun memang proses kemarin saya gagal saya tidak apa apa banget minum obat lagi yang penting selesai please banget saya sudah benci banget di situasi di mana saya cuma keep rasa sakit sendiri dan saya susah kemana mana benci banget,angry,0.89
sedih banget serebu saja tidak ada,sad,0.59
tidak ngotak memang adiknya positif mengajak diskusi berbicara tidak enak enakan pintar doang tapi tidak mengerti psikologis orang down,angry,0.98
deg degan menunggu hasil pengumuman banget asli pas perjalanan sendiri,anxious,0.86
hari ini produktif dan suasana hati bagus lucu di kampus sendiri,happy,0.18
daripada sepi meningan tambahkan pengikut kamu di sini,neutral,0.27
chenle tidak mau di halu ini saya saat itu kesal banget anjwingg kayak buat apa begitu lah bilang begitu heran saya kalau kamu memang tidak suka ya sudah tidak suka kata ini tidak ada yang memaksa juga kamu itu suka sama chenle itu hak kamu but kalau tidak suka tidak usah hate emosi saya,angry,0.88
sama sama semangat terus kak menulisnya,happy,0.08
kehilangan semangat buat kenapa apa sumpah pas perjalanan sendiri,sad,0.67
rasanya ingin marah terus sih tadi pagi sama dia,angry,0.7
lapor komandan saat ini pagi pukul jam waktu indonesia bagian barat bagian indonesia perjodohan masih terpantau sepi belum ada perubahan status sampai saat ini terima harapan,neutral,0.32
sehat dan bahagia untukmu juga,happy,0.08
dulu pas jadi mahasiswa baru pernah pulang ngelewatin perbatasan provinsi jam setengah malam perbatasannya itu hutan bukit begitu sepi paling cuma ada truk gede dan jarang banget lewat motor sama sekali tidak ada dan itu pertama kali motoran jauh berjam jam yang sampai ke luar kota,neutral,0.38
malioboro itu yang dicari ya orang jualannya kalau dipindahkan jadi apa dong jalan biasa doang,neutral,0.23
pura pura bego padahal tau semuanya seru banget ya,neutral,0.4
aku cuma ingin istirahat sebentar dari tadi kepikiran waktu malam sama dia,sad,0.58
lucu akak fucker tolol iya,angry,0.99
tidak keduanya sih cuma aku paling tidak bisa menahan nafsu buat tidak marah marah,neutral,0.39
takut gagal di presentasi besok tapi ya sudahlah tadi pagi sama teman kantor,anxious,0.95
lelah sama keadaan sekarang sih waktu malam sama teman kantor,sad,0.66
akhir akhir ini cemas terus lucu pas perjalanan sama dia,anxious,0.7
semangat kak jangan banyak pikiran dulu ya kak biar imun nya tetap baik kak banyak minum vitamin kak ditunggu kabar baik nya kak,happy,0.12
usaha banget cari duit by the way yang jajan di kantor ku suka begitu pas misal tidak masuk apa tidak jajan memaksa begitu menitip ini jajan akhir nya besok nya tak bilang besok jangan begitu ya soalnya memang lagi tidak ingin jajan,neutral,0.22
sedih kali wak,sad,0.59
ya seperti biasa kerja kerja dan kerja,neutral,0.39
rasanya ingin marah terus banget asli di kampus,angry,0.78
terlalu cantik emak jadi buzzer biasanya kusam kusut dan norak mana tidak jelas lagi,angry,0.9
kita selalu bisa memilih bersabar atau marah bersyukur atau ingkar bahkan saat situasi itu memang menyakitkan boleh jadi tetap ada kebaikan di sana dan orang orang yang sabar dan bersyukur akan mengingat hal hal yang baik dibandingkan yang menyakitkan,neutral,0.26
hai kak eka terima kasih jika tidak ada hal lain yang ingin ditanyakan jangan ragu hubungi kami ya kak apabila ada yang ingin ditanyakan salam nisa,neutral,0.38
kalau itu teman dekat kadang mereka kayak begitu itu karena menganggap kamu santai tidak mudah marah jadi mereka nyaman saja godain kamu solusinya kamu lebih tegas lagi saja lebih ditunjukin kalau kamu tidak suka jangan terlalu tidak enakan,neutral,0.37
lebih semangat dari hari sebelumnya,happy,0.08
merasa sendirian akhir akhir ini bareng teman,sad,0.83
makin kesini snowdrop stan makin melawak sudah tidak ada sedih sedihnya,happy,0.16
takut kalau hasilnya jelek hari ini di kampus sendiri,anxious,0.92
aku cuma ingin istirahat sebentar dan kepikiran terus,sad,0.69
senyum sendiri pas ingat kejadian tadi di kampus sendiri,happy,0.16
ya allah kenapa sih pagi pagi sudah dibuat emosi saja please ini akhir pekan tolonglah kalau mau pulang ya pulang saja tidak usah tanya tanya saya kan saya juga jadi ikut pikir,angry,0.97
kangen dunia bxg tetapi sudah tidak semangat layarin kapal huftfft,sad,0.66
semangat sampai punya satelit sendiri khusus keluarga,happy,0.15
anxious banget sebelum meeting tadi agak random sih di kantor sama keluarga,anxious,0.8
menyesal dipendem kangen dipendem cemburu juga dipendem kecewa dipendem bahkan menangis juga dipendem sampai sakit dada,sad,0.76
takut banget tidak ada tempat nyaman lagi buat cewek cowok memang otak gampang sange semuanya ingin pindah negara rasanya begitulah kurang lebihnya,anxious,0.83
pinjam duit di leasing giliran ditagih marah ke penagih bayar listrik menunggak giliran petugas perusahaan listrik negara pergi fasilitas listrik eh petugas perusahaan listrik negara malah dikeroyok pesan barang cod tidak sesuai ekspektasi malah kurir yang disuruh bayar wah luar biasa,angry,0.92
jangan bikin saya panik dan jangan ganggu saya kalau suasana hatinya tidak bagus bisa,angry,0.98
cemas memikirkan masa depan tapi ya sudahlah tadi pagi sama teman kantor,anxious,0.77
orang itu bikin emosi banget agak random sih di kantor sama keluarga,angry,0.81
subuh begini sudah galau dan kecewa,sad,0.67
ceria dan bersinar selalu itu aku melody oshimen melodyjkt officialjkt bagikan info kuiz games,neutral,0.25
bayangkan saja ryo ani sih aced tau itu kena marah kan lyan lah kok aku berakhir gelut bertiga,angry,1.0
takut begitu ya ndoro ini kok anda ngebet mencalonkan presiden ajur ajur tidak mending mengurusi banjir ndoro,anxious,0.86
cemas memikirkan masa depan banget di rumah sama dia,anxious,0.91
takut kak,anxious,0.87
kecewa banget sama hasilnya hari ini pas perjalanan,sad,0.7
emosi lihat komentar orang tadi dari tadi kepikiran waktu malam sama dia,angry,0.66
yang bertanya saja lewat tetapi yang biasa tidak ngapasie,neutral,0.32
sudah sabar tapi masih dibohongi dan kepikiran terus sama dia,angry,0.83
lelah sama keadaan sekarang waktu malam sendiri,sad,0.73
akwjajshwhw saya baru mau bilang emak eren doang normal eh baru ingat beliau ada di perut istri pertama,neutral,0.23
sangat sangat kesal dan merasa tidak enak aku biasa memperkenalkan suasana keseluruhan album melalui highlight clip untuk setiap album tujuannya adalah untuk memaksimalkan dan meningkatkan karakteristik musik secara visual melalui video dengan kualitas terbaik,angry,0.96
gara gara ramai soal kolbuk saya panik anjrit,anxious,0.73
saya mentwit lumayan emosi sampai bikin thread berantakan begini,angry,0.86
tidak biasa tidur miring kiri jadi kemeng lucu gue tertawa,happy,0.17
sudah sabar tapi masih dibohongi tapi ya sudahlah di rumah sama dia,angry,0.68
terima kasih kamu buat tidak nya dom yoyakarta semoga taehyun member tubatu lainnya dan moa bahagia selalu happy taehyun day,happy,0.18
malam ini kepikiran terus jadi sedih jujur saja di kantor sama keluarga,sad,0.61
inti twit yang saya tangkap kalau indikasi covid tidak usah tes di bali ignore saja kalau tes positif jangan koar nanti kalau orang tau banyak covid di bali wisata tutup lagi yang biasa cepu ini orang jakarta penulis tidak suka kebiasaan cepu orang jakarta,neutral,0.39
cowok kayak begini alasan nya sudah biasa di dengar,angry,0.94
orang sudah pintar takut dosa kalau tidak adil srkarang banyak yang pintar tapu tidak mengerti ilmu bukan diamalkan tetapi disalah gunakan,anxious,0.73
kesal banget hari ini dan kepikiran terus pas perjalanan sendiri,angry,0.83
anjinglah berengsek bangsat,angry,0.94
rasanya sedih banget akhir akhir ini lucu bareng teman,sad,0.76
takut kalau hasilnya jelek banget asli di kampus,anxious,0.74
dapat kabar baik dari keluarga tadi pagi banget di kampus sama keluarga,happy,0.12
jalani isoman karena covid enno lerian sedih tak bisa peluk anak,sad,0.67
saya kalau lihat ada musuh yang pasang title takut malah,anxious,0.78
sumpah benci banget kalau dibalesnya begini iya sehat sehat saja sekarang merasa bersih tapi di dalam badan tidak ada yang tau apalagi kalau main sana sini dan suka seks berisiko masa sih tega celakain orang yang katanya kamu sayang,angry,0.98
frik ambisius tidak jelas malas gue merasa bodoh tidak bisa nyimbangin anjing kesannya jelek mulu gue padahal rata rata sudah oke,angry,0.86
sedih kalau diceritakan adalah,sad,0.65
ketika dia tidak ada kabar belum balas chat itu sudah lebih dari cukup untuk bikin was was dan ngebatin ada apa lagi nih,neutral,0.25
kalau makji sudah aktif begini pasti otomatis mengharap dapat saldo kaget padahal sudah sering menyadari kalau akunku di lapak makji itu gaib walaupun nimbrung ngeramein tiap hari juga,neutral,0.32
takut kalau hasilnya jelek banget sendiri,anxious,0.93
lelah menghadapi orang yang egois sih di kantor,angry,0.7
mari tahun semua bangsa ini pilih partai keadilan sejahtera agar negara indonesia bisa seperti syiria irak yaman iran afganisthan karena sebagai bagus indonesia bosan kan kalau adem ayem saja kan bahagia kalau lagi bercinta sebelah kita bom meledak terus ada yang jual anak gadis kita bisa beli,neutral,0.33
kehilangan semangat buat kenapa apa hari ini tadi pagi,sad,0.55
takut gagal di presentasi besok banget asli tadi pagi sama teman kantor,anxious,0.78
random banget saya mimpiin mereka berdua lucu dulu budak cinta banget sama film ini gara gara film ini saya sempat suka film film thailand lucu,happy,0.08
balas dendam terbaik adalah dengan cara menjadikan dirimu lebih baik,neutral,0.35
lelah sih tapi puas hasilnya bagus banget asli waktu malam sendiri,happy,0.16
terserah dan masa bodoh jika kamu tidak suka atau bahkan membenciku rasa kesalku belum juga hilang,angry,0.85
tidak pernah mimpi tentang treasure sedih banget harus bagaimana biar mimpi tentang trejo,sad,0.56
semangat dinda,happy,0.18
merasa sendirian akhir akhir ini agak random sih di rumah sama teman kantor,sad,0.68
kenapa gue harus tidak enak badan pas akhir pekan,sad,0.71
gila lockey kalian stay strong ya tidak terbayang kalau ada member yang keluar kalau ada berita member keluar entah dari grup manapun jadi ikutan sedih semoga trejo aman sampai kedepannya,sad,0.59
hari ini produktif dan suasana hati bagus serius di kampus sama dia,happy,0.29
senyum sendiri pas ingat kejadian tadi lucu tadi pagi sama dia,happy,0.09
dapat kabar baik dari keluarga tadi pagi jujur saja waktu malam,happy,0.11
semangat kerja tinggi memang tak menjamin kita sukses tapi tanpa semangat sudah pasti kita tak akan sukses,neutral,0.3
mulut rani kempot saking nafsu mengenyotnya dan benar saja tak lama kemudian cairan kental dan manis itu tumpah dalam mulutnya oh enaknya permen blaster a,neutral,0.25
cemas memikirkan masa depan serius bareng teman,anxious,0.87
tidak enak badan,sad,0.7
sei ini ya saya baru bangun tidur sudah bikin emosi saja,angry,0.88
sama kak saya juga dari semalam sampai kebangun pagi buta itu karena itu memikirkan komentar orang itu pada jahat banget tau tidak komenya ada juga yang membicarakan menang gue sedih banget saya asli dari tadi saja rasanya badmood banget anjir,sad,0.67
bisa tidak sih kayak masalah itu datengnya nanti malam saja anjing biar mau menangis sama overthinknya juga enak begitu jangan pagi pagi setann,angry,0.96
page seharusnya jujur dari awal sih kalau memang sebenarnya tidak pernah tulus jangan terpaut karena kasihan datangnya yang ikhlas ya jangan buat orang yang mengharapkan mu kecewa,sad,0.66
khawatir sama kondisi sekarang dari tadi kepikiran bareng teman sendiri,anxious,0.73
rasanya ingin marah terus sih pas perjalanan,angry,0.84
senyum sendiri pas ingat kejadian tadi hari ini tadi pagi sama dia,happy,0.25
akhirnya tugas selesai juga lega banget dari tadi kepikiran bareng teman,happy,0.12
ingin marah tapi tidak tau ke siapa,angry,0.98
menikmati saya ada yang asli jarang ada kabar yang lagi malah kadang jadi teman jadi musuh jadi teman mabuck dan lain lain kesal,angry,0.9
akhir akhir ini cemas terus jujur saja di rumah sama dia,anxious,0.87
orang jago banget menghakimi orang lain sekana akan yang mereka lihat itu selalu salah ya padahal mereka tak tau orang yang mereka hakimi itu salah satu orang yang tidak seberuntung mereka semoga kalian tidak pernah merasakan gagal nikah selalu bahagia dan punya pwsangan yang baik,neutral,0.34
maksud aku tetapi itunya yang gue melaka tidak enak banget bestiee tak tau sih tetapi kalau yang suka manis dan tidak suka kopi sepertinya bakal suka,happy,0.06
jadi malu,anxious,0.74
marah marah terus keriput,angry,0.97
sebab tetap pencen dan senang dapat loan kot huhu,happy,0.07
renang dari jam jam karena seru banget sepi cuaca mendukung mendung pulang kaget hidung sama pipi merah kena sunburn sad banget,sad,0.72
barakallahu fii umrik dok sehat panjang umur bahagia dunia dan akhirat amin,happy,0.18
orang itu bikin emosi banget banget waktu malam sama teman kantor,angry,0.8
apabila kita memiliki kebesaran hati maka kita tidak akan mudah marah kecewa dan tersinggung,neutral,0.21
kesal banget sama orang yang tidak tepat waktu hari ini pas perjalanan sendiri,angry,0.8
aku ini lagi dengarkan ost nya snowdrop yang judulnya friend sama wishes sedih banget sekarang itu harian nya sooho tidak sih,sad,0.69
deg degan menunggu hasil pengumuman hari ini tadi pagi sama teman kantor,anxious,0.98
suka rebahan tapi ingin dapat cuan tambahan bisa banget bro yuk gabung di sobat indihome sekarang juga dan dapatkan uang hingga ratusan ribu rupiah dengan modal hanya smartphone kamu dimanapun dan kapanpun,neutral,0.35
sudah sabar tapi masih dibohongi banget asli waktu malam sendiri,angry,0.7
maaf bang saya paling benci kalau ada yang bilang dia lebih lelah dari saya,angry,0.98
enak ya yang punya kapel hfft chrissy kapan coba punya kapel,sad,0.5
sudah facebook kamu unfollow alah bijak ingat aku bodoh,angry,0.99
marah banget karena pekerjaan berantakan hari ini di rumah,angry,0.8
terlalu cuek dan lelah bertengkar terus tiap saya complain karena dia terlalu sibuk dan cuek malah dia yang marah like apa,angry,0.86
pengumuman final yang ditunggu tunggu setelah berbulan bulan berlalu pastinya sedih ya but ambil sisi baiknya kita bisa lihat denise lagi dengan kegiatannya jangan judge pihak ini dan itu semua sudah ambil keputusan terbaik and well welcome back our mm,neutral,0.35
alhamdulillah pagi kabar baik,happy,0.14
mau athan sehat terus sama bahagia terus oke,happy,0.06
akhir minggu ini seru banget agak random sih di kantor sama dia,happy,0.06
food is more tahan itu si fat calorie counts duuh sedih banget tiap bawa pulang cake pastry yang riset cari bahan buatannya berjam cuma buat dikomentarin aduh ini lemak semua ya,sad,0.51
aku cuma ingin istirahat sebentar sumpah pas perjalanan sama dia,sad,0.61
tambah takut saja nih,anxious,0.74
teh susu yang bikin enak apanya,neutral,0.28
akhirnya lolos interview kerja sumpah di kampus sama teman kantor,happy,0.15
biasa saja sih saya sama ale juga tidak awkward sekarang awal awal putus doang awkwardnya tetapi ya sudah lama lama juga kebiasa balik lagi kayak semula,neutral,0.2
bingung dan takut ambil keputusan banget asli waktu malam sama teman kantor,anxious,0.87
kecewa banget sama hasilnya banget di rumah sama teman kantor,sad,0.68
kaget kiraan kelirik taunya bukan as lihat akunnya,anxious,0.89
takut gagal di presentasi besok sih,anxious,0.82
anxious banget sebelum meeting tadi lucu,anxious,0.82
uaa naf terima kasih kamu wowkwow tentu saja pastinya dong,happy,0.18
kabar bahagia terus dari kemarin mudah mudahan bisa sehat terus semuaa,happy,0.03
ih kamu yang menyebalkan bego,angry,1.0
kepikiran banyak hal sampai susah tidur padahal sudah coba santai tadi pagi,anxious,0.74
deg degan menunggu hasil pengumuman padahal sudah coba santai bareng teman,anxious,0.83
terima kasih selalu dukung bang selamat akhir pekan sehat dan bahagia,happy,0.1
marah banget karena pekerjaan berantakan tapi ya sudahlah tadi pagi,angry,0.67
terima kasih ya sudah bikin hariku lebih baik serius bareng teman,happy,0.21
memang bagusnya denise sendiri yang klarifikasi biar lockey tidak fitnah sana sini kalau dari agensi nanti dikira denise yang dikeluarkan padahal tidak mungkin vine melakukan hal bodoh,neutral,0.28
terima kasih ya sudah bikin hariku lebih baik sih di kampus sama dia,happy,0.1
coklat request lyodra pesan terakhir auto rj,neutral,0.34
kaget masuk topik,anxious,0.82
lelah biasanya dengar stand by me suka sedih ke ingat dika askara ini tertawa banget gara gara ini,happy,0.15
sek pagi sudah emosi sudah mau hari tidak bisa login,angry,0.98
rasanya ingin marah terus lucu pas perjalanan,angry,0.79
lelah menghadapi orang yang egois hari ini pas perjalanan sama teman kantor,angry,0.74
dulu pakai pinguin beli merek yang ada tasnya saja begitu bei yang ponco saja lebih enak dinpake,neutral,0.25
semangat pagi bang salam dari madiun,happy,0.07
bingung dan takut ambil keputusan banget tadi pagi sama teman kantor,anxious,0.74
merasa sendirian akhir akhir ini tapi ya sudahlah di kampus sendiri,sad,0.76
kecewa banget sama hasilnya tapi ya sudahlah waktu malam,sad,0.65
kecewa banget sama hasilnya lucu tadi pagi sama dia,sad,0.65
sumpah ya instagram itu kadang resee suka tidak kasih notiff,angry,0.86
malu di jalan sesat bertanya,neutral,0.38
malam ini kepikiran terus jadi sedih di kampus sama keluarga,sad,0.62
a lucu khas buzzerp jokowi menuduh orang mau dituduh marah,angry,0.85
benar tetapi juga bikin kesal lama lihat mukanya,angry,1.0
kehilangan semangat buat kenapa apa banget waktu malam sama teman kantor,sad,0.75
akhir minggu ini seru banget agak random sih bareng teman sama teman kantor,happy,0.05
mau menonton aku kira kamu rumah awokao lucu tapi takut terlalu sedih jadi kalut,anxious,0.76
merasa sendirian akhir akhir ini agak random sih di kantor sama dia,sad,0.69
malam ini kepikiran terus jadi sedih lucu di kampus sama teman kantor,sad,0.83
pagi ce sudah normal kah twitnya,neutral,0.39
keren ya di pondok pintar ini mereka belajar dan fokus dengan apa yang diterangkan semangat untuk kalian anak papua,happy,0.07
sepi,sad,0.65
kecewa banget sama hasilnya banget asli bareng teman,sad,0.64
wml rules done akunku ika ruyanah semoga jaehwan sama baejin sembuh sedih liatnyaa,sad,0.69
balas dendam dengan cari ini memang paling elegant,angry,0.99
rasanya sedih banget akhir akhir ini sih pas perjalanan sama teman kantor,sad,0.73
deg degan menunggu hasil pengumuman serius di rumah,anxious,0.94
selamat pagi untuk jiwa jiwaa yang sepi,neutral,0.3
suka banget sama dialog ini simple tapi mengena buat saya pribadi harus diabadikan ckrek,happy,0.1
aaksks tetapi gue takut nanti mendadak si massal,anxious,0.76
tidak ada yang aneh kok kecuali satu emot lope lope dari masa lalu enggak usah takut aku diembat cowok lain aku tetap setia crushin kamu meski harus terluka melihat kamu bahagia,sad,0.66
kehilangan semangat buat kenapa apa serius di rumah sendiri,sad,0.65
senyum sendiri pas ingat kejadian tadi tadi pagi sama dia,happy,0.11
makin benci dan kesal terhadap agama terutama sekali agama yang entu sudah bisanya cuma bikin susah orang tidak ada gunanya lagi,angry,0.94
bukan ganti sih tapi suka bikin oleng bangtan itu kuat banget daya tariknya,neutral,0.31
diam bukan berarti aku limbad bisa saja saya ijat,neutral,0.39
aku cuma ingin istirahat sebentar banget asli di kantor sendiri,sad,0.59
tetap jadi orang yang bahagia sebab setan itu datang dari perasaan tertekan dan sedih nice quotes bu guru untuk mama satu lagi mih tetap lah trsenyum mskpn di anggap gemblung sebab senyum adalah sbgian dari ibadah dan hal yang paling dibenci orang yang tidak suka dengan mu,neutral,0.29
orang itu bikin emosi banget sumpah di kampus sama teman kantor,angry,0.7
jengkel banget sama call centernya buru banget closing nya padahal masalah belum selesai parah oh iya kan si cepat namanya,angry,0.98
gue sedih banget kalau sampai gjdi,sad,0.68
kehilangan semangat buat kenapa apa sumpah pas perjalanan sendiri,sad,0.67
mvs a the house a tolong dong ada yang jelaskan pesan dibalik ketiga ceritanya aku agak paham buat cerita pertama pesannya bagaimana cuma untuk cerita kedua dan ketiga aku masih bingung terima kasih ya,neutral,0.25
arya saloka kepergok tahan tawa di adegan sedih hingga meminta maaf editor video lupa potong adegan via,neutral,0.34
palu kamu kira kuli peang,angry,0.95
iya nih tvn kan suka memancing emosi penonton,angry,0.95
kenapa sih harus bikin masalah terus tapi ya sudahlah bareng teman sama keluarga,angry,0.95
hari ini produktif dan suasana hati bagus jujur saja bareng teman sama keluarga,happy,0.07
lelah menghadapi orang yang egois sumpah di rumah sama dia,angry,0.68
ayo semangat ngeba,happy,0.01
akhirnya bangun siang tetapi sih bodoh ini tidak salat subuh,angry,0.87
lelah menghadapi orang yang egois sih bareng teman sama dia,angry,0.75
bingung dan takut ambil keputusan agak random sih di kantor sama keluarga,anxious,0.81
rasanya gugup terus hari ini jujur saja di rumah sama dia,anxious,0.89
saya tidak twit begituan di sini malu dan pasti dikecam sekarang kan seram apa apa dispill twit kayak ingin have sex sama anime langsung pqrt atau diss lalu dijadikan bahan teh,anxious,0.73
yhh marah mulu kamu cepat tua mampus,angry,0.92
lihat kok cuma takut pada ikut close juga nanti saya sendirian,anxious,0.88
masih susah pindah on dari kejadian itu tapi ya sudahlah tadi pagi sama keluarga,sad,0.74
kalau begitu lebih baik golput saja apa pilih wakil rakyat percuma saja,neutral,0.34
menteri badan usaha milik negara mengajak para warga memanfaatkan lahan perumahan menjadi lokasi pertanian erick thohir pun menggagas program bernama energi tani atau et dia menjelaskan gerakan energi tani bertujuan membumikan semangat bertani,neutral,0.38
iya asal jangan kuat malu,neutral,0.26
eh anjing memang baim mana baim itu agak tau tidak kamu bangsat memang kamu sibuk kurang kerjaan tidak menyebut oknum untuk digibahin iya yang di gibahin tidak cuma ya allah lucu gue mbabung kamu frik,angry,0.97
senyum sendiri pas ingat kejadian tadi jujur saja tadi pagi sama teman kantor,happy,0.08
takut banget loch abaikan muka,anxious,0.81
regina kalau ingin cerita boleh direct message aku ya regina jangan menyakiti diri kamu aku mungkin belum tahu permasalahan kamu tetapi aku mengerti jika kamu lagi tidak baik saja semoga kamu selalu diberi kekuatan ya regina kamu boleh sedih tetapi kamu harus tetap semangat dan hadapi sgalanya aku di sini regina,neutral,0.37
siapa yang salah di sini bang takut aku lihatnya bah,anxious,0.77
takut banget bocah cilik tetangga lagi sakit yang tadinya mau menghirup udara mendung akhirnya tutup pintu lagi,anxious,0.87
marah banget karena pekerjaan berantakan hari ini di rumah,angry,0.77
cemas memikirkan masa depan dan kepikiran terus di rumah sama keluarga,anxious,0.92
bikin kaget anak orang,anxious,0.88
semangat buat kamu yang lagi latihan ya walaupun tidak ke notice semangat,happy,0.16
senang banget pagi baru bangun sudah dapat kabar baik dari jimin,happy,0.11
lelah sama keadaan sekarang sumpah,sad,0.67
makan favorit hari ini bikin bahagia tapi ya sudahlah sama keluarga,happy,0.28
kepikiran banyak hal sampai susah tidur padahal sudah coba santai di kampus sama keluarga,anxious,0.76
khawatir sama kondisi sekarang agak random sih waktu malam,anxious,0.77
akhir minggu ini seru banget bareng teman sendiri,happy,0.09
orang itu bikin emosi banget banget asli di kampus sama dia,angry,0.74
tapikan asahi oh iya asahi orang ngawi nghokey,happy,0.0
bersabar dengan emosi yang ada di dalam diri ini,angry,0.94
khawatir sama kondisi sekarang banget asli tadi pagi,anxious,0.9
yuk bagi sobat pandai yang lagi jomlo ldr atau jauh dari yang terkasih jangan khawatir bisa banget ikut coaching clinic yang membahas informasi terkait dengan tugas belajar dan izin belajar ini ehe untuk mendaftar sobat pandai bisa cek di ideas ya,happy,0.03
halo kakak ofiee aku suka banget sama genre au kakak yang baru semangat terus ya nge au nya jaga kesehatan selalu dan jangan lupa baha hai wow aku senang banget dengarnya terima kasih ya sudah suka dan mau bacaa jangan lup fiecc,happy,0.11
semangat buat hari ini,happy,0.18
siap kak ubi nanti aku teriaki nama kak ubi kalau papasan hihi tidak seimut itu padahala sudah kak tinggal pesan id card saja,neutral,0.26
kesal banget hari ini waktu malam sama keluarga,angry,0.69
akhir akhir ini cemas terus banget sama dia,anxious,0.81
mun sepatah ku bercakap kamu untuk baik teh ku diam pasti kamu marah pulang aku diam tidak paham,angry,0.99
merasa sendirian akhir akhir ini di kantor sama teman kantor,sad,0.77
anda tau tidak sih rasanya lagi bengong kaget anjrt,anxious,0.72
takut gagal di presentasi besok dan kepikiran terus sama teman kantor,anxious,0.86
langsung melek saya bangsat,angry,0.99
senyum sendiri pas ingat kejadian tadi dan kepikiran terus tadi pagi sama keluarga,happy,0.05
ya allah berkati bahagia himpunan mahasiswa islam,happy,0.07
anjing kaget mengetik kamu meminta di tabok apa bagaimana,angry,0.88
merasa sendirian akhir akhir ini sih pas perjalanan sama teman kantor,sad,0.79
baru tengok nih je sudah sedih,sad,0.61
aku cuma ingin istirahat sebentar agak random sih di rumah,sad,0.82
hari ini berat banget dijalani lucu di kantor sama teman kantor,sad,0.57
kakak jadi malu tau,anxious,0.76
ioe lah wax tidak doug sih yeufou xalei lolou tidak tolol,angry,0.95
tbl tbl takut banget lah iri kan kamu tidak bisa begitu makanya jangan gatal,angry,0.95
akhirnya lolos interview kerja sumpah di kantor sendiri,happy,0.07
senang banget hari ini ketemu teman lama dan kepikiran terus waktu malam sama dia,happy,0.18
iya ya dulu suka banget bacakan cerbung coboy junior yang cast nya iqbaal,neutral,0.39
dapat kabar baik dari keluarga tadi pagi tapi ya sudahlah sendiri,happy,0.17
ha serius out gue tidak mengikuti sn sih cuma kan yang gue tau mereka baru tetapi sedih saja kok sudah ada yang out,sad,0.53
begini amat punya motor harus mencuci sendiri nanti kotor sendiri dhehxhwh kesal,angry,0.96
ha bodoh kali kamu pantek,angry,0.98
ayo lifeb sepi banget minggu ku tidak ada tayangan snowdrop lagi,sad,0.6
semangat ya banyak penyesalan yang sudah terjadi harusnya pada saat ini gaperlu disesali yuk bisa yuk buat menata lagi hal hal yang lebih baik,happy,0.06
kecewa banget sama hasilnya padahal sudah coba santai di kampus sendiri,sad,0.82
ore sedih ore mau punya chingu lah,sad,0.55
puji tuhan kabar baik jimin sudah sembuh dari covid dan sekarang tinggal proses pemulihan nya habis operasi tapi tetap jaga kesehatan terus dan banyak istirahat ya,happy,0.06
takut gagal di presentasi besok tapi ya sudahlah waktu malam sama teman kantor,anxious,0.73
ada yang buat dakwah melalui kempen ada yang buat dakwah dengan memberi kesedaran ada yang buat dakwah dengan polisi ada yang buat dakwah dengan penguatkuasaan yang sedih yang memperlekeh mana usaha,neutral,0.38
f orang yang suka mengganggu biarkan saja mbak yuk nanti jika dia lelah lak iya berhenti sendiri atau diam karena kelelahan,neutral,0.36
iya pagi pagi luar biasa,happy,0.16
selamat pagi luar biasa tetap semangat,happy,0.04
semoga kamu tak perlu mengenal sedih ku semoga kamu mengenal ku yang hanya ku dengan segala baik dan buruk ku,sad,0.78
marah banget karena pekerjaan berantakan banget asli,angry,0.84
luka paling berat dan bikin trauma banget benci banget tetapi kayak ya sudah sudah terlanjur dan sudah terjadi ingin putar waktu mending tidak kenal dia dari awal tetapi semua sudah terjadi ya,sad,0.73
semua yang dari arab pasti halal coy bagi sebagian orang orang bodoh yang ada di indonesia kdrt saja dibenarkan kencing onta saja diminum teroris dijadikan anggota fatwa majelis ulama indonesia teroris dijadikan ulama ustaz dan guru agama kok,angry,0.89
masih susah pindah on dari kejadian itu serius di rumah sama keluarga,sad,0.68
kepikiran banyak hal sampai susah tidur sih,anxious,0.88
akhirnya lolos interview kerja padahal sudah coba santai pas perjalanan sama dia,happy,0.13
gue lihat lysyn dejun sedih iya tidak apa apa jun kita menunggu wayv kombekmaaf ya jun semangat wayv,happy,0.08
benda normal natural killer malu apa,neutral,0.2
itu si oke tidak semuanya harus lancar sekarang kamu re undergoing changes and itu si normal tapi have everything agak kelabakan at first,neutral,0.31
biasa nya nu jiga seperti ini adalah jadi penjahat nya jaka sembung,neutral,0.33
malam ini kepikiran terus jadi sedih agak random sih pas perjalanan sendiri,sad,0.59
takut gagal di presentasi besok serius di kantor sama keluarga,anxious,0.76
kepikiran banyak hal sampai susah tidur dari tadi kepikiran tadi pagi sama keluarga,anxious,0.92
anxious banget sebelum meeting tadi hari ini di kantor sama keluarga,anxious,0.89
jangan takut aku tidak gigit kok,neutral,0.23
pedri publik sangat penting bagi kami mendengarkan kehangatan dan kasih sayang mereka luar biasa dan memberi anda banyak kekuatan,neutral,0.38
kalau yang tidak terlalu pahit masih suka tapi kalau yang pahit banget tidak suka lucu takut sama rasa pahit soalnya,anxious,0.72
lelah sama keadaan sekarang tapi ya sudahlah di rumah sendiri,sad,0.77
bogor sepi ya bang,neutral,0.26
lucu itu jaksel day ngebekas banget jadi bikin aku suka mengetik i bercampur language t t keki banget,angry,0.95
kenapa komennya pada takut sih,neutral,0.34
ghost doctor all of us are dead our beloved summer seru cuma yang aouad lebih bikin emosi dari pada serunya,neutral,0.28
hari ini produktif dan suasana hati bagus banget asli waktu malam sama keluarga,happy,0.29
kesal banget sama orang yang tidak tepat waktu tapi ya sudahlah di kampus sendiri,angry,0.85
jadi hater nya gofar itu enak tau wkwm lucu gue kalau kejadian ini fix gofar yang benar mereka tinggal bilang tidak suka sama kelakuan nya geser isu lucu gue biar tidak malu malu banget sudah membela orang skizo selama bulan,happy,0.1
sama saya biasa jalan dipaling pinggir sambil bilang maaf,neutral,0.25
masih pagi lah sudah ada yang bikin emosi saja,angry,0.95
kesal banget sama orang yang tidak tepat waktu sih di rumah,angry,0.77
geram banget sama pelayanan tadi lucu bareng teman,angry,0.74
mon maaf ini sedih tapi lucu jadinya gue tertawa awkwakak,happy,0.19
join direct bisa pakai nama sendiri bisa buat buka sharing wh grup di line ready slot free foto arrived di unbox promo untuk wh direct cukup bayar ke saja buat bulan februari april murah worth itu banget guys benaran karena benefitnya,neutral,0.4
rasanya kosong saja hari ini dari tadi kepikiran bareng teman,sad,0.62
kepikiran banyak hal sampai susah tidur hari ini sendiri,anxious,0.72
tak ada warning bodoh nih tikus just brushed pasti my leg,angry,0.93
bagiku juara itu posisi dimna ada rasa puas yang mndtngkan kebahagiaan untuk aku mkhlk sekitar tentu juga tuhan sampai tuhan makhluk bahagia akan lahirnya aku cnth kecil semut yang bahagia karena aku mmbrinya sbutir gula i,neutral,0.24
harus beli donat biar tidak sedih,neutral,0.3
suka banget tidak balas wa by the way kak ian kenapa marah marah,neutral,0.25
tapi sedih juga karena yang aku pikir selama ini dia baik saja ternyata pikir kayak begitu,sad,0.54
tidak soalnya rambut saya jelek malu auratnya kelihatan kayak tidak nyaman begitu kalau saya,neutral,0.39
memang saya ateis saya kan pemuja fol gas coba jelaskan secara rinci ateis yang tidak abal itu bagaimana kalau kamu memang pakar ateis kalau kamu tidak bisa jawab pasti kamu bakal memaki saya cewek bego kayak tadi,sad,0.6
pagi nder semangat nder,happy,0.12
sudah sabar tapi masih dibohongi banget pas perjalanan sama teman kantor,angry,0.92
pejabat pada kaget mulu tetapi jantungnya kuat saja ya soalnya kagetnya aslinya tidak kaget juga eh bagaimana maksudnya sudah tau,neutral,0.21
chapter sedih banget,sad,0.56
kelakuan temanku itu suka kayak begitu bilangnya on the way eh tau taunya lama banget,angry,0.92
takut kalau hasilnya jelek tapi ya sudahlah di rumah sama keluarga,anxious,0.86
tidak bisa sudah dari semalam sudah sedih banget e tidak sampai menangis orang masih ada memb lain lockey semangat ya mesti bisa og,sad,0.79
senyum sendiri pas ingat kejadian tadi banget asli di kantor sama keluarga,happy,0.23
baju hilang lagi laundryan pagi sudah bikin emosi,angry,0.91
cebong memang bangsat,angry,0.86
aku bisa tersenyum walaupun di dalam hati ini masih tersimpan rasa kecewa,sad,0.78
kepikiran banyak hal sampai susah tidur sumpah di rumah sama keluarga,anxious,0.73
di saat senang ataupun susah menangislah dalam hati,happy,0.19
kabar gembira untuk kita semua kulit manggis kini ada ekstraknya mastin hadir dan rawat tubuh kita jadikan hari ini hari mastin tampil bersinar membuatku bahagia badan sehat rahasia mastin herbal rahasia alam dari indonesia penuh pesona pesona mastin mastiinn good,neutral,0.34
takut banget galak,anxious,0.82
nih geng lgbt patutle libtard gay bodoh tahi,angry,0.94
rasanya ingin marah terus dan kepikiran terus di kampus,angry,0.84
saya menangis banget dan ah malu senang kaget jadi satu amat,anxious,0.87
a trivia im being deadass saya tidak pernah dugem lucu takut ngebungkus laki orang,anxious,0.72
sebenarnya ikn itu hanya trik saja agr kasus korup dan kasus lainnya tertutupi memangnya mungkin pembangunan ikn selesai dalam tahun dari situ saja sudah terbaca bohongnya,neutral,0.4
beuuhh rambo semua modelnya nih pantas dianggap saudaraa ngeri kali maksudnya,anxious,0.82
kesal banget hari ini tapi ya sudahlah di kantor,angry,0.89
pagi pagi di keadaan saya yang tidak enak badan ada kabar baik banget alhamdulillah jimin saya sembuhh,happy,0.15
semangat nona boleh habis ini sekalian bersihkan akun saya,happy,0.17
baru menonton bulgasal dan yang episod joon menusuk wooseok kesal tetapi lebih ingin menangis lihatnya sedih huhu,sad,0.62
semangat dibantu doa,happy,0.18
setelah kucing gue sudah di steril selama hari itu sudah dikurung di rumah dan hari ini kabur dong main lagi ke rumah sih tetangga sinting ini langsung gue kejar eh berharap tidak ketemu dia tau malah sapaan ketemu amnjing benar sudah bangsat,angry,0.97
lelah sama keadaan sekarang sih di kampus sendiri,sad,0.79
oh begitu ya kalau gue adalah dari awal gue masa bodoh dengan corences gue tidak meminta ya tetapi kalau gue mati dibunuh dia gue tidak urus berarti itu memang suratan takdir gue sampai sekarang saja gue anti vaksin kok dari awal gue anggap corences itu sama dengan flu kalau gue ada gejala cukup gue menjauhi orang saja,angry,0.98
takut gagal di presentasi besok sumpah sendiri,anxious,0.71
kalau begitu biasa biasa saja sudah gue,neutral,0.25
kesal banget sama orang yang tidak tepat waktu sumpah bareng teman sama teman kantor,angry,0.69
kalian bisa dengarkan mitski tanpa ikut sedih padahal tidak bisa relate begitu,neutral,0.29
kamu itu sudah bodoh pendek tidak pintar tidak bisa apa apa cuma beban doang hidup lagi lucu masih mau hidup kamu zat,angry,0.94
bodoh lah tidak ada flight terdekat,angry,0.93
pura pura kaget atau mau cuci tangan,neutral,0.24
bingung dan takut ambil keputusan agak random sih di kantor sama keluarga,anxious,0.74
kan jadi seenaknya memperlakukan ke kita berhentilah berpura pura seolah olah semua nya baik baik saja hatimu bukan baja,neutral,0.34
haah belajar chargeman a sekali kerja amik former kat kilang jadi worker dengan orang atas yang kejap ok kejap tak ok nak ikut cakap dia macam kerja tak pernah siap kimak semua kerja siap tapi bodoh nak memekak juga baruah,angry,0.9
eh bukan deng lucu gue kaget banget anjir mana rompi osisnya mirip belakang gedungnya mirip pas lihat badgenya bukan sekolah saya,anxious,0.75
lelah menghadapi orang yang egois di rumah sama dia,angry,0.66
masih susah pindah on dari kejadian itu padahal sudah coba santai tadi pagi sama keluarga,sad,0.68
lelah menghadapi orang yang egois sih di kantor,angry,0.71
khawatir sama kondisi sekarang dan kepikiran terus bareng teman sama dia,anxious,0.94
emosi lihat komentar orang tadi banget asli waktu malam sama dia,angry,0.81
lucu takut kali gaga,anxious,0.87
kecewa banget sama hasilnya dari tadi kepikiran sama teman kantor,sad,0.59
kenapa sih harus bikin masalah terus sama teman kantor,angry,0.73
termakan sumpah a dan merah muda kartu undangan berwarna merah terlempar begitu saja secarik kertas itu bagaikan musibaha besar yang membuat kepercayaan diri sarah nyaris lenyap satu per satu sahabatnya melangkah menuju pelaminan sedangkan ia masih betah melajang di,neutral,0.31
penontoon kok sepi sih tarak tarak tass,sad,0.62
khawatir sama kondisi sekarang dan kepikiran terus di kampus sama dia,anxious,0.71
terus saya makan sampai dibawain minum dibilangi pakai ini yang biar enak intinya terus berbicara tidak berhenti saya sudah menahan menangis karena merasa bersalah saya jutekin,sad,0.59
bapakku arsitek dan kalau bikin rumah selalu ada bagian terbukanya katanya biar tidak panas alias biar hemat ac dan bagian terbukanya gede banget tetapi aku tidak suka soalnya kalau hujan selalu ketampon alian air hujan yang kena angin masuk ke bagian tumah yang tertutup atap,neutral,0.26
dia mengingatkan soalnya khawatirkan kamu nder itu jam satu pagi kenapa dia harus semarah itu tidak itu biasa saja nder ketikannya tidak melihat semarah itu mengetik saya kalau sudah khawatir kayak begitu kayaknya lebih kelihatan marahnya daripada itu dia masih wajar itungannya,neutral,0.35
cukup unsurnya semoga saja rakyat mengambil pelajaran kedepannya bisa lebih cerdas memilih wakila nya yang menjunjung tinggi etika dan moral amin,neutral,0.23
lelah menghadapi orang yang egois sumpah di kantor sendiri,angry,0.86
alasan utama nya adalah karena sangat melokaal dari yang dia cover lagu cinta luar biasa terus kalau berbicara indonesia itu sudah kayak orang indonesia benar yang kayak nih orang benaran orang korea gaasih terus juga warna kulit nya yang aku suka beda saja begitu dia sama teman nya yang lain,angry,0.88
excited sebab sudah lama nak beli cincin pasti dia selalu cakap dia tak biasa pakai cincin sok tak suka sangat pakai sok bila dia pakai itu hehe lucu ge seronokk,happy,0.15
rasanya gugup terus hari ini tapi ya sudahlah sendiri,anxious,0.74
sedih banget farewell giftnya yeppeoseo,sad,0.71
ini antara dia yang tidak paham dia yang pakai joki skripsi atau dia biasa kdrt nih aslii,neutral,0.37
kepikiran banyak hal sampai susah tidur agak random sih bareng teman sendiri,anxious,0.83
rasanya gugup terus hari ini banget waktu malam sama keluarga,anxious,0.76
rasanya kosong saja hari ini tapi ya sudahlah di kampus sama teman kantor,sad,0.61
nasi biasa di canpur sambal cikur sangrai,neutral,0.2
terus hubungane apa bangsat,angry,0.93
jends memberi info kadang suka banget dadakan deh kampus bikin keki,angry,0.88
tidak ada barusan banget jatohin pot bunga ayah saya dimarahi dia cuma duduk santai di dekat pot bunga itu,sad,0.58
takut gagal di presentasi besok dari tadi kepikiran waktu malam sendiri,anxious,0.93
lumayan cerah buat mencuci,happy,0.1
dibilang sedih ya pasti tetapi bagaimana pun harus terima dan dukung denise tidak mau lama sedihnya karena cewek ini juga butuh dukungan kita lockeys kuat,sad,0.56
emosi dari kemarin tidak hilang,angry,0.98
link menonton tsuma shogakusei nih naru drama jepang penuh tawa dan tangis,neutral,0.25
deg degan tidak itu ditanya habis menonton apa karena panik saya jawab habis menonton coboy junior addaffafsf,anxious,0.83
kecewa banget sama hasilnya sih di kampus sama teman kantor,sad,0.66
sudah sabar tapi masih dibohongi lucu bareng teman sama teman kantor,angry,0.78
hari ini produktif dan suasana hati bagus sih di rumah sama keluarga,happy,0.25
another level of lockey dari sedih bisa tertawa wkakwkk,happy,0.2
malam ini kepikiran terus jadi sedih hari ini waktu malam sama dia,sad,0.82
kami takut pada yang tidak berwujud,anxious,0.84
teman teman saya aji mumpung semua bangsat,angry,0.94
mungkin dia pengikut pimpinan pesantren yang cabul itu makanya bisa bikin opini se tolol begitu,angry,0.94
sedih banget waktu salaman sama kucing,sad,0.73
tersesat dalam tangis menginginkan kehadiranmu tapi kamu tak kunjung hadir bahkan hanya untuk sekadar mengabari sadar dan damai dalam jalan yang lurus tapi merasa tak berarti karena hadirmu benar benar sudah tak di sini bagaimana bisa aku melihat sosokmu dalam diri orang lain,sad,0.59
tuhanmu tiada meninggalkan kamu dan tiada pula benci kepadamu qs aduh dhuhaa perjuangan penerapan syariat allaahu akbar,neutral,0.21
benar guys nasi goreng simple cepat dan enak saatnya lanjut beres sudah ini rumah sudah kayak tidak ada penghuninya debu sudah mulai bermunculan lagi,happy,0.14
makan favorit hari ini bikin bahagia jujur saja pas perjalanan sama keluarga,happy,0.24
bulan tidak enak hati tidak sih ini,anxious,0.7
sudah sabar tapi masih dibohongi agak random sih di kampus sama dia,angry,0.83
salam melv semangat skripsiannya kamu sekarang skripsiannya buat diri kamu sendiri saja cukup kalau orang tua tidak menganggap apa apa adalah tapi masih dikasih uang jajan kan,happy,0.18
bingung dan takut ambil keputusan hari ini waktu malam,anxious,0.81
masih susah pindah on dari kejadian itu dari tadi kepikiran di rumah sendiri,sad,0.6
itu pas workshop school rangers bareng anggota baru terus pas main game celananya p nicky robek gun kelihatan kaget begitu off adalah tertawa tertawa,happy,0.17
dulu saya pernah diajari buat cari tau apa yang saya suka dan bisa ini exercise yang cukup unik karena ini logical banget ketika kita mau nge flow ya kita harus start untuk bergerak saja dari hal yang kelihatan nanti kepercayaan diri akan terbangun sendirinya,neutral,0.22
kan enak punya kapal min,happy,0.03
tidak sedih kok cuma ingat doang kesalahan memang bawa ini mobil harusnya mobil lain,neutral,0.22
kaget kan kamu,neutral,0.2
rasanya kosong saja hari ini dari tadi kepikiran bareng teman sama keluarga,sad,0.66
malam ini kepikiran terus jadi sedih hari ini tadi pagi sama teman kantor,sad,0.7
safir digulirkan ke arah dimana gerobak penjual crepes berada yang dijual oleh ahjussi paling berbakat menurutnya membuat crepes di sana katanya ini crepes paling enak di seoul padahal dia cuma tahu tempat ini itupun karena dekat,neutral,0.35
karunya teuing ih semalaman khawatirr tidak ada kabar,anxious,0.81
ijab qobul jagalah anaku surat pemberitahuan tahunan engkau jaga ibumu sayangi dia cintai dia dan bimbing dia di jalan yang benar bila engkau bosan jangan tinggalkan dia sendiri bila marah jangan kamu menyakiti kembalikan saja padaku pada keluargaku selama aku masih hidup pasti ku terima kembali kata bapak,neutral,0.28
saraf pada otak mutanjir kena ini adalah sudah tidak tertolong tolol nya,angry,0.99
makan favorit hari ini bikin bahagia banget di rumah,happy,0.27
embun pagi selamat pagi mentari jangan kamu kotori dengan emosi jangan kamu nodai dengan iri dengki,neutral,0.23
baik haurraa dirimu pak kabar sayang,neutral,0.27
kan arteria dahlan cuma wakil rakyat toh lah terus rakyat yang punya hak di abaikan begitu saja kalau begitu tidak usah menjadi wakil rakyat biar rakyat sendiri yang bertindak dan menindak lanjuti setiap kejahatan dan setiap ada kasus sampai kesal bacanya,angry,0.94
rasanya ingin marah terus serius di kampus sama teman kantor,angry,0.82
hai kak maaf untuk pengalamannya ya terkait muncul pop up pada layar handphone kami menyarankan untuk dapat cek setting kemudian cek pesan siaran lalu di off kan jika masih berkendala kami menyarankan lepas pasang kartu kemudian coba kembali ya salam nay,neutral,0.22
tidak apa apa kaget saja,neutral,0.38
hari ini produktif dan suasana hati bagus banget asli waktu malam sama dia,happy,0.27
cemas memikirkan masa depan padahal sudah coba santai di rumah,anxious,0.9
akhirnya lolos interview kerja tapi ya sudahlah,happy,0.13
geram banget sama pelayanan tadi dari tadi kepikiran di kantor sama keluarga,angry,0.86
kuat banget kamu nder semangat ya,happy,0.16
sekolah itu biasanya ramai tapi ramai karena makhluk tak kasat mata lucu wkwk bikin merinding,anxious,0.82
ayo emosi jangan sabar,angry,0.86
masih susah pindah on dari kejadian itu jujur saja bareng teman sama dia,sad,0.69
weh takut limit,anxious,0.81
rasanya kosong saja hari ini dari tadi kepikiran bareng teman sama dia,sad,0.64
rasanya sedih banget akhir akhir ini hari ini di kampus sama keluarga,sad,0.82
tidak tau kenapa dari kecil aku takut banget sama laut lebih suka bukit gunung sebenarnya suka banget tetapi kan dingin aku tidak kuat dingin takut pingsan kalau kedinginan,anxious,0.75
pas bangun langsung kaget,anxious,0.71
gue jadi takut ada teman rl tau akun ini soalnya bisa dilihat dari kontak kan apalagi gue daftar akun ini pakai no handphone,anxious,0.75
kecewa banget sama hasilnya hari ini pas perjalanan sama dia,sad,0.8
merasa sendirian akhir akhir ini sih pas perjalanan sama keluarga,sad,0.78
bahagia adalah kecewa yang sudah lewat,sad,0.72
semua hanya soal waktu hitam atau putih baik atau buruk kalah atau menang sedih maupun bahagia semua akan berlalu begitu saja,neutral,0.28
takut kalau hasilnya jelek tapi ya sudahlah di kampus,anxious,0.83
sedih hati syafakillah my favorit girl cepat positif cantik dan chumils jehh sih kamu soon,sad,0.67
kecewa banget sama hasilnya sih bareng teman sama teman kantor,sad,0.69
semangat loyonya,neutral,0.21
kombo diluc raiden enak kok tidak terlalu mental masih bisa dijangkau,happy,0.0
kesal banget hari ini dari tadi kepikiran pas perjalanan sama keluarga,angry,0.9
gue masih kaget ta,anxious,0.89
laptopnya kaget itu,anxious,0.73
akhir akhir ini cemas terus lucu di rumah sama dia,anxious,0.78
kenapa sih harus bikin masalah terus agak random sih pas perjalanan,angry,0.94
bingung dan takut ambil keputusan lucu di rumah sama dia,anxious,0.93
kata bang koi itu yang suka komen korea pop plostak plastik plostak plastik itu sudah kasih kerja ke berapa orang ya,neutral,0.24
anxious banget sebelum meeting tadi banget di kampus,anxious,0.97
ibu gurunya menjelaskan siswanya biasa saja tidur mengumpet,neutral,0.31
dulu di sekolah memang banyak banget yang tidak suka sama aku sih ditambah aku juga tidak cantik,sad,0.78
kayaknya warganet di tiktok jauh lebih tolol dibanding warganet media sosial lain deh,angry,0.92
terus pas pulang kan aku diantar sama kak yer nah aku bilang deh ke kak yer terus kita kak yer dikantornya itu banyak banget yang suka sama kakak sering mengajak lunch bareng orang keluar pas akhir pekan bareng tapi ya begitu tidak ditanggapi saja malas soalnya,neutral,0.23
ya allah enak banget libur by the way bulan ini saya cek out shopee isinya bantal sama blender jus mau memperbaiki kualitas tidur sama kesehatan lucu saran dari dokter karena habis kontrol dan sumpah rekor bb kg bhakk makanya beban badan makin berat iya say,happy,0.14
biasa bertanya atau kayak memantau dia butuhnya apa dulu kak kalau beli barang juga biasa saya lihat dulu gayanya bagaimana tapi kalau mentok ya dompet atau sepatu,neutral,0.38
rasanya gugup terus hari ini agak random sih di kampus sama keluarga,anxious,0.84
senyum sendiri pas ingat kejadian tadi serius di kantor sama keluarga,happy,0.07
kenapa sih harus bikin masalah terus jujur saja di kantor sama keluarga,angry,0.85
hari ini berat banget dijalani sama keluarga,sad,0.82
emosi lihat komentar orang tadi waktu malam sama keluarga,angry,0.84
kecewa sama diri sendiri,sad,0.57
pelan pelan sama yvyv h jnya dibalikn ke ranjang tidak kasar tidak kencang sayangnya yvyv nakal ya ditinggal malah main sendiri ya sudah main saja situ sama bantal hyung lagi h saja geleng geleng panik asli suara iya hanya lembut banget tidak kayak marah tidak mau tidak puas ingin yvyv,happy,0.19
i think senpai tachi found itu kenchan is sok cute though i mean mereka berdua itu sudah kenal kenchan dari umur belasan tahun atau bahkan kurang terus dapat kabar dia nikah dengan salah satu orang yang mereka kenal juga jadi merasa kayak ngebesarin anak sendiri pasti lucu lucu banget,happy,0.17
bingung dan takut ambil keputusan serius bareng teman sama dia,anxious,0.83
deg degan menunggu hasil pengumuman tapi ya sudahlah bareng teman sendiri,anxious,0.82
tolong adakan fitur unsend gue malu banget jancuk,angry,0.96
pas punya dowoon wonpil kaget karena baru tau ada wish dari member pas young ke okee eod pas sungjin lah ada dia juga lucu,happy,0.05
sih bego menyalakan lilin semalaman alhasil bangun bangun sudah habis,angry,0.98
semangat akakk,happy,0.03
alhamdulillah pagi ini dapat kabar baik,happy,0.09
halo bapak ibu mohon maaf atas ketidaknyaman yang dialami untuk perihal tersebut dapat dilakukan pasa menu pesan ya bapak ibu dapat juga melakukan tracking melalui link yang dikirim ke nomor ponsel melalui whatsapp atau smsnya,neutral,0.34
lelah sih tapi puas hasilnya bagus dan kepikiran terus pas perjalanan sama teman kantor,happy,0.21
rasanya ingin marah terus serius di kantor sama keluarga,angry,0.82
please jangan buat saya emosi ya pagi pagi he para homophobic,angry,0.93
emosy sudah sama cowok yang suka bertanya begini mangnya semua cewek cuma mau naik mobil kalau misal dulu pernah punya pengalaman begitu sama cewek ya berarti memang cewek itu bukan target pasar kamu soalnya cewek juga biasa kemana naik ojek online bro,angry,0.99
sudah saya baca panjang panjang kiraan analisisnya bakal boom ternyata hanya hasil pikiran otak pendek tolol,angry,0.98
kebiasaan banget selalu bawa member lain selalu ngebanding bandingkan dikira member lain tidak sedih juga apa,angry,0.87
lucu wkwk takut banget digigit lagi,anxious,0.72
semangat buat hari ini ya kamu deserve tapi be happy anw jangan lupa sarapan adolf,happy,0.01
eh bukan jadi mangsa maki atau kena marah but concerned pasal tak bercakap setibanya,angry,0.92
jangan begitu dong bang jadi sedih nih,sad,0.68
orang itu bikin emosi banget agak random sih pas perjalanan sama dia,angry,0.84
ini seru banget memang oh iya nder coba menonton my annoying brother juga deh sedih parah,sad,0.51
senang banget hari ini ketemu teman lama padahal sudah coba santai bareng teman sama dia,happy,0.19
andin saja bawa kesini hazel masih bayi takut flu,anxious,0.83
rasanya gugup terus hari ini dari tadi kepikiran waktu malam,anxious,0.84
sudah sabar tapi masih dibohongi lucu sendiri,angry,0.93
kayaknya memang wajar sih aku dulu begitu aku bersihkan biasa sekarang sudah gede kucingnya,neutral,0.35
kecewa banget sama hasilnya dari tadi kepikiran sama dia,sad,0.68
rasanya gugup terus hari ini hari ini pas perjalanan sama teman kantor,anxious,0.76
menonton film antagonisnya mengesalkan benci banget saya lihat muka kamu jijik ingin saya ludahin,angry,0.89
aku salkir ke orang astagfirullah malu,anxious,0.71
apa kabar dunia twitter masihkah selucu dan seabsurd dulu,neutral,0.27
malam ini kepikiran terus jadi sedih dan kepikiran terus di kampus sama teman kantor,sad,0.57
banget sama orang yang kalau di ajak bicara suka berbicara ha,neutral,0.3
merasa sendirian akhir akhir ini di kampus sama teman kantor,sad,0.66
mereka tidak akan pernah telusuri dengan tuntas makna kisah dan ayat alquran yang disampaikan surat pemberitahuan tahunan biasa ambil sepotong ayat lalu sebarkan demi menjelek an ajaran islam,neutral,0.34
lah kakak saya yang umur harus memanggil saya yang umur apaan anjrit kalau bukan adik oh saya anak tunggal ada anak perempuan satu lagi punya ayah ibu saya begitu tolol ih,angry,0.93
fakta mengikuti kajian tidak boleh berlebihan minum air kelapa takut nanti jadi santan dalam perut,neutral,0.3
ada orang cewek mengomongnya halus banget tidak pernah berbicara kasar tidak pernah marah sekarang dia jadi sister di gereja katolik,neutral,0.22
apa kabar juniordanyw,neutral,0.28
akhir minggu ini seru banget banget asli pas perjalanan sama keluarga,happy,0.27
jaga takut dia terjun lagi itu huhu,anxious,0.75
orang dulu siap mesyuarat satu kampung nak tentukan tarikh nikah takut bertindih susah orang kampung nak datang rewang,anxious,0.78
tiap kali intuisiku benar itu antara bikin lega atau takut sih,anxious,0.73
orang itu bikin emosi banget sih tadi pagi sama dia,angry,0.93
aduh kadang saya bingung banget ya sama cewek suka pembaruan kalau dia jadi selingkuhan begini itu ceritanya merasa cantik banget apa bagaimana sih jahat tau begini sudah jahat diumbar jahatnya saya saja yang cewek ilfeel lihatnya huftt,angry,0.99
semangat hari ini jangan lupa sarapan,happy,0.03
kaget tapi oke bintang dari aku,happy,0.01
biasanya ini hari sabtu hari yang aku suka banget tapi hari ini lagi benar lelah,neutral,0.37
non moots lagi ya allah bye ah malu,anxious,0.86
sa tidak pernah berhenti geleng lihat dokter pakai tiktot rawan berbuat bodoh multitafsir di platform itu tidak semua kita mahir menempatkan diri dan menata ekspektasi orang lain di ranah publik,neutral,0.29
cemas memikirkan masa depan dan kepikiran terus di rumah sama dia,anxious,0.9
kaget lihat reply fan sultan semua sepertinya,anxious,0.87
mau marah saja sekarang sudah malas,angry,0.86
happy birthday marr bahagia terus ya,happy,0.05
tak tau tapi aneh banget kok orang orang banyak yang suka sama dia,anxious,0.9
kalau benci sama,angry,0.97
kecewa banget sama hasilnya agak random sih sama dia,sad,0.81
sedih banget denise leave,sad,0.66
lelah sih tapi puas hasilnya bagus waktu malam sama teman kantor,happy,0.07
panik kenapa atuh kakak,neutral,0.24
dibilang setia itu tuntutan aneh banget anjing kalau memang sudah namanya sayang adalah bakal setia dengan sendirinya tanpa diminta apalagi kalau sudah nikah seharusnya punya kesadaran sendiri buat setia sama pasangannya lah tolol banget kesal pagipagi sudah dibuat emosi,angry,0.9
khawatir sama kondisi sekarang lucu waktu malam,anxious,0.92
ya tuhan ingin pacaran tapi takut berujung malah manfaatkan anak orang kan karma ada,anxious,0.87
malam ini kepikiran terus jadi sedih lucu di kantor,sad,0.7
saya baik tapi saya tidak tolol semoga orang tua saya sehat terus lancar rejeki biar tidak usah saya ngandelin saudara kayak anjing,angry,0.87
geram banget sama pelayanan tadi dari tadi kepikiran di kantor sama dia,angry,0.76
sudah sabar tapi masih dibohongi dan kepikiran terus di kantor sama dia,angry,0.79
akhir minggu ini seru banget bareng teman sendiri,happy,0.09
kesal banget hari ini jujur saja waktu malam,angry,0.89
terima kasih ya sudah bikin hariku lebih baik di kampus sama dia,happy,0.11
merasa sendirian akhir akhir ini banget asli di rumah sama dia,sad,0.57
enak itu,neutral,0.21
alhamdulillah jimin ganteng bangun bangun pagi dapat kabar bahagia,happy,0.08
obat strok yang paling ampuh adalah bio nerve pesan di wa atau,neutral,0.23
iya tentu saja ada air mata tentu saja ada semilir duka,sad,0.76
sudah sabar tapi masih dibohongi pas perjalanan sama keluarga,angry,0.68
berarti gravity probe b sudah menyerah oke fix kamu ini bawa perasaan bodoh dan ingin terlihat pintar mengakui psnteis yang dibicarakan perasaan huek pakai simbol biar kelihatan anak pintar mengerti atom padahal tidak tahu apa malu aku malu karena ketahuan bohong,angry,0.87
renjana weh bagus banget sempat baca sampai tamat di wattpad sebelum naik cetak biasa nya tidak begitu suka baca novel tentang reinkarnasi soalnya bahasanya biasanya berat tapi di sini bahasa nya mudah dimengerti,happy,0.18
cemas memikirkan masa depan lucu pas perjalanan sama keluarga,anxious,0.81
kecewa banget sama hasilnya hari ini tadi pagi,sad,0.62
lelah sama keadaan sekarang tapi ya sudahlah bareng teman,sad,0.7
hawo mowning dynda kabar baik nih kamu bagaimana,neutral,0.32
ingin percaya diri buat menstruasi tim tetapi takut juga kesandung lucu cuma kayany grup neraka sih inimah,anxious,0.79
itu kalau marah sama orang tidak bisa lama lama habis bangun tidur juga marahnya hilang,neutral,0.33
kepikiran banyak hal sampai susah tidur banget waktu malam sama teman kantor,anxious,0.9
kalau mencuri malu adalah kedengaran sama yang punya,anxious,0.71
eh asli sedih banget padahal debutnya juga belum lama mana suara dia paling bagus di sn,sad,0.68
lagi benci banget dengarkan lagu budak cinta,angry,0.91
kecewa banget sama hasilnya di rumah sendiri,sad,0.71
semangat november,happy,0.14
open santai ya,neutral,0.39
akhir akhir ini cemas terus sumpah sendiri,anxious,0.92
lelah sama keadaan sekarang jujur saja sendiri,sad,0.81
hai hai ikut po md photopack di mirfa yuk dom tangerang bookslot cuma ke bisa dicicil santai bisa qris orang cowok syopipaylater,neutral,0.35
aku memang tidurnya selalu malam tetapi pulang malam jam pagi sih tetapi alhamdulillah aku bisa tidur di situasi kayak begitu soalnya aku lebih takut manusia daripada hantu amit kalau di situ ada manusia mengintip baru itu tidak bisa tidur kan seram banget,anxious,0.74
sebenarnya saksi itu adalah orang yang mengetahui atau orang yang ber angan angan saja dengan berbagai narasi kemungkinan kok radak terkoyak nalar ini,neutral,0.2
rasanya sedih banget akhir akhir ini sih bareng teman sama teman kantor,sad,0.75
kenapa sih harus bikin masalah terus hari ini tadi pagi sama dia,angry,0.93
takut gagal di presentasi besok lucu waktu malam sama teman kantor,anxious,0.98
kaget banget lihat om kungya masuk base sjdkdkkdldlr,anxious,0.87
dapat kabar baik dari keluarga tadi pagi agak random sih di kantor sendiri,happy,0.21
semangat,happy,0.04
kaget ke logout sendiri,anxious,0.77
teman rl aku kalau lihat ini anggap saja tidak lihat ya,neutral,0.22
kenapa sih harus bikin masalah terus padahal sudah coba santai di kantor,angry,0.66
halo saya makin kesini makin enggak mengerti kenapa se ingin tahu itu sama masa lalu dia gue kayak senang saja lihat masa lalu dia saya itu tidak bahagia kayak tolol banget kamu nyia ini dia saya yang memang superduper baik saya bertrimakasih sih sama kamu karena kamu sudah buang dia gue,angry,0.93
akhirnya tugas selesai juga lega banget sendiri,happy,0.21
takut gagal di presentasi besok sumpah pas perjalanan sama keluarga,anxious,0.76
makan favorit hari ini bikin bahagia tapi ya sudahlah pas perjalanan sama dia,happy,0.07
semangat membacaa,happy,0.13
rasanya gugup terus hari ini banget asli di rumah sendiri,anxious,0.77
cemas memikirkan masa depan pas perjalanan,anxious,0.89
senyum sendiri pas ingat kejadian tadi padahal sudah coba santai bareng teman sama teman kantor,happy,0.28
ternyata bukan aku saja yang diperlakukan seperti itu cewek lain juga sama specialnya dimata dia,neutral,0.25
merasa sendirian akhir akhir ini banget di kampus sendiri,sad,0.56
lelah sih tapi puas hasilnya bagus jujur saja di kantor sama teman kantor,happy,0.3
alhamdulillah jimin sudah sembuh dari covid senang banget pas dapat kabar kalau jimin sudah sembuh,happy,0.15
rasanya gugup terus hari ini banget asli tadi pagi sendiri,anxious,0.87
suka itu masalah rasa dan kalau sudah tresno akan terus di puja sama seperti para pendukung pak anies dan pak ganjar yang tidak pernah goyah sedikitpun walao kabar negativ menerpa,neutral,0.35
rasanya gugup terus hari ini serius sama dia,anxious,0.94
pokoknya traveler hidup bahagia bersama paimon,happy,0.16
rasanya ingin marah terus banget asli di kampus sama dia,angry,0.69
aku cuma ingin istirahat sebentar serius di kantor sama teman kantor,sad,0.72
begini kan enak,neutral,0.4
pagi pagi sudah emosi baca au kesal tidak boleh ada yang bikin bian kecewa atau sedih ih,angry,0.89
pagi cerah ini diawali dengan snwu manis manis,happy,0.13
takut kalau hasilnya jelek serius di kampus,anxious,0.8
kecewa banget sama hasilnya banget di kantor sama keluarga,sad,0.79
dapat kabar baik dari keluarga tadi pagi sih di kampus sama keluarga,happy,0.26
ya siapa yang tidak sedih anjerr mau mengomongnya juga bagaimana nanti perasaan orang yang tersinggung,sad,0.51
rasanya gugup terus hari ini banget bareng teman,anxious,0.71
rasanya sedih banget akhir akhir ini dari tadi kepikiran di kampus sama keluarga,sad,0.6
kecewa banget sama hasilnya tapi ya sudahlah sendiri,sad,0.6
masih susah pindah on dari kejadian itu dan kepikiran terus di kantor,sad,0.59
aslii itu orangnya saja hampir mau mukul tetapi sepertinya pikir pikir karena itu anak orang takut jadi dia yang salah,neutral,0.29
barusan menonton ini sedih melihat il rak jadinya dia benaran anaknya sih apa sok itu atau salah sangka doang,sad,0.79
alhamdulillah nya sudah divaksin sih itu juga setelah drama ibu mertua gue tinggal sendirian beberapa bulan lalu bapak mertua baru wafat jadi ya khawatir lalu ya begitu agak meremehkan covid makin khawatir lagi,anxious,0.75
puas hari ini boleh lepas dendam selalu mau kerja hari sabtu jaa duk syok tengok orang seberang rancak punya duk jogging apa settle round arini alhamdulillah,happy,0.05
aku bisa biasa ngelaprak juga kak sinii,neutral,0.35
rasanya sedih banget akhir akhir ini jujur saja tadi pagi,sad,0.65
rasanya gugup terus hari ini sih tadi pagi sama keluarga,anxious,0.84
orang itu bikin emosi banget agak random sih bareng teman,angry,0.81
kesal dan sedih alias kecewa bro yang tadinya semangat wts jadi agak loyo,sad,0.67
tolong terimalah cintaku ku tak bisa hidup tanpamu lebih baik ku mati saja bila harus hidup tanpamu,neutral,0.32
aku cuma ingin istirahat sebentar dan kepikiran terus bareng teman,sad,0.76
bahkan ada dari twit yang maksudnya supportive parahnya itu tidak dibarengi dengan bertanya baik baik atau diskusi tapi langsung marah benar benar jadi ruang marah marah saja,angry,0.98
taktau tapi kecewa dengan diri sendiri,sad,0.52
guru saya campur campur aksennya anjir suka harus teliti banget liattin gerak bibirnya t t,angry,0.91
baru saja mengirim foto jayapura indonesia,neutral,0.21
makan favorit hari ini bikin bahagia banget asli di kampus,happy,0.28
enak kebab bbq,happy,0.12
lelah menghadapi orang yang egois sih sama teman kantor,angry,0.83
deg degan menunggu hasil pengumuman sumpah di kampus sama dia,anxious,0.78
gue takut ke lock,anxious,0.87
gaiss boleh menyarankan aku micellar water untuk skintype normal tapi dry yang sensitif sama kandungan fragrance tidak terima kasih,neutral,0.32
anxious banget sebelum meeting tadi lucu,anxious,0.72
khawatir sama kondisi sekarang hari ini di kampus sama teman kantor,anxious,0.75
akhir minggu ini seru banget hari ini bareng teman sama keluarga,happy,0.07
lelah menghadapi orang yang egois padahal sudah coba santai pas perjalanan sama teman kantor,angry,0.73
takut namun berusaha percaya diri,anxious,0.8
anjrit kaget ada renjun,anxious,0.78
jangan jadikan beban percaya sama kemampuan sendiri sendiri semangat pasti bisa,happy,0.04
takut takut,anxious,0.88
aakk sama banget kayak teman sama aku dia teriak di sekolah meminta cutter buat bunuh diri astagah legend banget sih dan masalahnya ya dia putus sama cowoknya terus cowoknya suka sama cewek lain takut banget,anxious,0.8
kepikiran banyak hal sampai susah tidur dari tadi kepikiran waktu malam,anxious,0.94
hal yang sedih pagi ini adalah saat aku merasa kasihan sama diri sindir saat sadar diri banyak hal yang harus diperbaiki saat sadar kalau aku tidak boleh terus an kayak begini saat aku harus lebih berani untuk terima perubahan saat aku harus menguatkan diri untuk sekadar mencoba,sad,0.62
kiri kanan ku lihat saja banyak sahabat twit tersayang follow di akun gurem saya terima kasih banyak sahabat twit tersayang semua yang telah ikhlas follow di akun gurem saya dengan minimal follow back saya,neutral,0.36
awalnya nemunya random dan cuma sekadar suka sama gaya dan tone warna yang dipakai sekarang tiap lihat hasil karyanya berasa nano nano sedih iya tapi berasa hangat kayak dipeluk dipukpuk,sad,0.74
iya juwi emosi nih saya pagi,angry,0.99
komentarnya bangsat semua,angry,0.99
ra terima kasih banyak aku senang dengarnya wah sama sama suka jennie keren banget soalnya dia,happy,0.03
takut,anxious,0.74
lelah menghadapi orang yang egois padahal sudah coba santai,angry,0.82
amin semangat jelly,happy,0.16
terima kasih ya sudah bikin hariku lebih baik banget asli bareng teman,happy,0.27
geram banget sama pelayanan tadi dari tadi kepikiran di rumah sendiri,angry,0.93
enak tidak enak kangen kerja tapi masih disuruh istirahat sama ayah,sad,0.74
semangat bebebkuu,happy,0.17
keadilan akan menang katamu tentu saja siapa yang memenangi perang ini akan menjadi keadilan,neutral,0.28
sebagai manusia kamu harus punya dari aspek ini kecerdasan sikap fisik biar ada tapi nya dia kan bego jelek tapi sopan banget dia suka menolong gue atau nih anak galak tukang bohong jelek pula tapi dia pintar sih nilai saya bagus berteman sama dia minimal punya,neutral,0.38
saya ptm lagi bangkee padahal sudah enak arghh,angry,0.94
rasanya gugup terus hari ini tapi ya sudahlah pas perjalanan sama teman kantor,anxious,0.79
jangankan untuk sekadar bicara menatapmu saja aku tak kuasa,neutral,0.24
emosi lihat komentar orang tadi dari tadi kepikiran waktu malam sama keluarga,angry,0.92
aku cuma ingin istirahat sebentar jujur saja waktu malam sendiri,sad,0.78
cemas memikirkan masa depan jujur saja di kampus sendiri,anxious,0.89
merasa sendirian akhir akhir ini agak random sih waktu malam sama teman kantor,sad,0.56
masih pagi jangan marah bunda,angry,0.95
tak tau man refleks saja,neutral,0.39
happy birthday moa dan taehyun semoga panjang umur sehat selalu bahagia selalu,happy,0.17
akhirnya lolos interview kerja padahal sudah coba santai bareng teman sama keluarga,happy,0.08
kompakan niyee kaget heran geram sudah tidak asing ditelinga,anxious,0.88
rasanya ingin marah terus hari ini di kampus,angry,0.74
anjir dulu saya suka banget baca komik tidak tau pokoknya banyak dulu adalah tetapi komik yang seri nya sedikit,neutral,0.35
kesal banget sama orang yang tidak tepat waktu padahal sudah coba santai bareng teman sama dia,angry,0.87
aku suka kopi yang memang tanpa gula atau hanya sedikit gula cuma kalau terlalu kental berasa banget kan ampasnya,neutral,0.26
gubernur cumut diam saja soalnya menanggapi keledai bodoh malah akan berakibat memalukan diamkan saja entar juga habis jabatannya,neutral,0.23
selamat ulang tahun adekk sehat dan bahagia selalu ya,happy,0.05
denise sayangku saya sudah mengira bakal begini akhirnya tapi tetap saja saya sedih banget,sad,0.59
emosi lihat komentar orang tadi sih di kampus,angry,0.93
masih susah pindah on dari kejadian itu serius tadi pagi sendiri,sad,0.61
bingung dan takut ambil keputusan padahal sudah coba santai waktu malam sama dia,anxious,0.96
rasanya ingin marah terus tapi ya sudahlah di kampus sama keluarga,angry,0.75
akhirnya tugas selesai juga lega banget sih bareng teman sama teman kantor,happy,0.13
rasanya gugup terus hari ini serius waktu malam sama keluarga,anxious,0.94
takut gagal di presentasi besok padahal sudah coba santai sama dia,anxious,0.73
bingung dan takut ambil keputusan agak random sih di kantor sama teman kantor,anxious,0.71
ya allah lihat ini menangis sedih tapi mau tertawa di saat bersamaan huhuhuhuhu,sad,0.73
mau dulukan perasaan sendiri tapi takut kecewa,anxious,0.81
hari ini berat banget dijalani padahal sudah coba santai tadi pagi sendiri,sad,0.82
enak saja pingsan aku kan anak sehat tubuh kuat,neutral,0.21
makan favorit hari ini bikin bahagia banget asli di kampus sendiri,happy,0.16
tahulah nak luah kat siapa terasa bodoh gila,angry,0.86
mau apapun yang aku post di media sosial ya berarti aku merasa hidup aku sudah cukup bukan buat alasan saria nginjem duit kakak aku dan tidak bayar hutang makin sini kayak makin tolol saja memang orang,angry,0.93
tiap sabtu kebangunin anjir gara gara di belakang rumah ada ibu ibu suka senam dan pakai speakernya itu gede banget anjing suaranya kayak benar benar gede banget gila sudah pernah ditegur sebenarnya tetapi diulang lagi begitu kayak minggu depannya pasti gede lagi sih suaranya bangsat ingin tidur aku,angry,0.88
bisa tidak sih langsung tanggal saja tidak usah ada tanggal gue takut banget mana hari lagi,anxious,0.8
benci banget saya sama ini orang,angry,0.88
aku rasa kita akan sering bertemu secara langsung tunggu saja aku sudah menonton video sorotannya tunggu sampai jam sore ini adalah harinya ini hari jumat dengan konten sekaligus,neutral,0.35
memang orang suka begitu sudah menitip tak tau diri setidaknya kayak hai kak atau pagi kak aku boleh menitip menpes tidak begitu saja pasti bisa kan terus juga jangan lupa bilang terima kasih itu tata krama yang pasti di ajarkan kok dari kecill bikin jengkel saja pagi pagi,angry,0.89
biasa kan dari dubai jadi istimewa,neutral,0.28
marah btol bang,angry,0.99
emosi lihat komentar orang tadi serius di kampus sama teman kantor,angry,0.75
perahu sudah sedia payung pun sudah tersedia hanya menunggu hujan di langit saja apa macam mak aji sayang oi,neutral,0.38
wih keren mau kelihatannya enak semangkanya disendokin begitu berasa kayak di drama cina,happy,0.03
manchester united yang kalah kok aku yang emosi ya,angry,0.97
ih sepi amat,sad,0.74
profesor begini saya resign dari kampus lebih baik bikin malu almameter kesal,angry,0.99
takut gagal di presentasi besok agak random sih pas perjalanan,anxious,0.83
exol juaranya malu memalukan fandom sendiri,neutral,0.27
poin okelah poin selanjutnya itu lo saya cowok saja marah bacanya,angry,0.86
khawatir sama kondisi sekarang hari ini di kampus sama keluarga,anxious,0.95
hari ini berat banget dijalani sumpah sama teman kantor,sad,0.57
takut,anxious,0.83
anxious banget sebelum meeting tadi padahal sudah coba santai di kampus sama teman kantor,anxious,0.82
springhill f tier breakfast yang enak cuma sosisnya,neutral,0.25
sampai kapan kamu mau pura pura bahagia,happy,0.11
lelah menghadapi orang yang egois banget asli di kantor,angry,0.67
mau berobat tapi takut banget,anxious,0.82
a lucu tentu saja aku sangat rajin dalam berkebun karena sudah biasa,neutral,0.37
sudah sabar tapi masih dibohongi hari ini bareng teman sama dia,angry,0.87
kalau ada teman abang yang murung pagi ini di pastikan dia fan mu wkwk lucu lucu wkwk,happy,0.13
iya banget tapi no wonder sih mama pas masih muda cantik banget pas baru kerja pun katanya banyak atasannya yang suka kalau lihat album mama pas masih muda weh mau menangis cakap banget mama sama teman temannya juga cakap cakap,happy,0.04
makan favorit hari ini bikin bahagia tapi ya sudahlah di rumah sama keluarga,happy,0.23
apa kabar jangan lupa sarapan,neutral,0.35
aku belum makan siang makji tidak selera tidak belum menyangkut mau menangis tidak menang rasanya malu,anxious,0.77
sarapan dulu dong biar tambah semangat,happy,0.08
dapat kabar baik dari keluarga tadi pagi dan kepikiran terus tadi pagi,happy,0.25
anjir bsbsnya mimpi iparku ternyata jelmaan siluman babi iya tetapi kalau dipikir ada korelasinya sih sama sikap sifat dan tingkah lakunya yang tidak layak disebut manusia lucu cok baru kali ini aku bisa benci banget sama manusia,angry,0.86
rasanya kosong saja hari ini sih tadi pagi sendiri,sad,0.7
kanye nih kenapa suka banget menyenggol yang lagi naik deh toxic anjing,angry,0.97
kesal banget sama orang yang tidak tepat waktu serius di rumah sendiri,angry,0.94
orang itu bikin emosi banget jujur saja di kampus sendiri,angry,0.94
rasanya sedih banget akhir akhir ini dan kepikiran terus di rumah sama keluarga,sad,0.7
di sini baru mulai tatap muka eh sudah ada kabar kasusnya naik lagi,neutral,0.39
gue kalau sudah pada membicarakan skripsyid takut banget sudah sumpah,anxious,0.82
akhir akhir ini cemas terus sumpah waktu malam sama teman kantor,anxious,0.93
bukan pick me tapi dijamin emosi,angry,0.89
kecewa banget sama hasilnya agak random sih di kantor sendiri,sad,0.73
aku di sini cengeng suka misuh tiap hari mengeluh belum lagi kalau berbicara kasar jadi tau aku aslinya kayak mana takut saja kalau ada teman rl nanti yang ada makin tidak nyaman sama aku jadi kalaupun ada teman rl yang aku ajak ke sini i know i trust them,anxious,0.71
kenapa sih harus bikin masalah terus sumpah bareng teman sama dia,angry,0.92
but today presentasi geo malu banget tapi legaa lucu wkwk,happy,0.15
tanpa baju kita malu tanpa media sosial kita bosan tanpa orang tua kita tak akan ada di dunia ini tanpa allah we re nothing,neutral,0.29
terlalu dini menjadi tulang punggung keluarga ya sama semangat kamu lantas berbahagia apapun kondisinya,happy,0.09
lucu gue infp benar banget sudah gelisah gelisah panik tapi tetap kayak aduh sebentar lah main farmville dulu aduh mengantuk ya sudahlah tidur dulu,anxious,0.89
karena kamu tidak terburu buru saya baru avail sekitar bulan maret bulan ini saya hanya menerima hourly rent saja silakan hubungi ibunda saya jika ada yang ingin kamu tanyakan i wish kamu a good day sender,neutral,0.34
anjir sedih sudah deh ini adalah sn sudah berasa tidak lengkap lagi,sad,0.63
deg degan menunggu hasil pengumuman banget asli di kampus sama teman kantor,anxious,0.97
siapa pun yang jadi presidennya tidak akan bisa mensejahterakan semua rakyat indonesia dalam waktu singkat sebutkan saja presiden terdahulu yang bisa kalau ada,neutral,0.21
ini tidak pamer tolong saya benaran sedih lmao,sad,0.76
asli asli tolol banget saya ya ampun,angry,0.95
kehilangan semangat buat kenapa apa banget waktu malam sama keluarga,sad,0.75
takut ku demam sama batuk,anxious,0.73
bukan ranah bin kecuali mau ditertawakan silakan saja,neutral,0.36
aneh tidak sih padahal dia lebih sering keluar berdua diam diam tidak mengajak aku tapi aku tidak ada marah sama sekali krnapa giliran aku meminta tolong buat ditemani beli sesuatu dianya marah anjim aowkaowkaow padahal kan skornya juga kalau dipikir pikir,angry,0.98
halo halo apa kabar,neutral,0.38
yang buat cewek nyaman itu perhatian pengertian tidak egois tidak hilang an tidak over menjaga ceweknya selalu ada kabar,neutral,0.26
mau balik kampus menemui kajur badan malah lemas tidak enak badan jadi takut mau ke kampus lagi semoga saja tidak kenapa aku,anxious,0.87
halo kesayangan kakak kak vin hadir mau cerita sini sama kakak kakak sudah pernah merasakan dan sering dicurhatin soal pergamonan bisa kasih kamu wake up call biar kamu bisa menentukan langkah kami selanjutnya tapi jangan takut kak vin tidak akan paksa kamu pakai yang seram,neutral,0.27
saya yang memutuskan memang tetapi yang pamit rest memang siapa tau nya saya dapat kabar begitu disuruh keep itu private dikira saya tak tau apa kalau dia juga menyindir saya mulu diam diam anjing apanya yang diam kalau ada main qrt begitu jadi ajang buat jelek ini saya,angry,0.9
terkadang aku bisa marah bingung sedih dan ceria tak kenal hari dan waktu aku sadar itu dan aku menyesuaikan mungkin yang paling sering terlihat ketika aku berada di kerumunan banyak orang adalah warna warni ceria tapi sebenarnya aku memupuk warna hitam putih dan abu,sad,0.52
pagii cesi apa kabar,neutral,0.22
semangat kak biann,happy,0.12
rasanya ingin marah terus serius sama teman kantor,angry,0.74
kalau sudah interact sama kamerad joo tidak jadi kesal mana kamerad joo nya gemas banget kayak malu malu kucing tolong saya jadi salah fokus sama mereka their little momen ini every episode are sok precious,happy,0.04
hem romannya tidak enak ini,happy,0.11
malu ah,anxious,0.89
takut gagal di presentasi besok serius di kampus sama keluarga,anxious,0.76
masih sepi sepi saja nih jejangan yang menanggapi memang bot dan bajer doang iya xixixi,neutral,0.35
anxious banget sebelum meeting tadi banget tadi pagi sama dia,anxious,0.95
setuju banget aku juga orangnya ngantukan suka tiba tiba merem lagi beraktivitas minum kopi saja sudah tidak mempan tau setengah jam habis minum kopi malah mengantuk bukan melek lucu lucu gue,happy,0.17
coraline dulu pas kecil takut banget jir mana nyebutnya dulu kartun mata kancing,anxious,0.79
akhir minggu ini seru banget banget asli tadi pagi sama teman kantor,happy,0.11
akhirnya tugas selesai juga lega banget lucu di kampus sama dia,happy,0.08
pagi semangat tipes nya,neutral,0.34
assalamualaikum semangat,happy,0.2
ingin berduaan tengah malam di tempat sepi sama suami sampai kita digerebek polisi satuan polisi pp terus tunjukan saja buku nikah kita ke depan komuknya,neutral,0.22
deg degan menunggu hasil pengumuman lucu bareng teman sendiri,anxious,0.89
semangat buat hari ini ya kamu deserve tapi be happy anw jangan lupa sarapan anna,happy,0.07
rasanya kosong saja hari ini dan kepikiran terus bareng teman sama keluarga,sad,0.56
takut gagal di presentasi besok tapi ya sudahlah waktu malam sama teman kantor,anxious,0.73
sedih banget online lagi,sad,0.79
marah benaran ya allah,angry,0.91
pagii semangat kegiatan hari ini jangan lupa sarapan have a nice day,happy,0.14
merasa sendirian akhir akhir ini tapi ya sudahlah di kampus sama dia,sad,0.72
kabar baik juga sudah srpan belum nih,neutral,0.31
amit amit banget gila kayak bangga banget itu orang suka ngentot sana sini kayak besar rewards buat dia sinting banget goblok,angry,0.91
sepi banget pickawku,neutral,0.22
anxious banget sebelum meeting tadi banget asli di kampus sendiri,anxious,0.93
kepikiran banyak hal sampai susah tidur dari tadi kepikiran di kantor sendiri,anxious,0.92
kali ngekos kamu luar yang dulu tidak enak karena kotor dan suka berebut yang sekarang bersih dan adem ayem saja aduh pokoknya enak deh yang sekarang jadi tergantung kebersihan dan sifat dari anak kosannya ya kalau enak tidak enaknya lucu,happy,0.15
suka banget melihat luka ngehajar clippers lucu,happy,0.12
takut sepi tapi yang lain tak berarti,anxious,0.83
bingung dan takut ambil keputusan sih tadi pagi,anxious,0.76
iya sih kalau pakai jubah tetapi menonton sendirian agak malu kalau sama teman masih agak tertolong,anxious,0.81
senyum sendiri pas ingat kejadian tadi dan kepikiran terus bareng teman sendiri,happy,0.07
dengan majikan lewat minit pun kita takut tapi dengan allah kita langsung tak takut kadang kadang salat dekat nak habis waktu uai,neutral,0.35
seru tau prenjon zer kadang sedih kadang bawa perasaan seru kan,happy,0.0
jangankan jatuh setetes air matamu selembar daun jatuh pun allah tahu jangan kamu ragu akan kebesaran tuhan mu yang telah mencukupi semua kebutuhan mu,neutral,0.32
lelah sama keadaan sekarang banget bareng teman sama dia,sad,0.71
pagi pagi dapat kabar ini senang banget memang habis sediha selalu ada yang bikin bahagia,happy,0.1
cinta tak suka berlama lama dalam kesedihan just pindah on,happy,0.1
iya ya dulu ifnt banyak muncul di variety shows lvlz lumayan meskipun lama mulai berkurang juga tidak mengerti deh di balik layar kayak apa soalnya dunia showbiz kadang bisa takut banget kompetisinya,anxious,0.8
kesal banget hari ini dan kepikiran terus pas perjalanan sendiri,angry,0.83
cemas memikirkan masa depan lucu tadi pagi sendiri,anxious,0.79
mu adalah aku yang sedang tak tau arah sedih,sad,0.61
restu apa kabar sarah,neutral,0.39
sumpah handphone saya jadi enak banget tampilanya bersih banget dan smooth for scroll jadi nyaman banget coy,happy,0.09
akhirnya lolos interview kerja padahal sudah coba santai tadi pagi sama keluarga,happy,0.19
sedih euy sedekade yang lalu fan manchester united berani menyindir semua rival rivalnya fan manchester united sekarang cuma berani menyindir arsenal doang karena tau diri,sad,0.7
takut gagal di presentasi besok serius tadi pagi sama dia,anxious,0.94
terima kasih masukannya malu dan senang bercampur aduk,happy,0.15
pagi menang menang metawin semoga makin banyak solo projek solo endorsement series baru dan projek projek lain yang bikin menang bahagia,happy,0.08
kaget banget tiba tiba mas crush mengucapkan aaosjskajskansnsj sygnya dia pacar orang bagaimana dong saya enggak boleh bawa perasaan,anxious,0.88
hal itu berjalan selama setahun lancar tanpa halangan tetapi suatu ketika dana mengetahui semua apa yang dilakukan anak bungsunya selama setahun itu dirinya benar benar marah tidak terima dengan perlakuan fauzan,neutral,0.34
uri markeu selamat buat solo stationnya yeayy proud of kamu makasii sudah nyiptain karya yang luar biasa terima kasih juga sudah menyiapkan banyak hal di tahun kemarin dan tahun ini sehata terus ya mark aku tunggu projek selanjutnya speechless banget dan semoga karyanya bisa jadi motivasi ya mark,happy,0.07
sudah sabar tapi masih dibohongi hari ini pas perjalanan sama dia,angry,0.71
sudah sabar tapi masih dibohongi hari ini pas perjalanan sama dia,angry,0.75
kehilangan semangat buat kenapa apa lucu di rumah sama teman kantor,sad,0.7
takut kalau hasilnya jelek hari ini tadi pagi sendiri,anxious,0.72
bangsat benar karena pelakunya adalah guru yang seharusnya mengayomi,angry,0.94
baiik fiel sendiri apa kabar,neutral,0.39
lelah sama keadaan sekarang banget sendiri,sad,0.61
kaget melihat notifikasi disebut kqkwkw,happy,0.18
me tetapi kazuha ganti yae alias takut tetapi tetap percaya diri,anxious,0.76
kesal banget sama orang yang tidak tepat waktu padahal sudah coba santai di rumah sama dia,angry,0.84
aku cuma ingin istirahat sebentar sumpah di kampus sama teman kantor,sad,0.78
aku cuma ingin istirahat sebentar banget di kantor sama dia,sad,0.64
benar apalin nomor kendaraannya biasa parkir dimana yang tidak ada cctv potong karet rem nya biar blong mengharap doang usaha dong,neutral,0.23
takut banget moms,anxious,0.7
rata memilih universitas negeri padjadjaran keperawatan cih lucu terlalu nekat habis kalau memilih jurusan yang sepi peminat takut salah jurusan tidak apa apa lah coba saja masih ada pmdp poltekkes semoga saya lolos pmdp poltekkes kep bogor keb bogor amin,neutral,0.32
aku deg degkan guys takut bahasa inggris ku berlepotan,anxious,0.81
berisik banget tidak suka,angry,0.92
khawatir sama kondisi sekarang padahal sudah coba santai tadi pagi sama teman kantor,anxious,0.89
rasanya sedih banget akhir akhir ini padahal sudah coba santai di rumah,sad,0.58
sok biasa battery memang kena charge sudah kalau tak turun itu sepantas kilat hairan pula aku tapi kalau time battery nak turun itu lambat pula iya,neutral,0.3
makin jeblok suara partai demokrasi indonesia perjuangan di jawa barat buat orang sunda semakin benci,angry,0.89
ini enak parss,happy,0.03
happy saturdayy semangat buat hari ini have a nice dayy,happy,0.12
aku dulu ada teman sekolah gayanya selangit sok kayak banget mana julid lagi suka bertengkar dan merasa punya kekuasaan eh ternyata meminta keringanan biaya karena dia miskin terus teman kuliah dia orang kayak punya warung internet meminta keringanan dari kampus buat bayar sampai semester,angry,0.87
niatnya mau bersihkan tetapi malah lepas bagian yang ada di keycapsnya untuk lubang di keyboardnya normal coba ganti pakai huruf yang lain tetap connect sih masalahnya cuma yang di huruf di itu saja kira ini bisa di solve tidak ya terima kasih min,neutral,0.35
ingin tinggal di perpus enak saja melihat banyak buku,happy,0.05
dapat kabar baik dari keluarga tadi pagi hari ini di kantor sama dia,happy,0.28
kenapa sih kamu itu wangi orang kayak begitu kak kan gue takut,anxious,0.82
lah iya ya pernah agx tolol aku,angry,0.92
tak akan ada kesempatan kedua jika tahun ini kalian masih bego semua data hasil kayak saya kamu kamu buat cerdaskan kalian,angry,0.87
aku juga kecewa tidak bisa mengucapkan yang pertama,sad,0.52
takut dia keseleo saja di korea kan tidak ada tukang urut,anxious,0.79
masa pemulihan biasanya akan sangat membosankan tapi bisa juga menjadi titik untuk berppikir jernih,neutral,0.34
tidak jadi deh aku mau kak mark saja biar kamu emosi,angry,0.94
marah banget karena pekerjaan berantakan banget waktu malam,angry,0.71
emosi lihat komentar orang tadi padahal sudah coba santai di kampus,angry,0.76
malu buat bilang lucu agak takut juga,anxious,0.85
yang berbicara mana cita rasa budaya indonesianya sedih saya lihat orang nge gas tetapi kalau suruh mengaca dianya tidak suka,angry,0.93
percaya banget soalnya mamaku cakap banget terus sampai sekarang saja suka ada bapak genit huek yang godain mamakku,neutral,0.23
lima menit pun setidak deras apapun hujan tatap saja basah yang kemudian bisa hadirkan sakit apabila kondisi badan tidak fit tak jauh mari a tapak kaki injakan permukaan tanah yang mulai basah akibat rintik pun tenn masukan tangan ke dalam saku jaketnya,neutral,0.22
ada saja kelakuan bocah cilik,neutral,0.3
terima kasih ya sudah bikin hariku lebih baik serius sama dia,happy,0.16
kalau mau gestun limit kamu di spaylater gopay coin gopaylater akulaku kira divo indodana dan lain lain langsung saja ke cair cepat tidak sampai ber jam jam,neutral,0.26
oi bodok kalau semua komplain beropini berargumen berpendapat dan kawan kawan mngenai kbijakan pemerintah buat apa pilihan legislatif dlakukn goblok di pelihara kamu lakukan itu malah buat anggota legislatif terhormat itu makan gaji buta tolol pendapatan aggota dewan itu kali gaji upah minimum regional tiap bulan,angry,1.0
rasanya ingin marah terus lucu di rumah sama dia,angry,0.69
aku menemukan kentang goreng yang sangat enak aku akan memberitahu kalian nanti tunggu saja tidak sekarang karena apa saja bisa dijadikan konten aku akan melakukan apapun dengan diriku sendiri jadi ini memakan waktu yang lama,neutral,0.24
aku kurang tau kalau pesan yang kedua karena jujur ngebingungin tapi kalau yang kucing kayaknya maksudnya jangan biarkan masa lalu kamu menahan kamu untuk kemana mana bisa dilihat kan sih kucingnya tidak mau meninggalkan rumahnya dia kekeuh mau benarkan rumahnya segala macam,neutral,0.4
dapat kabar baik dari keluarga tadi pagi dari tadi kepikiran pas perjalanan sama dia,happy,0.17
but again aku tidak registrasi benaran cuma stop di situ saja soalnya takut kualat kan sudah dibilangi yang gap registrasinya tanggal lucu sudah begitu saja,anxious,0.87
takut gagal di presentasi besok tapi ya sudahlah di rumah sendiri,anxious,0.77
khawatir sama kondisi sekarang dan kepikiran terus di rumah sendiri,anxious,0.91
tali iman yang paling kuat adalah cinta karena allah dan benci karena allah hari at tirmidzi,neutral,0.25
have a nice day teh semangat banget nih dilihat lihat,happy,0.11
kok sedih banget,sad,0.72
rumahnya luas tetapi sempit tinggi tengahnya ruang televisi kamarnya muterin ruangan di situ aku keluar bentar di teras soalnya sepi kan itu mobil masih pada lewat terus aku bilang sama temanku kok masih pada bawa mobil sih berarti belum separah itu kan,neutral,0.38
aku benci ketika menangis saat bersama temanku,sad,0.53
ih tidak sopan banget ini kurir kurir anteraja sama jnt pada tidak benar apa bagaimana sih suka banget tidur paket orang buat hal yang tidak berguna begitu,angry,0.92
enak dong,happy,0.01
terima kasih ya sudah bikin hariku lebih baik lucu tadi pagi sama keluarga,happy,0.07
rasanya sedih banget akhir akhir ini padahal sudah coba santai,sad,0.57
hshshhs aku terharu kakak terima kasih kakak cinn sayang banget deh sama kakak cinta pokoknya sure tata tidak akan berubahh be happy juga kakak cinn ku tersayangg jaga kesehatan selalu ya jangan terlalu sedih get well soon ya kakak cinta masih sakit tenggorokan,happy,0.04
buset sedih tetapi lucu,sad,0.62
yang aku suka dari idexpress ada nama kurirnya mana cepat banget anjir,happy,0.2
tidak boleh boncengan cowok cewek kalau bukan bersaudara aneh banget sih menurutku soalnya kan banyak nih cowok cowok yang suka dengan baik hati menawari boncengan soalnya ya memang baik saja begitu as a friend masa tidak bisa sih by the way ini sekolah negeri ya,anxious,0.88
malam ini kepikiran terus jadi sedih agak random sih waktu malam sama keluarga,sad,0.65
ah kakiku nyaman aku mau berdandan tetapi tetap paling suka pakai sepatu kets miiko,neutral,0.22
orang itu bikin emosi banget banget di kantor sama dia,angry,0.84
dulu menemani mbah menonton ini sepulang sekolah atau kalau lagi libur waktu siang mbahku juga kalau menonton ini serius banget nyimaknya lucu aku suka bercandain dengan ganta ganti channel apalagi kalau pas scene naga terbang tertawa banget melihatnya,happy,0.18
hari ini produktif dan suasana hati bagus lucu sama keluarga,happy,0.26
kesal banget hari ini lucu di rumah sama teman kantor,angry,0.87
cemas memikirkan masa depan serius di kantor sama keluarga,anxious,0.91
media official televisi nasional kok ikutan ng goreng eh maklum kan sudah sepi jadi ikutan menggosipkan,neutral,0.39
rasanya sedih banget akhir akhir ini hari ini pas perjalanan sama keluarga,sad,0.85
semut saja semangat masa kamu tidak semangat,happy,0.15
masih susah pindah on dari kejadian itu banget bareng teman sendiri,sad,0.62
bismillah masih semangat masih optimis yakin bentar lagi bigwin,happy,0.04
kecewa banget sama hasilnya sih tadi pagi sama keluarga,sad,0.57
senang banget hari ini ketemu teman lama di kampus sama keluarga,happy,0.28
makan favorit hari ini bikin bahagia dan kepikiran terus sendiri,happy,0.25
geram banget sama pelayanan tadi sih waktu malam sama teman kantor,angry,0.77
aku cuma ingin istirahat sebentar padahal sudah coba santai di kantor,sad,0.8
serah anda mau bagaimana saya cuma ingin kehidupan normal,neutral,0.36
khawatir sama kondisi sekarang serius di rumah,anxious,0.91
lelah menghadapi orang yang egois agak random sih pas perjalanan,angry,0.91
mungkin merasa tidak enak pak karena gopal sudah tinggi jabatannya di aafikabbogor dan mungkin juga dikira cuma bercanda mau menegur tidak berani mau marah juga tidak berani mungkin begitu ya,angry,0.92
sedih ya nggaloi weton,sad,0.59
heemm gue tidak mau emosi ya,neutral,0.32
iya cakap emosi nya dapat banget pagi pagi,angry,0.86
kenapa sih harus bikin masalah terus hari ini pas perjalanan sama keluarga,angry,0.66
denisee huhu pagi pagi sedih lihat polaroidnya jadi kangen jaman who diskualifikasi sama got that boom,sad,0.57
baca di maaf ini deh nder sudah banyak yang kasih review soalnya tetapi kalau kamu suka drama ringan fresh cocok sih,happy,0.01
jangan panik jangan panik,anxious,0.87
aku cuma ingin istirahat sebentar serius di kantor,sad,0.74
takut kecengklak kalau salting pagi pagi,anxious,0.74
orang yang menulis menggunakan emoticon adalah orang yang berusaha meletakkan emosi dalam tulisannya hargailah,neutral,0.22
ih kenapa queen aunty jadi sedih,sad,0.52
bila tak ada kerja sangat nih yang aku takut nih takut tktau nak pembaruan apa dsu esok,anxious,0.83
salah bank katanya tak bagi paperwork pakai letterhead firma dia eh eh kamu yang bodoh oke bank pon kata kamu tak check sebelum bagi cust sign,angry,0.94
rasanya gugup terus hari ini sih di kantor sendiri,anxious,0.86
rasanya kosong saja hari ini dan kepikiran terus di rumah,sad,0.83
ah i baru baca data sudah terbiasa tengok kes tinggi je jadi takut,anxious,0.73
benda paling sakti saat ini bukan nuklir tapi doit ia bisa di itu di apa saja hampir semuanya bisa dibeli,neutral,0.25
saya dulu pernah bahas ngerinya jalinsum mau jalan biasa atopun tol bagi penjahat tidak ada bedanya petugas harus lebih bernyali dibanding penjahat di sana,neutral,0.26
dapat kabar baik dari keluarga tadi pagi banget asli di kantor,happy,0.1
sudah sabar tapi masih dibohongi sih di kantor,angry,0.89
sakit tenggorokan bersin mual sampai muntah badan kayak tidak enak tapi tidak demam pas iseng baca gejala omicron langsung ovt doakan aku sehat ya semoga ini cuma masuk angin sama radang biasa sedih rasanya kena penyakit ini,neutral,0.27
aku meminta maaf karena memberitahu semua orang soal ibumu aku kangen menjadi temanmu kamu baik baik saja aku melihatmu lily,neutral,0.22
papa kalian pikir tahun tidak orgasme itu pencapaian yang luar biasa dia lupa kali nabi adam tahun kepisah sama bini nya lah ini baru tahun menahan saja sombong,neutral,0.37
saya lihat ada yang sampai bilang kamu mengharapkan apa dari fandom ini kayak anjir banget kamu kalau sekiranya kamu tidak nyaman ada di satu fandom dan kamu cuma suka sama salah satu membernya tolong deh tidak usah mengakui bagian dari fandomnya,angry,0.94
lelah sama keadaan sekarang dari tadi kepikiran bareng teman,sad,0.71
kamu yang tolol anjir,angry,0.98
biasanya yang merah muda sekarang yang ungu ternyata tidak suka wanginya tolong ini kayak bau orang yang aku tidak suka banget sialan ternyata dia pakai ini,angry,0.85
akhir akhir ini cemas terus,anxious,0.83
not sender tetapi aku juga sudah selesai baca ini genre romance mental health bagus banget kalau suka cerita yang tidak cuma ada romance nya tetapi juga bahas banyak hal tentang mental health yang banyak bahasan psikologi nya juga dibawa jalan juga karena authornya ngedeskripsiin tempatnya bagus,happy,0.1
pagi pagi dikerjain orang lucu dikira gue bego ya gue meladeni lah lihat sampai manaa,angry,0.86
ayo nder lirik dia sebelum mootsnya makin khawatir by the way ini thread jualan dia ya nder,neutral,0.35
lah anjing enak banget,neutral,0.24
emosi lihat komentar orang tadi serius di kampus sama keluarga,angry,0.88
alhamdulillah jimin akhirnya negatif juga ya sayang senang banget dapat kabar baik di pagi hari huhu sehatsehat be,happy,0.08
demi masa depan yang cerah aku di larang menyerah,happy,0.1
jenis takut penyapu itu,neutral,0.26
akhir akhir ini cemas terus padahal sudah coba santai waktu malam,anxious,0.93
akhirnya tugas selesai juga lega banget banget sama dia,happy,0.05
yang dari kota sebelah kena penjara bulan denda nya juta gara gara kerumunan lah yang ini kok bisa ya maaf saya orang biasa yang bodoh tidak mengerti atau jangan saya ini yang dibodohi ini sama yang beginian ya,angry,0.99
kehilangan semangat buat kenapa apa dari tadi kepikiran sama teman kantor,sad,0.77
buset parah banget ya logika ibu ini ini keluarga ibu yang jadi karyawan tidak ada yang merasa keberatan ya dengan kebijakan timpang ini kamu cek deh lapangan banyak penganggur pesangon dari perusahaan suka tidak jelas ngomongi jkp tidak semua orang juga mau di jkp sampai kesal gue,angry,0.94
akhir akhir ini cemas terus agak random sih sama dia,anxious,0.82
spotify famplan famplan biasa bulan ke bulan ke bulan ke ppj ke famplan antibackfree bulan ke bulan ke all e wallet yuk boleh langsung wa orang direct message ya kak,neutral,0.38
aliah nih bukan tak tahu aku bodoh itu lagi bagi ide tukar bidang ke itu sistem haywire nanti sis pegang,neutral,0.29
dipeluk enak nih,happy,0.03
alhamdulillah baik saja pagi el semoga sehat selalu ya sungkem buat bapak ibu,neutral,0.37
kenapa sih harus bikin masalah terus sumpah di kantor sama teman kantor,angry,0.65
masih ingat banget pas menonton bareng ini sekelas aku lagi sakit menstruasi sumilangeun film nih sedih sangat lagi menahan sakit perut pun tetap nangisin film,sad,0.69
khawatir sama kondisi sekarang banget waktu malam sama keluarga,anxious,0.83
tidak dong aku beli loyang cuma biji juga kemarin lucu lucu wkwk sempat mau beli yang itu sekalian kan enak kalau mau kasih incip tetangga tetapi tidak jadi beli jadi besok tidak bisa langsung ngovennya,happy,0.11
laki kalau yang tidak biasa nyanyi itu memang selalu ngeduluin atau tidak pas nada kayak paksuku,neutral,0.35
mau aku dari kemarin mau mcflurry banget nder t t tapi mau yang biasa saja yang oreo t t aku tidak terlalu suka yang varian barunya kemanisan t t,happy,0.09
terima kasih ya sudah bikin hariku lebih baik jujur saja tadi pagi sama keluarga,happy,0.3
gue sedih banget lihat foto cowok ganteng,sad,0.78
rasanya ingin marah terus padahal sudah coba santai di kantor sendiri,angry,0.88
ada sedikit penyesalan kenapa tidak dari awal saja saya suka mereka padahal saya sudah tau mereka tahun itu mereka booming banget tetapi belum tertarik untuk suka suka exo nih itu pun ya gra teman karena dia juga baru suka exo di dia selalu menunjukkan saya tentang exo jadi saya cari tau juga,sad,0.71
kepikiran banyak hal sampai susah tidur sumpah di kantor sama dia,anxious,0.88
pertama suka idolanya tsukipro itu dari di butai tsukiuta suka banget six gravity baru deh dengarkan drama celana dalam dan menonton animenya lalu menjalar ke grup lain kayak solids growth vazzy dan infinit,happy,0.06
iya pasti lancar fight buka toko kue saja biar enak jualan tiap buka saya beli v,happy,0.07
ya sudah semangat,happy,0.2
kalau takut kelupaan atau tidak keburu bisa mintol teman buat login nder di semoga bisa cepat login lagi ya,neutral,0.4
rasanya gugup terus hari ini waktu malam sama dia,anxious,0.84
jika anda ingin bahagia menikahlah dengan pria yang berwibawa wii bawa mobil wii bawa duit,neutral,0.35
sabar je debat sama orang tolol minim edukasi memang ya begitu tidak akan ada habisnya,neutral,0.35
dapat kabar baik dari keluarga tadi pagi hari ini tadi pagi sama dia,happy,0.16
saya sedih banget kayak huhu kisah mereka mulus sekali t t mana relate banget sama lirik di samping,sad,0.72
jaga kesehatan mental anda dengan lima tips sederhana inimental yang sehat tidaklah melulu harus bahagia atau tak memiliki beban sama sekali meskipun kita memiliki beban yang cenderung berat akan,neutral,0.37
hari ini berat banget dijalani tapi ya sudahlah bareng teman sendiri,sad,0.57
takut gagal di presentasi besok serius tadi pagi,anxious,0.81
takut kali pon aji mumpung,anxious,0.77
kesal tidak sih anjing kamu itu dibanguninnya kayak di kagetin begitu marah kan bangsat memang emosi gue,angry,0.91
akhir minggu ini seru banget dari tadi kepikiran tadi pagi sendiri,happy,0.23
bingung dan takut ambil keputusan padahal sudah coba santai tadi pagi sama dia,anxious,0.72
kenapa chat sama pembina deg deg an takut begitu ya,anxious,0.83
marah banget karena pekerjaan berantakan sama dia,angry,0.95
hai semangat aku juga tiap bulan dulunya tebus obat sama konsultasi psikiater tabungan habis buat mengobati mental doang mahal banget bahkan kadang sampai tidak jajan sebulan benar benar urusan sama mental itu pejuangan banget mau kantong mau perasaan pokoknya ayo semangat,happy,0.08
kalah sudah biasa menang kaget,neutral,0.28
kalau habis pup pas pagi pagi itu enak banget tidak sih perutnya jadi rata langsing,happy,0.16
sudah tapi takut kalau dia mengecek pakai akun lain dulu aku priv aku buka lagi karena ingin rep base ah jadi tidak nyaman banget masa beginian saja sampai harus priv mulu aku ingin bebas,anxious,0.82
akhir akhir ini cemas terus banget waktu malam sama keluarga,anxious,0.88
rawedi di benci ramekso dikonco be your self ngadek jejek tampo basa basi,angry,0.96
tidak beli motor tidak beli rumah kalau cash risikonya ya dibuat ribet salesnya kayak tidak senang ngehek,angry,0.87
bikin saya emosi saja,angry,0.95
marah banget karena pekerjaan berantakan banget tadi pagi sama keluarga,angry,0.66
rasanya sedih banget akhir akhir ini tapi ya sudahlah sama teman kantor,sad,0.58
semangat mbull,happy,0.01
kepikiran banyak hal sampai susah tidur sumpah tadi pagi,anxious,0.73
join bn lah dapat makan mewah tak cheapskate baru semangat buat kerja tengok semua muka ada senyum yang muda cheapskate sangat muka memaseng tegang tengok bn memaseng pay attention bila ada yang melawak kalau tegak meja muda memaseng tunduk je pandang lauk sendiri,neutral,0.38
malam ini kepikiran terus jadi sedih banget asli bareng teman,sad,0.84
atau orang saja ya di but kalau flop mora hapus soalnya malu,anxious,0.73
maksudku perjalananmu ke sini tapi junsoo ya sudah bertahan sampai sejauh ini sangat menakjubkan erangan itu meski samar terdengar pada indera pendengaran roman cemas tetap terpampang secara jelas mereka kan sudah lama dipisah oleh jarak chaewon,neutral,0.39
lelah menghadapi orang yang egois padahal sudah coba santai di rumah sama teman kantor,angry,0.8
hari ini berat banget dijalani sih di kantor sama teman kantor,sad,0.82
terima kasih ya sudah bikin hariku lebih baik dan kepikiran terus di kampus sama teman kantor,happy,0.22
lelah sih tapi puas hasilnya bagus hari ini di rumah sama dia,happy,0.28
takut ya,anxious,0.73
anxious banget sebelum meeting tadi banget asli pas perjalanan sama keluarga,anxious,0.82
jangan kesal kalau dia masih bisa bawel kamu mengingatkan kamu justru kamu harusnya sedih kalau dia sudah tidak pernah bawel dan tidak pernah mengingatkan kamu lagi,neutral,0.3
semangat ych hari ini,happy,0.14
yang suka merusak tatanan jangan di kasih ruang wahabi lokal,angry,0.9
geram banget sama pelayanan tadi sih di rumah sendiri,angry,0.87
ya allah mau menyerah tapi harus semangat,sad,0.59
rasanya kosong saja hari ini dan kepikiran terus bareng teman,sad,0.63
terima kasih sudah speak up bang gue takut akun kamu tiba kena petrus,anxious,0.83
deg degan menunggu hasil pengumuman bareng teman sama dia,anxious,0.83
terakhir semoga sukses buat series terbaru ini yang mau menonton silakan menonton yang tidak mau juga tidak usah dipaksain walaupun mereka idola kita fangirling bukan agama kok pakai segala ada wajib halal haramnya santai saja yang penting happy,neutral,0.26
hebat mantap luar biasa,happy,0.1
sakit tenggorokan awalnya terus jadi demam naik turun kepala suka pusing banget terus flu dan batuk deh kalau nemj gejala begitu mending swab pacar saja kalau memang nanti suruh lapor ke puskesmas rtmu kalau memang gejala ringan disuruh isoman saja rajin rajin berjemur makan sehat vitamin diperbanyak,neutral,0.39
anxious banget sebelum meeting tadi hari ini waktu malam sendiri,anxious,0.71
emosi lihat komentar orang tadi sih di kampus sama teman kantor,angry,0.74
eh ist ini sudah hari memang tidak ada kabar apapun atau kamu yang tidak mau berkabar,neutral,0.35
harusnya tadi beli itu lupa nama perbanyak soalnha enak,sad,0.78
rasanya sedih banget akhir akhir ini banget asli tadi pagi,sad,0.72
februari kenapa sih pagi pagi sudah ada kabar sedih saja,sad,0.72
baru mau sedih kenapa close akhirnya bikin emosi semoga hari kamu senin terus,angry,0.93
olaa ini acaa ayo menonton sama acaa kebetulan acaa available hari ini dan seterusnya acaa juga suka banget menonton nanti acaa kasih menonton list acaa kalau sender berminat bisa langsung direct message dan ini card acaa ya,neutral,0.29
cemas memikirkan masa depan sih,anxious,0.77
jangan di cepuin takut di cakar sama mix,anxious,0.84
sih hasya comel ba kan lexi kecil macam mira filzah dia konon marah aku disperate sama sih merald yang sudah berlalu sudah lah kan lexi hasya abang fazlee sudah kerja di jkr kota marudu mungkin jumpa jodoh lagi terbaik dari merald doakan lexi hasya,neutral,0.39
jangan khawatir boy saya juga gagal penalti tadi kok apalagi ini cuma kompetisi lucu hihi piala fa saja santai boy kata babang ronaldo,happy,0.16
senang banget hari ini ketemu teman lama padahal sudah coba santai sendiri,happy,0.11
tolong leon jangan sampai terbawa emosi ya,angry,0.95
deg degan menunggu hasil pengumuman banget di rumah sama dia,anxious,0.97
bahan bakar marah benci juga kekerasan adalah rasa takut kalau mudah marah benci bisa jadi di dalam diri penuh ketakutan tanpa takut seseorang tidak akan bisa marah benci tidak adanya takut barangkali di situlah sebenarnya benarnya cinta,neutral,0.31
halo adik kesayangan nuna selamat dirgahyu yeayy adik nuna sudah makin besar sekarang semoga lebih bahagia lagi dan lebih manis lebih tampan memesona,happy,0.11
kepikiran banyak hal sampai susah tidur jujur saja tadi pagi sendiri,anxious,0.72
pula diboyong engkau pada pepatah wahai datanglah kemari kami tumpahkan pesan bergerigi kami serakkan pesan sebelum mulai berotasi pastikan pedoman ini sampai tepat di tujuan,neutral,0.26
sepi banget iya sepertinya sih paling fanlive sama coba tapi kalau ada schedule lain apa ya hem,neutral,0.38
rasanya kosong saja hari ini hari ini waktu malam sama keluarga,sad,0.59
selamat pagi cantikku semangat kegiatan hari ini jangan lupa senyum hari ini have a great day,happy,0.15
hi pasti lagi mencari jasa ujian nasional sus ujian nasional lock ya bisa ke iya unlock all case ke acc unlock umur ke acc unsus biasa ke acc payment dilakukan di akhir a close uns permanen semi perm,neutral,0.31
manchester united sedang tidak baik saja ikut bersyukur prihatin ngab,neutral,0.35
tahu fantasi campuran telurnya aku biasa pakai putih telur saja soalnya,neutral,0.22
rich itu sudah lama sekali rich ngehapus sebagian memorinyaa kaah kayak dia benci sekali memori itu dan dia gamauu ingat,angry,0.99
terus ujaran apa ujaran bangsat ujaran kunyuk,angry,0.99
rasanya kosong saja hari ini dari tadi kepikiran pas perjalanan sama teman kantor,sad,0.72
dia susah diajak cerita anaknya lebih suka dengarkan cerita orang lain jadi ya dia bakal ovt mengeluh atau apapun di twitter nya karena dia merasa lebih nyaman cerita di priv daripada ke orang lain ya walaupun bakal dilihat juga sama orang,neutral,0.28
sedih mulu,sad,0.67
kepikiran banyak hal sampai susah tidur agak random sih,anxious,0.95
iya karena malu tidak sih pasti jawabnya lagi rebahan mulu,neutral,0.3
cemas memikirkan masa depan tapi ya sudahlah tadi pagi sendiri,anxious,0.82
yang paling babi dalam pergolakan politik penadbiran di malaysia nih adalah geng mahiaddin azmin babi segala punca marah betul bila ingat balik,neutral,0.29
terima kasih ya sudah bikin hariku lebih baik padahal sudah coba santai di rumah sama teman kantor,happy,0.22
semangat zi,happy,0.03
terima kasih ya sudah bikin hariku lebih baik sih bareng teman sama dia,happy,0.11
kepikiran banyak hal sampai susah tidur pas perjalanan sendiri,anxious,0.71
belum ge mulai kepala sudah nyut nyutan begini takut meledak saja sih,anxious,0.73
terima kasih ya sudah bikin hariku lebih baik dari tadi kepikiran di kampus,happy,0.05
kemarin mencoba wedang ronde jago salatiga memang beda dengan wedang ronde biasa selain isian bolaa rondenya yang padat ada semacam manisan jahe di dalamnya renyah dan tentu saja nampah pedas jahe perlahana mantap,happy,0.11
semangat menjemput rejeki coy,happy,0.14
orang itu bikin emosi banget sih bareng teman sama keluarga,angry,0.78
ya kalau mau poligami ikuti sunah rosul tunggu istri pertama meninggal dulu dan kamu nikah sama nene yang sudah tua dan miskin buat diurus bukan mau enak nya doang tolol,angry,0.97
kepikiran banyak hal sampai susah tidur agak random sih di kantor sendiri,anxious,0.9
takut gagal di presentasi besok dari tadi kepikiran tadi pagi sama dia,anxious,0.91
ramalan zodiak sabtu februari emosi positif laman riau,neutral,0.22
oh begitu kaget bentukannya kayak preinst,anxious,0.77
sudah ketebak kelanjutannya hohoho tentu saja aku tidak akan tertypu lagi dasar yajuj dan makjuj,neutral,0.23
senyum sendiri pas ingat kejadian tadi padahal sudah coba santai pas perjalanan,happy,0.26
dari kemarin aku coba tahan buat tidak buka twitter sekalinya buka dapat kabar kalau jimin sakit kayak langsung menyesal begitu tapi pas dia bilang kalau army tidak usah khawatir bagaimana tidak makin menangis tapi aku bersyukur sekarang dia sudah sembuh sehat terus ya anak baik luv kamu,happy,0.16
bingung dan takut ambil keputusan dan kepikiran terus waktu malam sama teman kantor,anxious,0.81
kepikiran banyak hal sampai susah tidur agak random sih bareng teman sendiri,anxious,0.83
sepi betul mending ke priv saja,sad,0.55
orang itu bikin emosi banget tapi ya sudahlah di kantor sama dia,angry,0.74
selamat kak fik itu tak kasih selamat biar tidak sepi sepu amat,neutral,0.35
cerah sepertinya,happy,0.02
marah banget karena pekerjaan berantakan agak random sih tadi pagi,angry,0.74
ekspresif marah di lini masa iya ke teman juga iya,angry,0.9
santai je orang kayak begitu mending rnb saya,neutral,0.34
kehilangan semangat buat kenapa apa banget asli bareng teman sendiri,sad,0.73
anxious banget sebelum meeting tadi banget di rumah sama keluarga,anxious,0.76
rasanya ingin marah terus tapi ya sudahlah di rumah sama dia,angry,0.71
seram karena tentang sikopet begitu nder aku menonton itu lebih eneg sama takut gara gara mainnya bunuh an tetapi tetap menonton sampai habis karena penasaran,anxious,0.82
sih bebe apa kabar ya,neutral,0.32
takut kalau hasilnya jelek padahal sudah coba santai tadi pagi,anxious,0.94
geram banget sama pelayanan tadi serius di kampus sendiri,angry,0.79
demi apapun ini enak banget fess,happy,0.07
kecewa banget sama hasilnya dan kepikiran terus di kampus sama teman kantor,sad,0.72
andaikan saja aku tahu kamu tak hadirkan cintamu inginku melepasamau dengan pelukan,neutral,0.29
padahal kubu kamu juga buat naik daun kan anis rakyat juga tidak bodoh tolol,angry,0.93
kesal banget sama orang yang tidak tepat waktu sih di kantor sama keluarga,angry,0.93
agak takut ya,anxious,0.86
susu kenyot lebih enak minum langsung dari sumbernya,happy,0.05
main pakai first e pon kalah tidak dengan kelab bodoh apa bala lah sama kamu nih,angry,0.93
emosi lihat komentar orang tadi sih di kampus,angry,0.71
rasanya ingin marah terus sumpah sama dia,angry,0.9
maaf tapi sayang kbe harus takedown jujur sedih banget tetapi mau bagaimana lagi teh rasanya itu aduh sekalian juga nanti aku mau debutin kisah baru mungkin ini kbe mau lahir kembali tetapi ceritanya berubah lah pokoknya jadi lebih ringan alurnya aduh maaf banget dan tungguin cerita selanjutnya ya,sad,0.62
hari ini tidak semangat gara gara belum di mengucapkan selamat pagi sama sayang,sad,0.65
jadi kemarin di kasih sama teman sekerdus begitu katanya isinya acak dan ada ceker saya kan suka ceker jadi senang dong saya buka ini karena saya kira ceker tanpa tulang begitu pas sudah di buka saset nya taro di piring anjir belalang gede,neutral,0.25
malu tidak fokus,anxious,0.76
bismillahirrahmaanirrahiim joe biden saja kritisi ikn tapi pemimpin negeri ini kan dari partai demokrasi indonesia perjuangan memaksakan ikn ya bagi yang paham karena terima kasih yang berkenan rtl tagar,neutral,0.33
padahal kalau beli di ojek online ini cepat banget lah pelayanannya jadi aku kira suka kosong begitu,neutral,0.31
rasanya sedih banget akhir akhir ini hari ini di kantor,sad,0.69
sadarlah bahwa semua bisa tidak seperti biasa dan berubah derajat,neutral,0.28
itu tak tau harga akun apa bagaimana suka menyesal kalau ditawar sampai jatuh banget mana upf sekarang susah,angry,0.87
hati hati bego benaran,angry,0.88
lelah menghadapi orang yang egois padahal sudah coba santai bareng teman sama teman kantor,angry,0.76
menumpang bertanya kira bakso beranak itu lahirannya cesar apa normal sih,neutral,0.33
takut gagal di presentasi besok agak random sih di kantor sama teman kantor,anxious,0.96
orang itu bikin emosi banget jujur saja di kampus sendiri,angry,0.84
monster hunter mungkin menang telak ketika berbicara tentang sensasi berburu dan kepuasan meramu equipment tapi keberadaan cerita dan tentu saja emotional build up membuat god eater punya nilai lebih simpelnya bertarung dengan alasan sembari memahami alasan itu sendiri,neutral,0.26
dulu aku begini sampai sekolah dasar sepertinya tidak suka sama rumput apalagi yang tajam takut tidak nyaman geli hassembuh lah pokoknya lucu,anxious,0.71
tentu saja jika aku mengatakan aku tahun orang orang akan percaya aku masih tahun orang yang bilang maaf ayo muncul lucu apa orang yang bilang itu berlebihan ayo muncul kakak oppa paman adik dengan gaya imut,neutral,0.22
mengalir saja daftar snm saja asal daftar eh tau tau lolos tentu saja dibarengi doa dan ibadah,neutral,0.35
sedih banget dilupakan,sad,0.56
berbahagialah jika kamu masih bisa merasa sedih karena itu artinya kamu siap menerima kebahagiaan yang lebih bahagia gigitch,neutral,0.35
akhir akhir ini cemas terus lucu bareng teman,anxious,0.76
kaget indikasi tidak menguasai persoalan dan tidak memahami perkembangan,neutral,0.31
bingung mau ngtik apa but gue suka banget sama au nya pokoknya mesti sering pembaruan dan semangat ya terima kasihh doakan saja semoga aku sanggup sampai end,happy,0.12
khawatir sama kondisi sekarang dari tadi kepikiran sama dia,anxious,0.95
hari ini berat banget dijalani padahal sudah coba santai di kantor sama teman kantor,sad,0.73
masih susah pindah on dari kejadian itu banget asli bareng teman,sad,0.65
rasanya ingin marah terus sumpah di kampus sama dia,angry,0.83
lucu banget kalau tidak meminta izin nanti orang tua kamu tidak suka sama aku tertawa awkakwwka,happy,0.03
coba bayangkan kalau sebenarnya itu foto idol korea pop terus di edit sama sih pengirimnya woaksowkak,happy,0.14
oke kak wulan sama sama ya beyar senang mendengar kabar baiknya selamat menikmati layanan indihome nya kembali dan selamat berakhir pekan beyar,neutral,0.34
terima kasih banyak buat kak olaa yang buat karya sebagus itu dan terima kasih buat rumi iyel yang selalu keren dan kadang menghiburr gue dikala gue lagi sedih sekali lagi makasii banyakk loeve kamu kalian semuaa,sad,0.76
but if kamu get easily attached pasti sedih pisah sama adek kucing jadi ya siapkan saja mental ya,neutral,0.24
alhamdulillah pakai kerudung karena keinginan sendiri justru malah malu pakai baju haram,happy,0.09
centi banget bangsat,angry,0.9
rasanya kosong saja hari ini tapi ya sudahlah di rumah sama dia,sad,0.85
dapat kabar baik dari keluarga tadi pagi tapi ya sudahlah di kampus sama dia,happy,0.06
anxious banget sebelum meeting tadi lucu pas perjalanan,anxious,0.77
rasa macam terlalu bodoh untuk law nih natural killer ambil course lain lagi lah bodoh keje grab je lah,angry,0.85
iyakan sedih banget membayanginya,sad,0.63
lune mau berteman tidak nanti saya mention sepi banget tidak ada teman mengobrol rep panggil nama saya ya,neutral,0.3
terima kasih ya sudah bikin hariku lebih baik padahal sudah coba santai bareng teman,happy,0.17
ini rcpc tidak ada kabar comeback lim sudah waktunya tolol,angry,0.9
menteri badan usaha milik negara erick thohir mengajak para warga manfaatkan lahan perumahan menjadi lokasi pertanian erick thohir pun mnggagas program energi tani et energi tani brtujuan mmbumikn semangat bertani sehingga masyrkt mnghasilkn produk pertanian secara mandiri,neutral,0.34
rasanya ingin marah terus banget asli bareng teman sama teman kantor,angry,0.87
tahu tak benda bodoh apa yang aku dengar dekat radio pagi nih lagu hael kelentang kelentung di orang nyanyi translate ke english tak memasal era nih sudah kena maki,angry,0.98
di lucu cara mengomongnya kayak arashi ih ci idih fiel jelek banget suka mleyotin orang suka mengajak gelut pula aneh,angry,1.0
hari ini berat banget dijalani sih di kantor,sad,0.72
sedih banget,sad,0.57
kayak kalau memang tidak ada bisa tidak sih jangan accept orderan aku kan jadinya memberi harapan palsu aku tidak mau kacang ijoo maunya tausaa,anxious,0.78
bingung dan takut ambil keputusan tadi pagi sama dia,anxious,0.82
hari ini produktif dan suasana hati bagus dan kepikiran terus pas perjalanan,happy,0.23
eh buset gedek banget bacanya anak setan kamu pada justru ini yang gue suka dari gether di ceritanya benar benar menunjukkan cinta ya cinta bukan cuma tentang nafsu doang,angry,0.97
kala tak mengapa untuk tak baik baik saja,neutral,0.23
yuk kak tamatin semangat,happy,0.0
rasanya ingin marah terus dan kepikiran terus,angry,0.89
kak caa semangat terus ya kamu can di itu well kalau cape istirahat dulu tapi jangan lupa balik lagi biar tidak makin menumpuk sending a lot of virtual hug buat kakakk,happy,0.13
takut kalau hasilnya jelek banget asli tadi pagi,anxious,0.92
tidak apa apa dek santai saja saya pernah kok tahun tapi bedanya tidak jadi kalah kalau ini tidak jadi menang awikwok siiuu,neutral,0.22
kok bisa kamu semangat,neutral,0.28
turut berdukacita kak semangat besar hug for kamu,happy,0.19
cuti sudah habis semua back tapi normal,neutral,0.36
karena kecantikan luar biazaahh maka kamu jadi foto model di foto ini konsepnya memikirkan kenapa ya mas crush malah jadian sama temanku jadi sedih banget,sad,0.77
jeyop kamu itu ceriminan diriku terus hidup bahagia ya sampai akhir hayat kita jangan sampai sakit sehat terus makan yang banyak terus ciptakan karya yang luar biasa sampai ketemu di tahun berikutnya,happy,0.19
tai bak je baca nih aku tidak mau emosi sndirian dia yang pinjam kok dia yang mengatur pantek ajan leme cicingan ini,angry,0.96
lukaku banyak banget di sini dan kalau tiba teringat masih suka menangis masih terasa sakit,sad,0.61
lucu wkwk biarkan saja yang penting dia bisa bahagia,neutral,0.39
ok kak icus juga semangat ya,happy,0.0
bangsat,angry,0.92
mantap tri tidak kayak bank mandiri goblok meminta ampun ditanya beda orang jawabannya gakjelas dan memuter memuter memang swasta didikannya beda sama didikan plat merah jikubiniu asli gedek banget pulsa habis banyak cuma telepon callcenter bodoh,angry,0.97
rasanya gugup terus hari ini padahal sudah coba santai bareng teman sama keluarga,anxious,0.82
akhir akhir ini cemas terus banget asli di rumah sama teman kantor,anxious,0.84
semakin besar masalahnya semakin dia akan berpura bahwa dia baik sajaa oh my ghost,neutral,0.38
kesal istirahat telah tiba setelah mengganti baju dan ke kelas salsa fokus terhadap handphone nya sembari melahap bekalnya,neutral,0.37
sudah sabar tapi masih dibohongi tapi ya sudahlah bareng teman sendiri,angry,0.73
semangat flo,happy,0.07
sudah sabar tapi masih dibohongi dan kepikiran terus di kampus,angry,0.85
aku cuma ingin istirahat sebentar lucu tadi pagi sama keluarga,sad,0.84
kenapa sih harus bikin masalah terus dari tadi kepikiran di kampus,angry,0.9
sale pisang ke ini enak banget dom tangerang qa link toko ada di bawah ya,happy,0.2
akhirnya lolos interview kerja dan kepikiran terus tadi pagi sendiri,happy,0.28
sudah sabar tapi masih dibohongi tapi ya sudahlah tadi pagi sendiri,angry,0.7
kelon enak hun,happy,0.19
a lucu benar sekali aku harus sering bermain dengan anak house lain aku seringnya bertemu dengan gryffindor saja karena keluargaku ada yang anak gryffindor jawabnya dan michaelis baru menyadari ia tidak punya teman anak ravenclaw kalau begitu maukah kamu menjadi temanku,neutral,0.25
kesal banget sama orang yang tidak tepat waktu sumpah di rumah sama dia,angry,0.69
justru yang kalau pas main malah pakai baju haram itu yang bikin malu masa sekitar rumah kerudungan giliran keluar malah buka bukaan justru kebanyakan orang keluar kerudungan tetapi daerah rumah ke warung suka pada malas meski harusnya tetap hijaban soalnya wajib menutup aurat,neutral,0.4
di ft galak banget diteriak ini sama kakak tingkat di sini saking baiknya sebelum mulai apa ditanya dulu apa kabar semalam tidur jam berapa sama katingnya,neutral,0.34
itu sayur apa saja pak deh,neutral,0.25
sering sering bikin au taeyong ya seru semangat terus nob,happy,0.11
senyum sendiri pas ingat kejadian tadi sumpah tadi pagi sama keluarga,happy,0.1
he kamu tetap semangat ya semoga cepat pulih jangan lupa istirahat yang cukup eat well minum vit speed recovery bestie,happy,0.14
keren semangat,happy,0.13
akhirnya tugas selesai juga lega banget serius tadi pagi sama keluarga,happy,0.13
sedih ku cukup aku yang tau kamu cukup tau bahwa aku baik baik saja,sad,0.72
itu ceweknya sudah kepalang malu juga teh jadi buru buru dikembalikan mau bayarkan nanti dikira apa lagi begitu kan orang tidak kenal,neutral,0.34
senang banget hari ini ketemu teman lama hari ini sama teman kantor,happy,0.29
hi kak ryan diar konfirmasi terlebih dahulu apakah hanya pada saat akses apple televisi saja atau akses lainnya juga kak diar,neutral,0.33
ya sumpah sedih banget lo walaupun zi bukan fan nya tapi sedih lo mimpi buruk fandom itu kayak begitu,sad,0.55
kamu tidak malu atau mungkin kalian memang tidak tau malu,anxious,0.9
takut gagal di presentasi besok agak random sih di rumah sendiri,anxious,0.94
alhamdulillah ya allah dapat kabar baik pagi ini jimin is covid free,happy,0.09
kenapa sih harus bikin masalah terus jujur saja tadi pagi sama dia,angry,0.93
cemas memikirkan masa depan lucu tadi pagi sama dia,anxious,0.9
berarti biasa saja ya,neutral,0.2
dapat kabar baik dari keluarga tadi pagi padahal sudah coba santai di rumah sama teman kantor,happy,0.13
aku cuma ingin istirahat sebentar lucu di kampus sama teman kantor,sad,0.68
marah banget karena pekerjaan berantakan dan kepikiran terus sendiri,angry,0.85
bubar bubar ini anaknya pada senewen lihat draw yang saya kasih langsung kaget kwwkw,happy,0.13
kok suka ya lihat fadli omnya gala kayak adem begitu lihat wajah dia tidak yang cakap banget tetapi adem saja dilihatnya kayak ubin mesjid,happy,0.18
apa lah nak jadi cuba terapkan dalam diri kehidupan kalau mampu jangan ambil bahagian orang yang tak mampu sebab takut atas sebab ketamakkan kita orang yang betul perlu tak dapat bahagian dia kamu rasa halal ke bahagian yang kamu ambil itu kalau sudah menipu,neutral,0.29
ini telat sih tapi ada line dari au kamu yang paling memorable lupa structure kalimat spesifiknya bagaimana tapi seingat aku bukan karena tegang tapi karena sayang tidak telat sama sekali tell me anytime amd i ll still listen aku,neutral,0.33
takut gagal di presentasi besok padahal sudah coba santai tadi pagi sendiri,anxious,0.82
pejabat yang buat hoaks tolong di penjara hukum jangan belaku cuma untuk rakyat kecil saja,neutral,0.24
hari ini produktif dan suasana hati bagus dari tadi kepikiran,happy,0.24
allahumma sholli ala sayyidina muhammad semoga hari ini penuh keberkahan untuk kita semua pekerjaan dan diperlancar rezekinya semangat pagi,happy,0.19
gataww iya saya happy pagi keekk mengalir saja semangat rawr mwah lvyu,happy,0.04
rasanya sedih banget akhir akhir ini sih bareng teman sama dia,sad,0.76
orang itu bikin emosi banget sih pas perjalanan,angry,0.94
sudah mulai mentalbreakdance lagi kemarin menjauh sbntar karena tidak ingin bocah cilik kena vibe negatifku emosi banget sampai banting pintu kamar mandi mandi siram kepala sambil menangis keluar kamar mandi sudah mendinganlah,angry,0.86
anxious banget sebelum meeting tadi hari ini tadi pagi sama keluarga,anxious,0.91
semangat menambah,happy,0.0
saja kakak dog suro beli medium set,neutral,0.29
marah banget karena pekerjaan berantakan jujur saja di kantor,angry,0.84
akhir akhir ini cemas terus jujur saja tadi pagi sama keluarga,anxious,0.85
baru sadar bentar lagi ramadan kalau grafik naik bukannya sudah biasa korban agen agen konspirasi global dunia kuwalik,neutral,0.25
bapak itu biasa yang membawa gerobak sekarang hilang,neutral,0.26
alasan takut kena congorna soalnya ada guru yang menantunya kena tetapi masih mengajar,anxious,0.77
kalau claimnya independent women aku khawatir sih,anxious,0.78
semangat buat hari ini ya kamu deserve tapi be happy anw jangan lupa sarapan ola,happy,0.01
marah banget karena pekerjaan berantakan banget asli di rumah,angry,0.79
khawatir sama kondisi sekarang tapi ya sudahlah pas perjalanan sendiri,anxious,0.92
deg degan menunggu hasil pengumuman hari ini di rumah,anxious,0.93
malam ini kepikiran terus jadi sedih banget sama dia,sad,0.57
dapat kabar baik dari keluarga tadi pagi dan kepikiran terus di kampus sama keluarga,happy,0.22
hari ini tidak bisa pikir jernih bawaannya sedih thankyou denise kamu re my favorite maknae,sad,0.66
bingung dan takut ambil keputusan banget pas perjalanan,anxious,0.85
semangat kamu,happy,0.05
semangat,happy,0.04
sumpah takut banget,anxious,0.89
kesal banget hari ini serius tadi pagi,angry,0.79
senyum sendiri pas ingat kejadian tadi agak random sih pas perjalanan sendiri,happy,0.28
maaf kesal banget sama orang kayak begini harus berapa kali saya jelaskan cape kamu pada suka anime lah bola lah bla bla saya mana ada sih komen,angry,0.95
bikin emosi saja pagi,angry,0.89
merasa sendirian akhir akhir ini hari ini di kampus sama dia,sad,0.81
hari ini produktif dan suasana hati bagus serius tadi pagi sama keluarga,happy,0.05
aku sudah biasa jadi kaunter pertanyaan,neutral,0.23
pepagi lagi air mata mengalir sedih aku,sad,0.61
konyol bego,angry,0.9
panik banget tadi akunku ke logout sendiri,anxious,0.88
inginku mengenggam tanganmu memeluk dirimu erat namun apa itu akan terwujud kamu saja bahkan sudah muak denganku,sad,0.62
yang kupikirkan saat ini ini orang orang yang punya kontak wa banyak tidak pusing apa ya nyortir siapa saja yang bisa lihat sw saya cuma sekian saja malas nyortir dan jatuhnya jadi malas buat sw saja sklian khawatir hal hal tidak diinginkan terjadi,anxious,0.88
marah banget karena pekerjaan berantakan banget asli di rumah,angry,0.83
ujunga nya jadi bangkai saja buanga duit saja tidak guna dan tidak ada satupun proyek yang sukses kesall mau tabok,angry,0.92
tuhan semoga istirahatku malam ini kamu damaikan dan pagiku kamu indahkan dengan harapan dan semangat baru amin,happy,0.04
cemas memikirkan masa depan hari ini di kantor,anxious,0.86
hal paling sedih itu di saat saya tidak tau mau mengeluh sama siapa,sad,0.79
dia marah yae di ship sama ayato katanya yae miko based on yae sakura on honkai yang memang canonically lesbian tapi ini kan genshin impact,angry,0.94
kecewa banget sama hasilnya jujur saja tadi pagi sama keluarga,sad,0.71
rencana imbas imbis tok akhirnya iya bubar lah sudah biasa dikei janji palsu ki,neutral,0.38
ini kalau tidak ada yang kelas sepi dong,sad,0.61
menfess adalah pesan kata kata yang dikirim dari seseorang yang rahasia,neutral,0.27
kalau baring bawaannya lelah kalau kerja bawannya semangat terus salut sih sama diri ini,happy,0.09
senang banget hari ini ketemu teman lama dari tadi kepikiran sama keluarga,happy,0.28
deg degan menunggu hasil pengumuman hari ini di rumah sama keluarga,anxious,0.83
hi kak lagi cari app prem ingin cepat juga ada nih lengkap fast respon testimoni on pinned ya yuk langsung direct message t jual netflix murah spotify wetv kaget nikah all of us are dead,neutral,0.36
wajibb nyak dulu ambil karena takut habis lucu lucu lucu,happy,0.1
amin semangat ya tim arkeolog juga nih,happy,0.08
ini segala keresahan gue sudah mau hilang nih pokoknya pikiran sudah mulai enak deh tapi entah kenapa fyp gue isinya cuplikan film layangan kusut ku kira kamu rumah kan anjing jadi ketriger lagi gue mulihin supaya suasana hati gue muncul lagi itu agak lama bangsat,angry,0.98
cemas memikirkan masa depan tapi ya sudahlah di kantor sama teman kantor,anxious,0.76
sekalinya muncul ngegebraknya bikin kaget ya mas topo,anxious,0.9
madam sedih katanya,sad,0.69
takut kalau hasilnya jelek serius waktu malam sama keluarga,anxious,0.75
kasihan nih orang istilah anak kolong saja tidak tau bisanya main media sosial tetapi malas membaca bego banget,angry,0.87
bused sampai dua kali kirim kata saya adalah mending sender muncul deh direct message saya coba biar saya tahu tidak usah malu direct message saya terbuka luas se luas semesta jangan buat saya penasaran tolong,anxious,0.73
tidak apa apa kalau tidak aneh takut new owner,neutral,0.25
jujur suka heran kenapa giliran saya yang punya masalah saya jarang banget bisa leluasa cerita ke orang padahal dengarkan curhatan orang ada kali tiap hari,sad,0.7
maksud lo mengajak ribut matcha enak banget oi,angry,0.92
merasa sendirian akhir akhir ini sumpah waktu malam sama keluarga,sad,0.77
anxious banget sebelum meeting tadi serius pas perjalanan sama teman kantor,anxious,0.82
senyum sendiri pas ingat kejadian tadi di kantor sama dia,happy,0.13
tidak galak sama sekali bahkan dia tidak pernah marah t t,neutral,0.36
kenapa sih harus bikin masalah terus jujur saja pas perjalanan sama dia,angry,0.81
enak banget kerja tidak ada bos sambil dengarkan lagu jakarta nikmat sekali rasanya,happy,0.03
bingung dan takut ambil keputusan sumpah di rumah sama keluarga,anxious,0.91
takut tidak bisa memerankan bapak min yoongi dengan baique karena yoongi itu kayak diam diam begitu kan nah saya agak petakilan sama takut kalau disuruh show off ke savage an nya itu saya tidak sampai begitu,anxious,0.89
kok saya sedih ya saya menyesal kenapa saya tidak kenal bawa nya pas dulu saja sih pas pertama mereka buat series yang katanya itu masih adem ayem saja rasanya kenapa saya harus merasakan di momen sekarang sih yang isinya itu cuma war teross jujur saja saya memang masih awam banget kenal bawa,sad,0.7
lucu semangat sayang,happy,0.18
dapat kabar baik dari keluarga tadi pagi tapi ya sudahlah di kampus sama keluarga,happy,0.16
marah banget karena pekerjaan berantakan banget asli di rumah sama keluarga,angry,0.76
sedih melihat kenyataan dilapangan banyak rekan pensiun pakai aturan undang undang ciptaker inskontitusional uang pesangon yang minim,sad,0.52
tadi pagi kelock sayang dahlah meskipun sudah unlock tetap takut banget jadinya pindah sekarang saja,anxious,0.88
malu bingittss,anxious,0.76
takut gagal di presentasi besok banget pas perjalanan sendiri,anxious,0.84
iya peran di about ada pengirim cerita konselor penonton tapi di borang cuma ada konselor dan penonton harus ottokhe serius lucu aku tidak tau ih kiraan sudah ganti jadi foto mijoo kakak perempuan aduh jadi tidak enak terima kasih kak rowun,happy,0.16
takut kalau hasilnya jelek pas perjalanan sendiri,anxious,0.79
berteman tahun hasilnya begini sedih banget,sad,0.77
rasanya ingin marah terus lucu di kampus sama keluarga,angry,0.81
biasa ada saja orang bikin emosi,angry,0.86
kehilangan semangat buat kenapa apa dari tadi kepikiran waktu malam sama teman kantor,sad,0.78
im shoo happy meskipun agak kecewa sama durian nya merasa keluar budget banyak tetapi tidak worth itu tetapi tidak apa apa yang pntg kebersamaannya iyakan,happy,0.16
lelah sama keadaan sekarang padahal sudah coba santai di kampus,sad,0.66
mau banget,happy,0.12
kepikiran banyak hal sampai susah tidur tapi ya sudahlah di kantor sama keluarga,anxious,0.97
sumpah ya tuhan maaf banget tapi semoga dia dapat balasan karma setimpal karena tidak adil dan suka menipu bawahannya,angry,0.97
karena di otaknya dia ingin balas dendam akhirnya sarafnya masih berfungsi buat jadi half zombie,neutral,0.3
ya sedih karena makanan cukup buat sehari satu orang nag,sad,0.63
khawatir sama kondisi sekarang agak random sih pas perjalanan sama teman kantor,anxious,0.92
deg degan menunggu hasil pengumuman dari tadi kepikiran di kampus sendiri,anxious,0.94
sih tolol lupa membawa seperangkat alat mandi,angry,0.88
emosi lihat komentar orang tadi tapi ya sudahlah tadi pagi sama teman kantor,angry,0.87
kayaknya tim baby yang kecewa,sad,0.55
jangan lah marah dia lesen l pun dia tak ada lagi itu,angry,0.9
kalau komik gl begini jarang yang sad akhir biasanya konfliknya yang banyak tetapi akhirnya bahagia beda kalau sudah masuk di drama biasanya kebanyakan sad akhir,neutral,0.31
malu malu takut salah langkah,anxious,0.77
kaget doang tidak guna banget,angry,0.93
takut gagal di presentasi besok di kantor sama keluarga,anxious,0.8
geram banget sama pelayanan tadi dari tadi kepikiran bareng teman sama teman kantor,angry,0.75
takut kalau hasilnya jelek banget pas perjalanan sendiri,anxious,0.97
cemas memikirkan masa depan sih di kampus sama dia,anxious,0.94
saya juga dibebasin dulu sama bapak mau main sampai jam berapa tapi kalau sampai pagi ya tau diri saja bapak tidak marah yang was sudah wos tapi diam ini mending ada yang mengingatkan karena sekarang ya taulah tidak ada tempat yang aman buat kaum hawa,angry,0.91
ya kecewa,sad,0.77
lelah sama keadaan sekarang sumpah bareng teman,sad,0.8
merasa sendirian akhir akhir ini banget di kantor sama teman kantor,sad,0.75
terus ketemu al baqarah ayat sesungguhnya orang orang yang beriman orang orang yahudi orang orang nasrani dan orang orang sabiin siapa saja diantara mereka yang beriman kepada allah dan hari akhir dan melakukan kebajikan mereka mendapatkan pahala dari tuhan nya,neutral,0.25
ini penilaian objektif ya nder menurutku dari pemikiran yang kamu ungkapkan di menfess ini bahkan menunjukkan kamu belum cukup matang dan dewasa nder yang dilihat jangan imajinasi masa depanmu yang bahagia pikirinnya kira nanti risiko cerainya seberapa besar ya kamu will think dua kali,neutral,0.29
kesal banget sama orang yang tidak tepat waktu lucu sama keluarga,angry,0.73
akhirnya tugas selesai juga lega banget dari tadi kepikiran waktu malam sendiri,happy,0.14
pp aku baru banget opress app prem nih masih sepi jadi prosesnya bisa cepat start mulai p lagi mengadakan event juga yang mau intip pl rep yuk,neutral,0.32
yang tidak menyebalkan di dunia ini cuma reinernajskakeksbaku ingin marah anjing ingin teriak ngentot sekeras kerasnya,angry,0.97
ngezoom banget gambarnya kaget,anxious,0.76
ih enak banget kakak mau juga,happy,0.13
khawatir sama kondisi sekarang sih di rumah sama dia,anxious,0.73
india lumayan ngeri kalau korea agak bahaya meskipun tahun ini masih mereka di bawah kita kalau hong kong ya begitu deh,anxious,0.85
kepikiran banyak hal sampai susah tidur sih pas perjalanan sendiri,anxious,0.72
isi kepala gue kenapa kenapa kenapa kill my night alias child enak banget memuter dikepala terus mark lee kamu keren banget,happy,0.07
suka tapi dipendam ya saya banget,sad,0.57
akhirnya lolos interview kerja hari ini waktu malam sendiri,happy,0.07
dia tkde bagi apa apa tetapi janji manis serta harapan palsu dia itu saya masih simpan,sad,0.74
itu lengkong bego,angry,0.88
kepikiran banyak hal sampai susah tidur tapi ya sudahlah waktu malam sama keluarga,anxious,0.9
senang banget,happy,0.0
sedih lihat lini masa orang ini kayak bukan orang sumbar,sad,0.69
semangat kakak,happy,0.08
tidak masih kayak biasa,neutral,0.22
wa lucu syukur iya tidak jadi malu,happy,0.1
rasanya kosong saja hari ini sumpah di kampus sama keluarga,sad,0.85
cerah saja apa buat hari ini aku mau ke jtp tidak lucu kalau hujan terus gagal lagi,anxious,0.85
kapal saya benaran karamm bahagia selalu kalian dengan jalannya masing sayonara,sad,0.69
kadang disangka marah ya nes padahal biasa saja lucu,neutral,0.25
bapak sialan ya gabagus buat contoh songong bangsat lelah banget pasti punya bapk kayak begitu apa apa apa arsen zeyeng suka banget gaya kamu bro sayang arsen banyak,angry,0.98
rasanya gugup terus hari ini sumpah bareng teman sendiri,anxious,0.86
kepikiran banyak hal sampai susah tidur agak random sih di kampus sama keluarga,anxious,0.79
jangan mengeluhkan masalah yang datang dalam hidupmu terkadang kamu harus merasakan sakit untuk dapat mensyukuri bahagia,neutral,0.3
rasanya kosong saja hari ini sih pas perjalanan sama dia,sad,0.76
kalau tak p blaja tak p keje jauh tak bergaul rasanya aku pun benci gan perangai aku terima kasih everyone sebab jadi contoh terbaik,angry,0.93
pakistanis hv the attitude of wah apni zidh nah choorein hum apni wahzah kyun badalein imran kan insan hai essa kakak assah nahi joh zameen pai marah tou sub seedhay oh jahein gai yahan har koi apna uloo seedha karta hai bos thts the realita,neutral,0.27
ist belum ada kasih kabar tentang anak anak,neutral,0.2
kok suaranya aneh dan bikin merinding ya,anxious,0.74
asli saya pikir teman saya sedih tidak bisa jadi kutu beras saja sudah aneh apalagi saya makin takut sudah,anxious,0.81
yang enak yang mana,neutral,0.25
ih kaget tiba ada comback lagi ih ya ampun sampai hiatus,anxious,0.86
bengong bego,neutral,0.22
sedih banget sih mengemis sama orang duh,sad,0.75
hari ini berat banget dijalani sih tadi pagi,sad,0.79
senang banget hari ini ketemu teman lama banget asli sendiri,happy,0.18
iyakan aduh kalau sudah kea begitu takut banget tb beli tiket ke korea benaran,anxious,0.79
anxious banget sebelum meeting tadi banget asli waktu malam,anxious,0.94
tahun berganti bukan berarti orang gagal akan hidupnya tidak ada ini bukti nyata kegagalan pria tapi seolah berbicara mewakili semua pria jangan diambil hati orang bodoh tiap tahun memang selalu ada,neutral,0.22
rasanya ingin marah terus hari ini di rumah sama teman kantor,angry,0.76
rejeki enzi sih anak imut pagi pagi zi dapat jajan dari yang lagi ulang tahun wuhuu terima kasih ya iden semoga bahagia selalu,happy,0.14
anxious banget sebelum meeting tadi banget asli pas perjalanan sama keluarga,anxious,0.97
nih nhapa sepi amat sudah mengerikan,anxious,0.7
kalau menaksir ada sih nder cuma setiap mau dideketin aku selalu memberi lampu merah jadi pada mundur sendiri sendiri aku disuruh sekolah dulu sama orang tua aku benci penolakan maka dari itu aku kasih lampu merah saja daripada pas menembak aku tolak aku takut mereka sakit hati,angry,0.96
mon maaf tapi saya ngerekam nya tidak niat malu bah jelek banget wajah saya,anxious,0.73
rasanya sedih banget akhir akhir ini jujur saja tadi pagi,sad,0.65
seram banget ego itu ditambah lagi saya merasa bego parah karena tidak paham kalau the tag kan merekanya masih ada tertawa lucu hihi tetapi kalau ego itu full kayak begitu seram bbuanget b nya lima,anxious,0.71
orang yang suka berkata jujur akan mendapatkan hal yaitu kepercayan cinta dan rasa hormat,neutral,0.35
moots aku free tag jadi tag saja sepuas nya oke aku itu suka banget lihat notip ku banyak begini,happy,0.09
marah banget karena pekerjaan berantakan dari tadi kepikiran bareng teman sendiri,angry,0.88
rasanya gugup terus hari ini sumpah di kantor sama teman kantor,anxious,0.95
suka banget ngetease jay sadar diri oi,angry,0.88
emosi lihat komentar orang tadi sumpah waktu malam sendiri,angry,0.7
alhamdulillah i sama happy for kamu nder semangat terus,happy,0.18
orang itu bikin emosi banget lucu waktu malam sama teman kantor,angry,0.77
khawatir sama kondisi sekarang sih pas perjalanan,anxious,0.79
terima kasih sudah sa ini dan bikin senang selama hari ya dan bikin semangat harinya aku yeaay mau kasih love juga biar kamu gede rasa tidak kamu juga sehat sehat jangan kebanyakan makan garam kasihan nanti darah tinggi istirahat yang cukup banyak minum air putih juga sih ya,happy,0.14
marah banget karena pekerjaan berantakan di kantor sendiri,angry,0.77
betooll bodoh banget yang suka berbicara matikan rejeki orang karena sinetron tamat sok tau banget tetapi ya begitu mengeyel,angry,0.93
cemas memikirkan masa depan banget asli di rumah,anxious,0.86
kua mana saja yang sepi biar cepat,neutral,0.2
rasanya sedih banget akhir akhir ini agak random sih di kantor,sad,0.64
alhamdulillah dapat dukungan moril setidaknya ke depan tidak takut mencoba lagi,happy,0.01
geram banget sama pelayanan tadi lucu sama keluarga,angry,0.81
emosi lihat komentar orang tadi hari ini sama dia,angry,0.92
akhir akhir ini cemas terus agak random sih bareng teman sendiri,anxious,0.77
hidup adalah pilihan apapun yang membuatmu sedih tinggalkan dan apapun yang membuatmu tersenyum pertahankan,neutral,0.31
terima kementerian badan usaha milik negara pak menteri badan usaha milik negara erick thohir iya dukung gerakan energi tani et untuk produk tani mandiri semangat terus pak,neutral,0.31
rasanya gugup terus hari ini tapi ya sudahlah di kantor sama keluarga,anxious,0.91
consent juga lucu aku pikir consent akan muncul setelah ada trust hanya trust saja belum tentu diiringi consent tapi kalau consent biasanya sudah trust dulu sudah sesimpel itu saja lucu,neutral,0.4
kesal banget sama orang yang tidak tepat waktu lucu sama keluarga,angry,0.73
lelah sama keadaan sekarang sumpah bareng teman sendiri,sad,0.69
takut kalau hasilnya jelek tapi ya sudahlah di kampus sama dia,anxious,0.71
pjj lagi pjj lagi sedih tidak ketemu sayang,sad,0.52
banget sepi dan seram,anxious,0.8
mas put sakit apa tetap jaga kesehatan dan jangan lupa bahagia karena bahagia adalah obat dari segala penyakit cepat sembuh ya mas,happy,0.16
geram banget sama pelayanan tadi tadi pagi sama keluarga,angry,0.85
akhir akhir ini cemas terus dari tadi kepikiran pas perjalanan sama keluarga,anxious,0.97
emosi lihat komentar orang tadi jujur saja waktu malam sama teman kantor,angry,0.8
hari ini berat banget dijalani agak random sih pas perjalanan sama keluarga,sad,0.75
takut amat lucu,anxious,0.88
hanya ada dua pilihan dalam cinta bahagia atau kecewa dan peringatan untuk siapapun yang bermain dengan cinta harus siap merasakan keduanya,neutral,0.26
cemas memikirkan masa depan serius di rumah,anxious,0.71
takut,anxious,0.83
pagi pagi dapat kabar baru ini rasanya ingin menangis masih positif thinking sebenarnya tetapi sungguh ku tak bisa,sad,0.78
nani watashi daijoubu desu tidak perlu khawatir susan chan,neutral,0.31
halo jas mau penghasilan tambahan dari handphone saja minat bisa jpri,neutral,0.24
tenang saja itu cuma foto tanganku saja,neutral,0.2
kalau sudah malam harusnya tidur saja fin saya menulis apa sih tidak jelas lucu wkwk,neutral,0.33
soalnya my biggest kesalahan utbk kemarin aku putus asa lebih dahulu terlalu banyak kekhawatiran kalau aku tidak lolos dan itu bikin tidak fokus tidak enjoy ya kekhawatiran itu benaran terjadi tahun kemarin lucu semangat buat pengirimnya ya pasti bisa,happy,0.16
ha gue sedih banget,sad,0.6
dapat kabar baik dari keluarga tadi pagi banget asli pas perjalanan sama keluarga,happy,0.06
kalau memang mau negakin syariat jangan setengah dan yang enak saja orang kayak begini yang bikin citra poligami buruk dimata orang banyak orang jadi nganggap poligami karena gampang sange doang bikin emosi,angry,0.99
selamat pagi kara tentu saja boleh dong akan saya jawab ya b auramu cantik dan anggun sekali saya melihatnya amazed serius dan kita jarang mengobrol ya kara tapi ayo kapan kapan kita mengobrol begitu kamu seem like a fun person tapi talk dengan,neutral,0.26
halo admin kenapa sekarang ada stasiun yang tidak bisa tap ini tap out dengan menggunakan tapcash saya tadinya biasa pakai tapcash untuk pp dari stasiun tigaraksa sejak bulan januari tidak bisa lagi,neutral,0.36
sudah sabar tapi masih dibohongi banget asli di kantor sendiri,angry,0.74
ampun kenapa para seme pada risih atau malu buat manja he kalian begitu itu lucu banget tau malah mau kekep sampai bengek tidak,happy,0.19
hari ini berat banget dijalani sih bareng teman sama teman kantor,sad,0.82
pernah menolak orang yang padahal gue suka banget sama dia alhasil saya gagal move on sampai tahun berlalu,sad,0.56
sedih banget ya,sad,0.58
zoo apa benar sgm yang bebas laktosa ini bisa buat kitten aku ada kitten umur hari yang ditinggal induknya aku sudah coba kasih growsy tidak suka,neutral,0.24
walau hati takut membadut,anxious,0.76
orang itu bikin emosi banget jujur saja waktu malam sendiri,angry,0.91
kecewa banget sama hasilnya sih waktu malam sama keluarga,sad,0.61
berkarir internasional saja bro kalau nasional faktor politik nya kuenceng,neutral,0.33
di chip enak biyanget,happy,0.01
mkd kan sudah dilapori hukumannya cuma ditegur bangsat kayak arteria cuma ditegur ya tidak mempan,angry,0.96
deg degan menunggu hasil pengumuman sih bareng teman sendiri,anxious,0.89
cemas memikirkan masa depan tapi ya sudahlah tadi pagi sama teman kantor,anxious,0.92
kenapa sih harus bikin masalah terus dan kepikiran terus sendiri,angry,0.79
malam ini kepikiran terus jadi sedih padahal sudah coba santai bareng teman,sad,0.56
saya kagk gue suka jedotin cewek saya ke lampu merah karena benci saya lamer lama banget lebih lama lamer daripada masak mie,angry,0.94
tapi sayang aku gabegitu suka foto foto tapi kadang suka iri melihat hasil foto dari iphone hem,neutral,0.29
makan favorit hari ini bikin bahagia banget asli bareng teman sama keluarga,happy,0.24
takut gagal di presentasi besok agak random sih di kampus sendiri,anxious,0.88
saya baik banget apa ya sampai orang suka pinjam duit meminta jawaban memaksa,angry,0.97
merasa sendirian akhir akhir ini dari tadi kepikiran pas perjalanan sama keluarga,sad,0.75
seaweed costume lawan halo kitty motif pertempuran paling asburd lagian kenapa denise marah bajunya dibilang motif halo kitty,neutral,0.21
sebagai yang suka main game online butuh banget internet cepat di rumah kalau internet lancar main game juga bakal jadi lancar untung di rumah sudah pasang indihome,happy,0.03
kalau sudah bulan ginituh rasanya deg degan takut tapi sudah ingin ketemu adek dan sudah pengap ingin cepat cepat bisa tidur telentang dan tengkurep,anxious,0.87
sudah sabar tapi masih dibohongi banget asli di rumah sendiri,angry,0.7
alhamdulillah tidak malu lagi kita tum,happy,0.2
aku adalah manusia biasa yang patut untuk dibenci untuk selamanya tapi aku mau tau dan ingin bertanya apakah salahku kepadamu,neutral,0.3
makan favorit hari ini bikin bahagia serius tadi pagi sama teman kantor,happy,0.26
padahal yang suka marah marah itu kamu,angry,0.96
anxious banget sebelum meeting tadi tapi ya sudahlah waktu malam sama teman kantor,anxious,0.8
sayang nya saya kalau budak cinta ya mau secakep apapun cowok lain tetap lihatnya kamu lucu h sedih banget jadi cewek iya kenapa budak cinta tolol semua,sad,0.62
ya bagaimana ya bangsat ya begitu enggak sih,angry,0.87
lelah sama keadaan sekarang tapi ya sudahlah di rumah sama dia,sad,0.72
makan favorit hari ini bikin bahagia jujur saja bareng teman sama teman kantor,happy,0.14
lelah ih ingin marah bingung sama siapa,sad,0.51
tak tau malu ya,angry,0.86
rasanya gugup terus hari ini serius di kampus sama dia,anxious,0.97
biasa ada mau nya manis dulu dukung rakyat sudah kecapai maunya ya bagaimana gue menjelang tahun lagi pemilihan lagi ya manis lagi ke pilih lagi ya bagaimana saya lagi,neutral,0.39
marah banget karena pekerjaan berantakan tapi ya sudahlah tadi pagi,angry,0.67
bukan siapa tapi merasa prihatin saja sebagai sesama anak bangsa,neutral,0.34
semakin kita meremehkan lawannya besar kemungkinan akan kecewa dengan hasilnya,neutral,0.39
bodoh anjing,angry,0.91
kesal banget hari ini dan kepikiran terus di rumah sama teman kantor,angry,0.9
dit saya bodoh ranking jadi menurut kamu apa saya paham arti md itu sendiri selain mercedes benz,angry,0.9
iya tetapi tidak enak badanku keseringan pp nih lagi menunggu sih teteh buat mengerok maklum remaja jompo,sad,0.54
bangsat lucu lagian siapa yang pipis kayak begitu,happy,0.17
dimaklum saja memang brutal,neutral,0.4
marah banget karena pekerjaan berantakan serius sendiri,angry,0.89
kenapa gue benci banget ptm di saat kayak begini karena adik sudah mulai ptm dan dapat kabar teman sekolah nya pada sakit massal banyak yang sakit tak tau apakah memang sih word orang not yang jelas adik gue juga tiba sakit dan ya gue berasumsi awalnya dari sekolahnya,angry,0.85
hari ini produktif dan suasana hati bagus dari tadi kepikiran bareng teman sama dia,happy,0.19
lucu benar daripada bilang semangat ajak liburan yuk,happy,0.0
mending kamu baca direct message saya biar saya pagi tidak emosi,angry,0.86
senyum sendiri pas ingat kejadian tadi dari tadi kepikiran pas perjalanan,happy,0.15
aku benci isi kepala ku isi hatiku dan semua,angry,0.91
justru dibuat biar ingat kalau sakit itu tidak enak kan harus jaga kesehatan jadinya,neutral,0.24
tidak mau es krim mau balas dendam sama om jev anjing maaf kak emosi jiwa tidak apa apa lagi om jevan shibal,angry,0.91
akhirnya lolos interview kerja sih sama keluarga,happy,0.14
tak tau gue benci banget,angry,0.94
pakai pura kaget segala sok iya,angry,0.98
masih susah pindah on dari kejadian itu agak random sih pas perjalanan sendiri,sad,0.67
saya sudah bersahabat lama sama sepi sebelum kamu ada tapi sekarang sunyi yang atas apa apa tanpa kamu saya belum mengakrabinya lagi,sad,0.74
hanya orang bodoh yang mati demi cinta aku akan bertahan hidup untuk cinta ryo saeba city hunter,neutral,0.26
rasanya kosong saja hari ini tadi pagi sama keluarga,sad,0.78
soalnya tidak sesusah tapi sama p kok benaran bacaannya juga pendek tapi ya begitu berbobot banget buat otak pas masuk tenaga kerja asing sumpah panas banget ac tidak kerasa sama sekali mana sunyi cuma ada suara kendaraan dari luar bunyi klik tikus sama bunyi kresek sarung tangan kebelet pipis,neutral,0.3
berarti wa nya sepi lucu lucu lucu lucu lucu ngkak,happy,0.16
sedih sih tapi ya mau bagaimana lagi bukan kita tokoh utamanya,sad,0.6
butuh season pokoknyaa khusus yang kkakkung couple harus ada soalnya sedih momennya cuma sedikit dan sebentar banget dan semoga yesung oppa cepat cepat dapat pasangan di real life nya sudah waktunya menikah oppa kami menunggu undangannya,sad,0.7
kenapa sih harus bikin masalah terus padahal sudah coba santai sama dia,angry,0.79
buat pelajaran besok takut annoying atau bagaimana lucu,anxious,0.82
akhirnya tugas selesai juga lega banget tapi ya sudahlah di rumah,happy,0.14
happy birthday vale bahagia selalu ya,happy,0.12
lelah sama keadaan sekarang dari tadi kepikiran di kantor sama keluarga,sad,0.8
biasa didamel teh demi menafkahi diri sendiri,neutral,0.33
jangan buat gue spill kamu di rl ya anjir gue sudah sabar sudah hps twit sudah ganti nama pengguna tapi kamu kayaknya memang mencari ribut sama gue ya cewek bangsat,angry,0.94
orang itu bikin emosi banget serius,angry,0.71
baru saja mengirim video nagari durian tinggi kapur ix,neutral,0.4
mau menonton biar tidak sedih karena di ghosting,sad,0.69
menurut penelitian wanita berusia relatif lebih panjang karena lebih expresif mengutarakan emosi,neutral,0.37
senyum sendiri pas ingat kejadian tadi padahal sudah coba santai,happy,0.26
orang itu bikin emosi banget lucu di kampus sama keluarga,angry,0.91
kepikiran banyak hal sampai susah tidur tapi ya sudahlah tadi pagi sama teman kantor,anxious,0.78
kalian kadang bingung tidak sih kalau diajak keluar outfitnya pakai apa padahal ya yang mengajak teman biasa,neutral,0.33
sabar ya orang kecil kayak kita adalah sudah biasa ditinggal,neutral,0.3
ada untungnya juga semalam matlis tidak kecewa karena tidak nonton mu lucu,happy,0.03
akhir minggu ini seru banget banget sama teman kantor,happy,0.1
punten mama rossa benaran melupakan al andin baby saja al bukan anaknya mama rossa ya sampai ketika mama rossa bahagia saja ditinggalkan al,neutral,0.38
merasa sendirian akhir akhir ini bareng teman sendiri,sad,0.56
terima kasih ya sudah bikin hariku lebih baik tadi pagi sama teman kantor,happy,0.12
takut nih,anxious,0.9
takut takut handphonenya terinjak,anxious,0.86
aku cuma ingin istirahat sebentar banget asli bareng teman sama keluarga,sad,0.67
sedih tetapi tetap happy kiyowo soalnya baekhyun is there,happy,0.06
kalau tidak kaget ya heran cukup di situ saja,neutral,0.29
rasanya kosong saja hari ini banget di kampus sama keluarga,sad,0.77
kehilangan semangat buat kenapa apa padahal sudah coba santai di rumah,sad,0.77
manusia bodoh sama anak kecil saja begitu kalau tidak suka ya sudah tinggal skip jangan racist begitu aduh setan setan itu yang komentar pasti lebih seram dari setan,angry,0.87
tidak paham gue memang harus banget begitu gvk kamu laporan kalau punya pacar ke saja justru itu waktu yang tepat buat ngenalin kalau te itu pacar kamu goblok bagaimana te tidak kecewa saya juga akan marah kalau jadi te ini lagi sih saja suka sama kamu aduh,angry,0.95
aduh bego banget sudah,angry,0.91
yang bisa wfh adalah enak bang sarkem mana bisa cacat nih kantor gue,angry,0.94
sedih karena mati ditinggal sayang,sad,0.67
aku adalah seseorang yang bodoh dalam hal menyerah naruto uzumaki,sad,0.53
wts rupiah receh f ke acc verifikasi all dapat email pas masuk hati mt non moots boleh tes enak dibuat unfollow go green dapat wa ba verifikasi mastip maret,neutral,0.37
kaget lah kak masih pagi,anxious,0.85
gm bentar lagi setahun tetapi sampai sekarang tidak ada kabar,neutral,0.25
iya kakak nih kucing oyen saya galak banget betina pada takut,anxious,0.83
memang tidak biasa nih pelet sakti amat sudah,neutral,0.23
menjadikan seseorang sebagai rumah kedua setelah rumah pertamamu gagal menjadi tempat ternyaman untukmu pulang adalah kesalahan terbesar karena seseorang yang kamu jadikan rumah keduamu itu bisa pergi kapan saja tanpa kamu tau,neutral,0.22
sih indy malu sampai ke ubun ubun,anxious,0.74
akhir akhir ini cemas terus banget pas perjalanan sama dia,anxious,0.79
modal semangat tok,neutral,0.39
ngaruhh banget dulu pas kelas suka mata pelajaran b ing eh gurune tidak enak banget menyebalkan juga jadi tidak suka b ing sama tidak masuk materinya terus pas guru itu digantiin sama guru lain materinya bisa masuk terus seru juga,neutral,0.36
anxious banget sebelum meeting tadi lucu,anxious,0.78
processed food sana murah dan senang dapat fast food restaurant itu bersepah dan murah,neutral,0.37
lagi ramai kalau suami boleh pukul istri ya kalau pukul bercanda tidak bikin lebam aku sih biasa saja tetapi aku tipe orang yang tidak suka disakiti jadi kalau aku dipukul kupukul balik soalnya saya semasa hidup tidak pernah pukul aku marah saja tidak pernah karena aku anak satu nya,angry,0.89
dikepung dikejar ditangkapi ditakut takut i,anxious,0.75
ingin poca date sama moots tapi takut awkward,anxious,0.86
pas sama tidak pernah bawa uang saku karena sekolahan dekat banget dari rumah bisa jalan kadang malas banget kalau kerkom jauh jauh banget karena pulangnya suka malam dan kalau bayar ojek online jadi mahal mending aku kerjain sendiri bikin sakit hati,angry,0.86
anxious banget sebelum meeting tadi dan kepikiran terus bareng teman sendiri,anxious,0.73
benalu negeri bebas mencaci karena ke keadilan sudah mati ujar benci dan mencaci itu lah alat pekerjaan mereka fitnah ulama dan provokasi adalah pekerjaan sehari hari memecah belah anak negeri demi uang untuk nafkah haram anak nya dan istri,neutral,0.35
tempel stiker di kaca belakang mobil boleh saja asal jangan penuh,neutral,0.23
takut gagal di presentasi besok agak random sih di kantor sama teman kantor,anxious,0.7
apapun asal tidak makan harapan palsu dan ketidakpastian makji by the way di sini hujan deres makan segar asyik sepertinya,happy,0.0
amanah yang bagus bismillah,neutral,0.25
takut kalau hasilnya jelek jujur saja di rumah sama dia,anxious,0.96
tadi baru gibah sih crush saya kan nah itu tiba orangnya muncul saya sengol lah kaki teman saya biar diam kalau tau kan bisa malu,anxious,0.85
jadi itu perumahan tempat tinggalku sering banget ada pengamen atau kadang suka ada yang menawari barang begitu lah nah waktu itu di rumah cuma ada bapakku doang karena aku sama kakakku lagi ke kampus ibuku lagi ke warung sayur terus ada tukang mengamen kebetulan bapakku,neutral,0.27
iya sebagai lulusan fh malunya luar biasa dan sangat tidak tau diri menyedihkn,angry,0.9
lihat akhirnya saja,neutral,0.36
ya kan sedih amat,sad,0.66
sejak kapan masyarakat mau dilibatkan sesama anggota dewan perwakilan rakyat saja tidak boleh dan tidak mau dilibatkan oleh beliau apalagi cuma masyarakat apa sudah pikun mic dimatikan supaya orang lain tidak terlibat,neutral,0.24
rasanya sedih banget akhir akhir ini di rumah sendiri,sad,0.61
geram banget sama pelayanan tadi tapi ya sudahlah pas perjalanan sama dia,angry,0.67
untuk merasa bahagia bingung kecewa sedih atau marah adalah masalah keputusan bila anda memutuskan untuk merasa berbahagia maka bahagialah anda dengannya kebahagiaan anda adalah sebenarnya hasil dari ketepatan keputusan keputusan anda,neutral,0.28
kepikiran banyak hal sampai susah tidur hari ini di rumah sendiri,anxious,0.72
janani saja dahulu menyerah kemudian,neutral,0.39
kabar dari kamulah yang sslalu ku tunggu,neutral,0.21
wuihh luar biasa,happy,0.05
patrick wilson yang berperan sebagai astronot dan john bradley sebagai whistle blower patut diacungi jempol karena totalitas aktingnya tapi soal kualitas tentu saja akting halle berry yang menjadi juara berkat profesionalitas dan jam terbang yang lebih lama,neutral,0.36
cemas memikirkan masa depan banget asli pas perjalanan,anxious,0.89
subsidi murah kak ke tempatku biasa steril,neutral,0.38
orang itu bikin emosi banget banget waktu malam sendiri,angry,0.68
masih susah pindah on dari kejadian itu banget asli di kampus sama dia,sad,0.81
semangat pemulihanya sayankk,happy,0.17
sayang membuat semuanya baik saja,neutral,0.33
merasa sendirian akhir akhir ini padahal sudah coba santai bareng teman sama dia,sad,0.83
jangan terlalu banyak ingin tahu kurang ini ingin tahu cek belum adalah nanti takut jatuh cinta lagi awas nanti kamu cinta,anxious,0.8
bimbim lagi sedih bongan,sad,0.66
ketika kita suka sama suatu hal pasti itu akan jadi kekuatan kita karena ya ketika kita mengerjakan itu everything is flowing and we feel happy tapi kan kita lagi kena impostor sindrom lagi tidak pada banget sama diri kita bagaimana cara cari tau apa yang jadi kekuatan kita,neutral,0.38
hari ini berat banget dijalani sih di rumah sama dia,sad,0.6
emosi tidak akan membimbingmu pada suatu pemikiran atau tindakan positif oleh sebab itu kamu harus tenang teens paulina,neutral,0.2
rasanya gugup terus hari ini serius pas perjalanan sama dia,anxious,0.82
kasihan ceweknya pasti sedih banget dia ya kalau kamu punya pacar cowok juga jangan begitu anjir gue tau diindo itu susah ya menerima itu masih dan kadang gue saja yang suka masih menutupi tetapi jangan menyakiti orang lain demi buat menutupi kenyataan sama saja kamu selingkuh oi kasihan cowok sama ceweknya,angry,0.98
senyum sendiri pas ingat kejadian tadi tapi ya sudahlah di rumah sama dia,happy,0.06
kenapa sih saya malah unduh valorant lagi tolol,angry,0.99
demi keamanan data yang dimaksud mohon kesediaan bapak untuk mengirimkan pesan ke email mandiricare cowok id atau menghubungi layanan mandiri call agar dilakukan pengecekan lebih lanjut semoga sehat selalu tks fatma,neutral,0.39
ternyata gue belum jodoh juga sama kampus ini sedih sih tapi tidak sesedih pas gue gagal kemarin akhirnya gue cepat cepat pindah on sambil mencari kampus negeri yang masih buka pendaftaran,sad,0.62
aku buncit dan pacarku malah suka banget katanya menggemaskan dia suka cubit perutku kalau lagi motoran,happy,0.06
solusi gemuk sehat ya mr pro pesan pin bb di ab wa,neutral,0.39
hari ini berat banget dijalani banget sendiri,sad,0.74
kok saya senam senyum sendiri bacanya semangat ya,happy,0.13
akhirnya lolos interview kerja banget asli pas perjalanan sendiri,happy,0.17
akhirnya lolos interview kerja sih di kampus sendiri,happy,0.22
kehilangan semangat buat kenapa apa dari tadi kepikiran tadi pagi,sad,0.83
walah roomnya mau ada yang pakai ya kiraan kenapa tiba tiba end soalnya,neutral,0.23
sangat mengejutkan ya bun merangkap jadi apa saja,neutral,0.21
senang banget hari ini ketemu teman lama jujur saja di kantor sama dia,happy,0.21
pano anjing gue kaget,anxious,0.7
marah banget karena pekerjaan berantakan banget asli sama teman kantor,angry,0.81
kamu juga sehat dan bahagia selalu ya terima kasih kamu jadi much sudah baca,happy,0.02
gue tadi ngebatin kok stasiun sepi banget terus baru ingat hari ini hari sabtu dan orang kali kebanyakan tidak kerja,neutral,0.38
feelingku tidak enak memang sama ini lucu,anxious,0.82
men si tim saya yakin lolos tetapi masih nya kita saya agak ragu kalau md well we are the best at that,anxious,0.84
cristiano ronaldo kenapa sedih banget tampaknya kamu adikku elanga iya bang mau bagaimana lagi tidak sedih lah orang abang kesayanganku sih bang anthony martial pergi cristiano ronaldo stres,sad,0.75
sering banget pembaruan sw pas habis pinjam duit eh aku kira kontaknya sudah terhapus anjing foya foya sambil mengumpet tidak enak tau bangsat,angry,0.86
bisa dong ya jangan bikin emosi dulu pagi pagi,angry,0.89
akhirnya tugas selesai juga lega banget pas perjalanan sama keluarga,happy,0.23
halo dearest sender ayo sini sama kak vin kita mengobrol kak vin dengarkan keluh kesah kamu sekalian kasih saran jangan takut untuk mengeluarkan semua keresahan dan isi hati kamu ya tentunya tidak judgemental kok kalau kamu tertarik boleh langsung hubungi,neutral,0.26
kepikiran banyak hal sampai susah tidur dan kepikiran terus di rumah sama teman kantor,anxious,0.76
terima kasih ya sudah bikin hariku lebih baik banget sama teman kantor,happy,0.14
rasanya gugup terus hari ini lucu sama teman kantor,anxious,0.87
dari luar aku kelihatan baik baik saja tapi pikiran ku kusut sekali rasa bersalah overthingking terus,neutral,0.4
geram banget sama pelayanan tadi di kantor,angry,0.72
manusia suka banget sama angka salah tidak menurutmu,neutral,0.3
hidupnya dari bangun tidur sampai tidur kembali diatur oleh sang ibu yang percaya apa yang dilakukannya adalah untuk kebaikan samidare tumbuh besar menjadi kurang berekspresi namun untuk menyalurkan idenya dia memiliki hobi membuat puisi setidaknya ada yang membuatnya bahagia,neutral,0.24
sudah sabar tapi masih dibohongi banget sendiri,angry,0.85
saya merasa bahagia karena pelaku usaha mkm di sana mendapat penuh dukungan,happy,0.13
tidak semua bule sih selama mereka kenal sama lokal indonesia pasti sama sama langit di pijak bumi di junjung jdinget sih boting sama iyev apa kabar ya,neutral,0.38
lelah sama keadaan sekarang serius di kampus sama teman kantor,sad,0.62
jibe kajjaa benaran sekacau itu dan bikin mewek sedih bangwt,sad,0.6
anxious banget sebelum meeting tadi serius pas perjalanan sama keluarga,anxious,0.96
cemas memikirkan masa depan tapi ya sudahlah pas perjalanan sama dia,anxious,0.85
lelah sama keadaan sekarang sumpah waktu malam sendiri,sad,0.72
marah banget karena pekerjaan berantakan hari ini waktu malam sendiri,angry,0.71
hanya saja dalam madzhab syafii i demi ke hati hatian kalau menyentuh anjing perlu dibasuh kali yang salasatunya dengan debu alasannya jelas karena anjing biasa menjilata tubuhnya jadi dikhawatirkan terkena liurnya lah kalau babi tidak ada ayat atau hadis tentang itu,neutral,0.32
kecewa banget sama hasilnya dan kepikiran terus pas perjalanan,sad,0.78
ya sedikit tetapi biasa sih,neutral,0.24
bukan cakap yang feminim tetapi kayak nih cewek seems like she memakai rules of her life ya semua orang begitu kali ya tapi smth different she looks like an independent fierce woman tapi tidak bikin takut kelihatan friendly jijik sok tau banget,neutral,0.38
isin tidak kisen artinya kalau kamu malu maka perutmu tidak akan terisi jadi dalam melakukan suatu pekerjaan yang halal jangan malu malu karena malu akan menghambat rejekimu sekian terima kasih,neutral,0.37
hai hai ikut po md photopack di mirfa yuk dom tangerang bookslot cuma ke bisa dicicil santai,happy,0.16
harap demam biasa takut copid,anxious,0.82
liatliat twit jangan kaget jangan anggap alay namanya juga bot jangan menyesal sudah baca nanti saya kasih panserpis kok botbot,angry,0.95
deg degan menunggu hasil pengumuman banget asli waktu malam sama dia,anxious,0.92
tolol namanya adik tidak harus anak kecil adik ya yang posisi lahirnya setelah kakak mau jecil atau gede tidak ada urusan dongok,angry,0.91
masih susah pindah on dari kejadian itu jujur saja bareng teman sama dia,sad,0.69
hai apa kabar jangan lupa sarapan ya minum air putih banyak banyak jaga kesehatan ya kalau keluar rumah jangan lupa pakai masker cuci tangan dan jangan lupa jaga jarak have a nice day semangat untuk hari ini,happy,0.19
takut tergoda membeli pc lain,anxious,0.89
merasa sendirian akhir akhir ini serius waktu malam sama teman kantor,sad,0.64
sudah sabar tapi masih dibohongi tadi pagi sama dia,angry,0.71
i know that some ppl disappointed dengan his official appearance kalau saya sih tidak kecewa sama sekali soalnya pretty ayato is justice,neutral,0.25
saya yang ngejalanin adalah biasa saja cuma kadang kasihan keluarga saja takut mereka malu,anxious,0.74
good tetap semangat bilang,happy,0.14
kesal banget sama orang yang tidak tepat waktu jujur saja di kantor,angry,0.94
ini enak semriwing,happy,0.05
tidak tau mau sedih apa senang,neutral,0.24
dapat kabar baik dari keluarga tadi pagi dan kepikiran terus tadi pagi,happy,0.15
deg degan menunggu hasil pengumuman tapi ya sudahlah bareng teman sama teman kantor,anxious,0.71
marah banget karena pekerjaan berantakan lucu di kantor,angry,0.85
cemas memikirkan masa depan banget asli bareng teman sendiri,anxious,0.97
jika tidak dapat menggembirakan kedua ibu bapamu jangan menjadikan hati mereka sedih ke ranah sikapmu selamat pagi semua,neutral,0.26
mental terbiasa instan harus dihilangkan dalam semua hal sukses butuh proses dan tentunya harus dibarengi progress trofi hanya bonus salam proses membangun tim yang solid kecewa dengan kekalahan dan kegagalan itu wajar tetapi itu adalah jalan yang harus dilalui badai pasti berlalu,neutral,0.35
oh sayang kenapa tidak beritahu aku kalau kamu kesini sapaan ramah untuk menyembunyikan rasa kagetnya itu mungkin tidak akan mempan untuk membuat lee dan tidak marah bila dilihat dari raut wajahnya itu jelas lee dan siap menyemprot sejoon dalam berbagai cara,neutral,0.23
akhir akhir ini cemas terus banget asli sama keluarga,anxious,0.77
setuju padal aku termasuk orang yang ingin tahu banget sama ayato pas tahu ayato ke leaks lebih dahulu jadi kayak kecewa dan tidak excited lagi sama ayato mending drip marketingnya dari mihoyo langsung,sad,0.7
saya selalu berlemah lembut begini di bilang suka marah marah tidak mengerti lagi deh saya sama kamu,neutral,0.28
tolol banget ini adalah mana lagi yang sudah lihat,angry,0.96
untuk yang mau pesan kerudung silakan ke,neutral,0.23
belum sarapan sih ini lagi hujan indomie soto plus telur enak kali ya,neutral,0.36
saya bohong drmana saya kan sudah mengakui saya pemuja fall guys dari kemarin saya bukan panteis kamu lupa dasar tua bangka najis sudah mabuk agama banci tidak bisa ngacenk pikun pula jelaskan deh letak bohong saya dimana palingan nanti memaki saya cewek bego lagi sok disgusting,angry,0.95
hai nottie semangat ya hari ini jangan lupa sarapan yaapy akhir pekan paw,happy,0.2
akhirnya setelah beberapa pertimbangan saya tidak deactivate tetapi saya logout dari apps untuk akun alter saya ini ya karena saya masih belum bisa lepas saja sih tahun kemarin saya rasa saya sudah cukup puas bermain di sini berarti direct message saya masih terbuka walaupun tidak tau kapan bakal balas dmnya,neutral,0.35
good pagi saya masih avail tapi regular only if kamu don t mind kebetulan side faceclaim saya mark lee saya orangnya easy pergi dan flexible suka banget diajak mengobrol santai saya juga perhatian dan budak cinta banget sama pacar titip carrd saya ya boleh dibaca baca dulu,neutral,0.35
semalam mimpi orang yang sudah lama tidak kontakan tiba tiba mengirim pesan tapi pas bangun nge cek ternyata tidak ada notifikasi apa apa itu sedih banget,sad,0.76
makan favorit hari ini bikin bahagia banget bareng teman sendiri,happy,0.3
mendekap sepi di sudut sunyi menyimpul tali mengikat dikasih menggapai rindu tercabik pilu hatiku selalu terukir namamu ilu,sad,0.73
capitano rela dipotong gaji untuk bertahan tapi milannya keterlaluan menawari angka gaji barunya memang suka banget manajemen sekarang lepas pemain jadi free,neutral,0.28
malam ini kepikiran terus jadi sedih jujur saja tadi pagi sama teman kantor,sad,0.69
kalau bohong aku mau marah pokoknya,angry,0.96
tolol kamu,angry,0.96
deg degan menunggu hasil pengumuman jujur saja sama keluarga,anxious,0.75
hari ini produktif dan suasana hati bagus serius di kantor sendiri,happy,0.1
apa a kecewa bro santai santai iya jangan marah marah jangan cari pulakaku sayang hg,neutral,0.36
anxious banget sebelum meeting tadi banget asli di kampus sendiri,anxious,0.72
congratss nderr mau banget dong nderr sedih banget sudah senang keterima ternyata penipuan perusahaan gede lagi mau menangis,sad,0.55
kok pada berani ya sama stranger apa tidak takut h word tetap aman sex ya nder,anxious,0.78
bingung dan takut ambil keputusan tadi pagi sama dia,anxious,0.82
kecewa banget sama hasilnya hari ini waktu malam sama teman kantor,sad,0.71
ya makanya aneh banget bukan perkara saya punya anak atau tidak saya nih memang anti banget sama kekerasan dan dia beranggapan bahwa normal untuk bentak mencubit anak,neutral,0.33
bingung dan takut ambil keputusan hari ini tadi pagi sama keluarga,anxious,0.89
rasanya kosong saja hari ini hari ini di kantor sama dia,sad,0.57
malam ini kepikiran terus jadi sedih padahal sudah coba santai di kantor sama teman kantor,sad,0.74
semangat fa,happy,0.08
klarifikasi di instagram nya mas katanya ke resto sebelum tau kalau positif itu lagi menunggu hasil padahal kan bisa menunggu di mobil terus kalau mau makan ya tinggal drive thru saya menunggu hasil pacar saja tidak kemana takut kalau hasilnya positif bakal nularin lah dia malah santai saja anjir,anxious,0.76
ako malu sekali,anxious,0.87
baru bangun langsung di sapa kabar baik alhamdulillah i memilih for for at the,neutral,0.37
semangat bestie aku kerja dulu ya nanti sambung lagi,happy,0.14
semangat di pagi hari,happy,0.05
saya tim yang kalau dikasih coklat itu coklat saya kasih lagi ke orang lain karena saya tidak suka coklat,neutral,0.33
akhir akhir ini cemas terus dan kepikiran terus di rumah sama keluarga,anxious,0.84
malu sama oke sendiri ingin sih sepertinya juga lebih santuy daripada fandom police tapi tidak kesampaian sedih,sad,0.56
rasanya sedih banget akhir akhir ini dari tadi kepikiran sama teman kantor,sad,0.74
dan akhirnya kita berdamai sadar tidak bisa bersama dan tidak bisa mengulang kejadian yang sama pada waktu itu sedih sih sebenarnya tapi kalau tidak begitu nanti guanya yang hancur lagi lucu h,sad,0.76
gajian saja belum sudah ada yang berbicara nanti kalau gajian pinjam uang ya sedih seperti ini euy,sad,0.62
alhamdulillah yallah pagia dapat kabar baik rest well jimin,happy,0.11
santai dulu di kamar,neutral,0.34
aduh kalau solo ssr begini suka takut,anxious,0.82
hurmm macam komputer riba apa yang jadi telah pun terjadi maka kita kenali diri dan berlapang dada nikmati hidup dengan kasih sayang kompen bahagia,neutral,0.34
kesal banget sama orang yang tidak tepat waktu dari tadi kepikiran di kantor,angry,0.72
dengan berlindung merasa punya hak imunitas dewan perwakilan rakyat ih bodoh amat saya tidak pilih dia sebagai perwakilan rakyat sok orang sunda diam saja santet saja dari jarak jauh sih orang partai demokrasi indonesia p itu nanti melonjak dan besar kepala nya sih anjing,angry,0.93
sebelum dewasa sudah sendirian kemana mana tidak ada yang bisa diajak menemani soalnya sampai akhirnya sekarang kalau mau meminta temani tidak enak takut ganggu akhirnya sendiri lagi my sad life,sad,0.61
gue masih kaget serius,anxious,0.9
pepatah mengatakan bahwa orang bodoh lebih berbahaya daripada penyakit menular,neutral,0.38
semangat buat hari ini ya kamu deserve tapi be happy anw jangan lupa sarapan ayaa,happy,0.12
aku dari minggu lalu ingin ke pantai and tempat yang dingin dingin begitu kayak bukit tapi tidak kesampaian,sad,0.65
tidak tau tidak ada kabar,neutral,0.3
berani untuk tidak nyuru jokowi turun dari mobil atau datang kesuatu tempat agar tidak terjadi kerumunan saja mereka tidak mampu padahal lebih mudah cuma satu orang yang dilarang,neutral,0.32
kabar gembira untuk kita semua kulit manggis kini ada ekstraknya mastin hadir dan rawat tubuh kita jadikan hari ini hari mastin tampil bersinar membuatku bahagia badan sehat rahasia mastin herbal rahasia alam dari indonesia penuh pesona pesona mastin mastiinn good,happy,0.14
who tahu mungkin di negara mereka mereka tidak bisa dapat impress sebanyak itu tetapi begitu ke indonesia mereka bisa jadi lebih terkenal dihargai jangan pakai kata dimanfaatkan mungkin bisa di bilang nanti mereka berbicara begini saya suka banget di indonesia mereka baik,neutral,0.34
orang itu bikin emosi banget dari tadi kepikiran sama keluarga,angry,0.74
kecewa banget sama hasilnya banget asli di rumah sendiri,sad,0.57
enak banget jadi orang serba bisa,happy,0.09
bingung dan takut ambil keputusan tapi ya sudahlah,anxious,0.89
masih susah pindah on dari kejadian itu padahal sudah coba santai waktu malam sama teman kantor,sad,0.75
itu normal attack set is for hima maksudnya dia bisa memakai arte yang bonusnya nya buat dps kayaknya macam gladi hod begitu,neutral,0.37
lelah sama keadaan sekarang agak random sih waktu malam sama teman kantor,sad,0.78
masih susah pindah on dari kejadian itu banget asli bareng teman,sad,0.73
selamat pagii semangat kegiatan hari ini havee a nicee dayy,happy,0.14
orang yang suka berkata jujur mendapatkan tiga hal kepercayaan cinta dan rasa hormat,neutral,0.23
terima kasih ya sudah bikin hariku lebih baik banget asli waktu malam,happy,0.05
yang biasa terus dikasih bonus yang alpha gara ngehold yang biasa,neutral,0.2
takut banget,anxious,0.79
hotel di ring malioboro akan teriak dan saya jadi penonton saja,neutral,0.26
cukup ke spook di banner weapon sekali saja hiks tapi paling nanti coba kali pull di engulf,neutral,0.25
lucu wakw ada kambing yang marah,happy,0.1
dugaan loni takdok ore kijo mari kijo sari pasti tkse sudah banyak doh ore kijo hk mari tetapi tak lekat allahu sedih nya gano natural killer tinggal sama nanti itu sebab sapa loni tak lagi kijo mana mana sobs,sad,0.56
takut gagal di presentasi besok agak random sih pas perjalanan,anxious,0.78
aku sudah sabar ya tidak marah marah atau kata memaki jangan ngelunjak,angry,0.93
akhir minggu ini seru banget padahal sudah coba santai di rumah,happy,0.29
random facts cinta mati matematika wajib minat kalau kimia cuma suka saja senang bikin nama panggilan aneh buat teman dekat mudah mules teman saya banyak yang sesat karena saya tetapi mau jadi anime,neutral,0.34
itu dibase mencari mutual terus bilangnya aku suka foto tidak jelas tapi yang di post jelas banget makanya mau tertawa lucu,happy,0.14
senang banget hari ini ketemu teman lama banget asli pas perjalanan sama keluarga,happy,0.21
kehilangan semangat buat kenapa apa agak random sih waktu malam,sad,0.64
rasanya gugup terus hari ini tapi ya sudahlah pas perjalanan sama keluarga,anxious,0.73
seru bangsat sih,happy,0.03
habis lihat cinta laura diwawancarai selama beliau berbicara saya ngangguk ngangguk saja soalnya merasa relate cuma motivasinya saja yang kalah gede saya suka malas hem saya merasa kebahagiaan saya datang bukan karena saya sendiri tapi ketika saya membantu atau memberi dampak,neutral,0.32
belum coba keduanya sih by the way ada gaksih yang pakai serum vit sih bukannya tambah cerah malah hiperpigmentasi alias tambah gelap mukanya,neutral,0.23
semangat yang mau interview,happy,0.11
kesal banget sama orang yang tidak tepat waktu tadi pagi sama dia,angry,0.82
kamu yang menganggap poligami adalah solusi dari perzinaan oh iya dan tidak semua laki mau poligami juga poligami tidak gampang banyak orang yang benci poligami karena manusia kayak kamu ingat ya tanggung jawab poligami itu berat,angry,0.98
silibus kita memang kbat gila babi bodoh yang buat silibus nih learning should be fun,angry,0.88
tidak suka panggilan yang sayang atau sayang tapi kalau kamu yang memanggil kok aku diam,neutral,0.3
aku masih pakai se kamu adalah ah sudahlah aku malu,anxious,0.8
semangat pagi jangan lupa sarapan,happy,0.09
bubur tidak enak,neutral,0.36
ketika kamu merasa sepi mengapa kamu menghampiri ku dan bersandiwara,neutral,0.39
terima kasih ya sudah bikin hariku lebih baik banget di kantor sendiri,happy,0.12
selamat pagi,neutral,0.3
hari ini berat banget dijalani sih tadi pagi,sad,0.79
aowkaowkaowkoakw semangat ayy,happy,0.12
akhirnya tugas selesai juga lega banget dan kepikiran terus pas perjalanan sendiri,happy,0.19
alhamdulillah pagi pagi sudah dapat kabar baik,happy,0.07
semangat diah yuk bisa yuk buat hari ini bismillah,happy,0.1
benci banget sama kumpulan ibu ibu,angry,0.92
ingin mencari trophy tapi malas battle bot kami menyediakan fitur auto cari tahun di luar tahun snipping yang dengan mudah bisa memenangkan banyak trophy dengan pasukan sedikit minat cek bio pesan sekarang,neutral,0.39
selamat pagi kakak ku tetap semangat dan ceria kita ya kak,happy,0.18
serius takut salah info,anxious,0.85
rasanya sedih banget akhir akhir ini padahal sudah coba santai bareng teman sama teman kantor,sad,0.66
kalian pernah mimpiin seseorang yang random dan lagi tidak memikirkan orang itu mimpinya absurd dan kerasa nyata kayak kalau mimpiin orang lain itu aneh saja padahal sebelum tidur biasanya sudah prepare diri doa dan lain lain dan kesal juga apalagi pas tidur kebangun gara kaget ada suara bising,angry,0.99
dinilai menyindir video tiktok maia estianty panen kritik,neutral,0.4
cemas memikirkan masa depan hari ini waktu malam sama dia,anxious,0.71
dan kamu jadikanku ratu dikerajaan cintamu agar akupun bahagia hidup bersama denganmu selamanyaa a,happy,0.19
tapi tetap tidak membenarkan kalau sampai harus kasarin pasangan se marah apapun mentok banting barang saja tidak sampai menyentuh fisik,neutral,0.39
kan sudah biasa juga kita kayak begini tidak usah serius kali,neutral,0.39
jarina hasebe hobi ngomel dan marah marah,angry,0.94
lelah sama keadaan sekarang lucu di rumah,sad,0.69
rasanya sedih banget akhir akhir ini dari tadi kepikiran waktu malam sama dia,sad,0.72
bahagia banget,happy,0.02
akhir minggu ini seru banget hari ini di rumah sama dia,happy,0.07
iya ih sedih banget baru cek ternyata tidak bisa,sad,0.55
tidak membahayakan bagaimana bagaimana dengan foto udaranya jangan dinilai dari satu segi saja ini pendapat saya yang bodoh,neutral,0.22
marah banget karena pekerjaan berantakan sih bareng teman sama keluarga,angry,0.8
alhamdulillah dapat kabar baik untuk hari ini happy banget semoga cepat sembuh total baby mochi,happy,0.06
takut kalau hasilnya jelek sumpah waktu malam sama dia,anxious,0.79
daripada kecewa mending kecewe,neutral,0.39
senang banget hari ini ketemu teman lama jujur saja bareng teman sendiri,happy,0.23
masih susah pindah on dari kejadian itu padahal sudah coba santai bareng teman sendiri,sad,0.6
rasanya sedih banget akhir akhir ini padahal sudah coba santai waktu malam sendiri,sad,0.6
kehilangan semangat buat kenapa apa padahal sudah coba santai tadi pagi sama dia,sad,0.57
dia bikin thread nanti dia yang malu sendiri pasti karena bukan tanggung jawab seller kalau sudah dilogin,neutral,0.29
khawatir sama kondisi sekarang banget waktu malam,anxious,0.83
sebelum situng diralat sedih tegang,anxious,0.82
sedih karena dibilang tolol sama sayang,sad,0.7
kepikiran banyak hal sampai susah tidur sumpah bareng teman sendiri,anxious,0.96
jika kamu melihat matahari saja tidak sanggup apalagi melihat sang pecipta,neutral,0.26
geram banget sama pelayanan tadi padahal sudah coba santai di kantor sama dia,angry,0.82
tengok orang lain bahagia sangat ini relationship jadi ingin,happy,0.17
untuk comeback kemarin dan adanya hiatus hiatus untuk mempersiapkan hati lockey biar tidak luka iya tidak ada luka tapi sakitnya tetap ada terima kasih buat member yang lain telah melewati ini pasti mereka sedih dan sakit juga sudah sampi di sini saja aku mau lanjut menangis,sad,0.76
emosi lihat komentar orang tadi dari tadi kepikiran di kampus sendiri,angry,0.76
facebook tidak enak banget,angry,0.98
anxious banget sebelum meeting tadi banget bareng teman sama teman kantor,anxious,0.86
masih susah pindah on dari kejadian itu padahal sudah coba santai pas perjalanan sama teman kantor,sad,0.56
aku cuma ingin istirahat sebentar serius sama dia,sad,0.63
malas banget masih pagi sudah ada saja yang bikin gondok aduh emosi,angry,0.9
marah banget karena pekerjaan berantakan banget asli,angry,0.84
akan menyelesaikan masalah kita dan kita tidak perlu takut lagi kepada dos kelapan fasa klinikal dos kesembilan akan mengesahkan bahwa antibodi akan stabil selepas dos kesepuluh dos kesebelas akan menjamin bahwa mutasi baru tidak akan terhasil dan tiada sebab untuk kita,neutral,0.35
kalau habis sakit lalu sebats sudah berasa enak lagi itu tanda kalau sudah sembuh,neutral,0.37
hari ini berat banget dijalani dari tadi kepikiran pas perjalanan sendiri,sad,0.73
akhir akhir ini cemas terus hari ini di rumah sama teman kantor,anxious,0.97
pas lewat juga kaget banget begini banget deh warganet indonesia sempat record saking kagetnya beda banget sama komen orang luar orang tua nya kalau lihat terus ditranslate pasti sedih banget,sad,0.55
sender tolol bikin emosi saja pagi begini,angry,0.87
makan favorit hari ini bikin bahagia lucu,happy,0.12
terkadang rasa kecewa yang mendalam itu disebabkan oleh harapan kita yang terlalu tinggi terhadap sesuatu,sad,0.6
suka ada kok yang jual set baru semalam juga ada di go ke dapat set malah biasanya ada yang jual di bawah itu juga kalau cuma melet doang ke saja sudah overprice apalagi ke mending sabar dulu kak walau ada uangnya tapi jangan kasih buat seller tidak waras,neutral,0.31
rasanya ingin marah terus agak random sih pas perjalanan,angry,0.69
apa kabar,neutral,0.36
sudah sabar tapi masih dibohongi serius pas perjalanan sama teman kantor,angry,0.83
takut mau nge up nya,anxious,0.83
aku cuma ingin istirahat sebentar sih di kampus sendiri,sad,0.64
sumpah anjrit mengerjakan revisian itu kenapa berat banget sih malas nya ituloh kayak paling beraat banget suka heran sama diri sendiri,angry,0.92
pagi pagi sudah dibuat emosi saja sama skuad ferrari,angry,1.0
marah banget karena pekerjaan berantakan lucu pas perjalanan,angry,0.86
hari ini berat banget dijalani sih pas perjalanan sama dia,sad,0.78
semoga lancar lancar saja lanjut pekerjaan yang kemarin,neutral,0.27
deg degan menunggu hasil pengumuman tapi ya sudahlah sama keluarga,anxious,0.92
orang tuanya oh begini toh kelakuan anakku yang sebenarnya sambil muka emosi ala sinetron yang berbicara dalam hati,angry,0.86
takut banget ada star sindrom,anxious,0.87
kirim foto yang biasa ada tulisan top up berhasil sih,neutral,0.24
akhirnya tugas selesai juga lega banget jujur saja tadi pagi sendiri,happy,0.19
tidak kok biasa saja kalah menang itu biasa yang penting sudah pernah menang,neutral,0.23
semangat kak sudah terima chat wa dari kemenkes belum di sana ada petunjuk konsultasi gratis online dan tebus obat,happy,0.18
rasanya gugup terus hari ini tapi ya sudahlah di kantor sama keluarga,anxious,0.91
akhirnya lolos interview kerja hari ini waktu malam sama dia,happy,0.19
bagaimana yang aku rasa tak jauh beda denganmu intinya kita merasakan sama sama sama menderita sama sama bahagia semua bersama,happy,0.07
mau marah banget kenapa orang orang jahat banget sih,angry,0.96
orang itu bikin emosi banget hari ini tadi pagi sendiri,angry,0.79
ada yang pernah suka sama teman sendiri yang sudah dekat banget tidak terus kalian mendem saja jangan confess atau bagaimana,neutral,0.34
bukan lockey tapi sedih banget denise hengkang dari secret number menurut saya denise dan monday vokal terbaik di gen sih menurut saya ya jangan salty ditambah lagi mereka dari company kecil,sad,0.67
dengan et energi tani semoga petani bisa membumikan semangat bertani erick thohir,neutral,0.36
akhir minggu ini seru banget serius tadi pagi sama dia,happy,0.06
rasanya sedih banget akhir akhir ini agak random sih di kampus sama keluarga,sad,0.56
semangat kalau papa yang pimpin senam,happy,0.11
biasa saja,neutral,0.36
akhir minggu ini seru banget agak random sih di rumah sendiri,happy,0.23
tidak malu apa,neutral,0.21
jiminku sembuh semoga dia secepatnya bisa beraktivitas seperti biasa,happy,0.18
kok sepi lagi yanc,sad,0.61
akhir akhir ini cemas terus banget di rumah sendiri,anxious,0.8
orang itu bikin emosi banget serius di kampus sama teman kantor,angry,0.91
gue benci sama orang yang hidupnya kayak mp banyak lagunya,angry,0.95
takut bohongan ya,neutral,0.21
di rl sering banget menemukan model cowok begini budak cinta sama istrinya pamer ke mesraan di media sosial jadi sudah biasa lihat cowok model begini tau punya simpenan dan suka check ini sama cewek lain makanya sampai sekarang susah banget percaya sama namanya laki laki apa masih ada cowok yang tulus dan setia,angry,0.94
marah aku,angry,0.87
bangun tidur lihat fan mu pada marah marah taunya aduh,angry,0.88
hari ini berat banget dijalani sih waktu malam,sad,0.64
aku macan marah,angry,0.85
kakak senang banget baru bangun sudah dapat kabar baik,happy,0.0
tidak malu,neutral,0.22
sedih bestie habis mandi tidak disuruh pakai baju sama,sad,0.53
di tempatku gerimis kalau di pipimu tangis,sad,0.79
kesal banget sama orang yang tidak tepat waktu banget pas perjalanan sama dia,angry,0.85
rasanya ingin marah terus banget asli waktu malam sendiri,angry,0.89
kesal banget anjir pagi sudah ribet kamu bangsat,angry,0.85
masih pagii tahan jangan emosi,angry,0.86
saya kecil kenyang banget dipukul ibu gue tapi sekarang saya bercandaannya suka memanggil memanggil dia memakai namanya doang habit keluarga beda beda,neutral,0.31
benar kayak mau tinggal sama salah satu orang tua pasti sering makan hati tapi kalau tinggal sendiri takut tidak bisa mengurus rumah apalagi diri sendiri sok one thing we have tapi di is survive,anxious,0.71
orang itu bikin emosi banget padahal sudah coba santai di kampus sama keluarga,angry,0.75
pasti masih sepi,neutral,0.35
masih pagi sudah mulai senggol sana sini saja man,neutral,0.39
semangat om podo saja ini sini lagi usum,happy,0.11
kenapa sih harus bikin masalah terus tapi ya sudahlah bareng teman sama dia,angry,0.73
kagaa sepertinya sedih banget,sad,0.79
muda sih tetapi tao cocok saja,neutral,0.28
makan favorit hari ini bikin bahagia jujur saja di rumah sama keluarga,happy,0.22
semua kucing suka nongki di sandal kah kucingku juga suka banget nongki di sandal,neutral,0.21
bingung dan takut ambil keputusan serius di kampus,anxious,0.86
takut kalau hasilnya jelek serius waktu malam sendiri,anxious,0.85
akhirnya lolos interview kerja banget di kampus,happy,0.19
lucu fan aot marah gara kalah rank sama sana bisque doll,angry,0.89
aku tipe orang ya memakai iya ke orang tertentu baik yang tidak aku kenal atau yang sudah aku tidak suka lagi kalau iya ofc ke orang yang dekat banget sama aku dan aku sudah kenal dia banget,neutral,0.32
khawatir sama kondisi sekarang serius pas perjalanan,anxious,0.87
kerja seperti biasa gabriela apa,neutral,0.21
tulisan yang luar biasa anak saya cewek masih bulan tidak bayangkan besok sudah usia sudah bisa mengurus dirinya sendiri seperti mbak anin pasti rasanya sedih dan bangga bercampur aduk ya,sad,0.76
dapat kabar baik dari keluarga tadi pagi lucu bareng teman sama dia,happy,0.07
punya enggak sih kamu teman yang datang pas butuh doang giliran kita yang butuh dia malah menghilang kayak diculik setan pagi pagi sudah buat emosi saja anjing,angry,0.89
namanya plot hilangnya memaksa entah mereka mau akhiri dengan seolah ketemu saja atau dibuat hilang tbw sampai yang punya raga balik cuma kemarin saja ku menonton sudah kesal bawaannya tidak suka banget sama plot hilang ini,angry,0.89
dengan bersyukur kita akan senantiasa diliputi rasa damai tentram dan bahagia,neutral,0.39
hai pagi semua selamat berakhir pekan semangat buat hari ini,happy,0.01
orang bego jam segini makan geprek,neutral,0.25
tak jamin kasih rumah perumnas ku satu jika kamu bukan grombolannya mereka sudah kelihatan partai komunis indonesia pkinya di negara kesatuan republik indonesia nusantara siapa sih ya yang suka teriak teriak partai komunis indonesia ditanya partai komunis indonesia nya eh tidak ada diajak laporkan ke polisi ya tidak ada tapi jualan bakar bendera baru,angry,0.97
sedih apa itu sedih,neutral,0.33
lelah sih tapi puas hasilnya bagus lucu di kantor sama teman kantor,happy,0.06
tidak pernah aku juga sering di sangka line tidak marah kan dia tidak tau nder maklum saja,neutral,0.35
lah kan pada salty kenapa sudah aku baru twit kaget anjir,anxious,0.8
kisah ini tidak bisa menjadi bahagia ataupun sedih,neutral,0.3
anxious banget sebelum meeting tadi lucu sendiri,anxious,0.71
beuh kaget tiba tiba makasii min lucu wkwk,happy,0.19
khawatir sama kondisi sekarang tapi ya sudahlah tadi pagi,anxious,0.95
tak tau ya mungkin bukan dia benci cuma cemburu saja mengiranya aku mengambil kepunyaan dia well namanya orang tidak mungkin sempurna kan sudah berusaha jadi orang baik juga yang tidak suka pasti ada,neutral,0.33
khawatir sama kondisi sekarang agak random sih bareng teman sama dia,anxious,0.93
takut tegak harga,anxious,0.7
orang itu bikin emosi banget sih di kampus sama dia,angry,0.72
kecewa gue bangsat,angry,0.98
jangan takut karena menang itu membuat mu bahagia,neutral,0.28
jika kita tidak membangun apakah lebih kayak kalian khawatir indonesia akan dapat dana yang sangat besar dari timur tengah dan lain lain mengawatirkan ya bisa maju negara ini sulit dibodohi,angry,0.89
gue benci dimana setiap gue mulai suka sama orang kenapa orang itu seakan akan menghindar,angry,1.0
happy birthday anak baik anak manis yang selalu berharap dapat membahagiakan orang dan tanpa ia sadari dia sudah menjadi obat penenang terbaik asteroid bahagia terus ya,happy,0.02
iya kan mana kadang ada yang out of context banget deh replynya kalau sih adi ini kayaknya agak marah orangnya tidak kayak sih audsun yang somewhat terkesan lebih chill nah tapi sih audsun nih suka ngereply random banget sudah tapi eh jangan jangan mereka berdua temanan,neutral,0.39
sudah sabar tapi masih dibohongi di kampus sama teman kantor,angry,0.7
untung tidak malu se fandom,neutral,0.32
lelah sama keadaan sekarang jujur saja bareng teman sama teman kantor,sad,0.58
yanng begini biasa laki modal kontol doang,neutral,0.27
sebenarnya bagus cuma karena penjualnya galak jadi pada takut,anxious,0.73
bingung dan takut ambil keputusan banget waktu malam sama dia,anxious,0.89
marah banget karena pekerjaan berantakan di kantor sama keluarga,angry,0.79
kesal banget hari ini sih di kantor sama teman kantor,angry,0.73
semangat terus berkarya kak,happy,0.06
selamatkan bangsa dari kumpulan bangsat berantas tuntas tppu pt selamat pagi bang,neutral,0.22
marah banget karena pekerjaan berantakan serius di rumah,angry,0.79
dapat kabar baik dari keluarga tadi pagi sih di rumah sendiri,happy,0.13
saya paham kamu sebenarnya cerita cuma mau didengar dan disupport saja karena memang orang kalau lagi sedih sebenarnya lebih butuh didengar daripada diberi judgement right tapi saya juga paham posisi bestiemu dia khawatir terhadap kamu dan mau yang terbaik buat kamu dia tidak mau lihat kamu sedih,neutral,0.21
takut kesushi,anxious,0.71
daftarkan diri kakak buat raih kesempatan menang puluhan juta cukup modal saja daftarnya bisa pakai rekening apapun tanpa dipungut biaya admin untuk daftar klik link di sini ya,neutral,0.24
khawatir sama kondisi sekarang hari ini sama keluarga,anxious,0.89
akhir minggu ini seru banget serius waktu malam sama dia,happy,0.1
nah iya mending kalau ada personal chat atau undangan langsung ke kita baru deh datang semangat sender kamu tidak malu memalukan kok kamu kan juga di ajak,neutral,0.36
kadang aku kalau lagi mode reader suka direct message authornya apalagi kalau alurnya bagus sayang begitu kalau puebinya acak an tetapi sekarang sudah tidak sih kalau diminta saja memberi krisannya sempat ada yang marah dulu di wp gara readernya ngoreksi tulisan dia padahal bahasanya sopan,neutral,0.26
kok enak e kerja woi dikira duit datang dari langit apa,angry,0.93
malu ku bnar bnar malu,anxious,0.84
huwaa anjir kaget dan senangg banget kakak saya pulang ke rumah skskw,happy,0.2
saya sudah kaget jongu kenapa rupany benaran dikoms sudah panik,anxious,0.78
lelah sama keadaan sekarang hari ini di rumah sama teman kantor,sad,0.78
sudah sabar tapi masih dibohongi banget di kampus sama dia,angry,0.89
anjir menangis benaran lihatnya perpisahan itu kenapa selalu bikin sedih sih,sad,0.68
kamu marah tidak kalau digetok,angry,0.92
merasa sendirian akhir akhir ini bareng teman,sad,0.83
makan favorit hari ini bikin bahagia bareng teman,happy,0.09
bangsat ntarnta pasti menangis lucu pengecut nada tolol mati saja kamu,angry,0.99
karena saya mutualan instagram sama dia dan saya suka lihat dia komen di postingan nya deobo ya sudah lah saya ingin kenalan itu tapi takut banget soal nya dia kayak cuek begitu lah kan kamu mutualan sama dia kok kamu mau kenalan lagi sih dia itu teman tak saya,neutral,0.21
siap huaa takut lah aku,anxious,0.79
sampai sekarang saya ngatau tadi pas dia di rumah sakit bocah yang takut sama dia cwk apa cwk,neutral,0.32
masih susah pindah on dari kejadian itu sih di rumah sama teman kantor,sad,0.82
kok saya tetap sedih ya,sad,0.76
ini kenapa jadi ramai kaget mana qrt ghaibnya,anxious,0.82
ajak depan bertiga jalan jalan santai petang di lcct saja nak tengok kapal terbang landing hakak kamu suruh ambilkan gambar habang apa lagi keluarkan segala skill yang ada guna smartphone cokia made ini cina jer alhamdulillah hakak kamu puas hati dengan air tangan habang,happy,0.07
terima kasih banyak dyppo nuna iya lucu kalau aku tidak bilang lucu nanti marah nuna lucu ayo party tetapi semuanya buat aku nuna diam saja duduk manis,happy,0.14
aku sebagai yang pernah juga berusaha untuk tidak panik aku kasih tau lah kalau teman yang lain harus langsung pada swab antigen dulu saja bla bla ternyata dia ngeprank doang aku emosi dong di situ dikeluarkan lah semua stiker kata mutiara aku aku marah di grup karena tidak lucu becandaanny,angry,0.9
takut gue mau hidup tenang,anxious,0.88
baru saja mengirim foto spesial region of yogyakarta,neutral,0.32
aduh bagaimana ya buka pola pikir orang orang kayak begini sedih saja membacanya,sad,0.57
ini benar jam malam habis praktik bini wa di rumah sakit ada lem kertas tidak yang biasa begitu besok ada tugas suruh bawa lem buat menempel a,neutral,0.23
nih sume sebab rakyat bodoh tapi pilih lagi orang yang menyusahkan rakyat itu watpe asal melayu isle itu betul lah hanggok hang,angry,0.9
jam segini sudah bangun sedih banget,sad,0.69
seringan apapun masalah karena malas ia terasa berat seberat apapun masalah karena semangat ia bisa diselesaikan menjadi ringan pagi,happy,0.0
fun fact menggaruk bagian gatal itu tidak bikin gatalnya hilang yang ada malah kulitnya iritasi sama kayak kalau lagi patah hati lebih memilih galau dan dengarkan lagu sedih memang kitanya suka menyakiti diri sendiri ya kayaknya,sad,0.67
benar ya ilmu padi semakin berisi semakin merunduk makin kesini makin dewasa makin tau banyak hal sekalinya emosi yang dulunya diluapin sekarang pilih buat diam tidak suka sama orang diam kesal diam diam mulu hidup saya,neutral,0.32
yang kaca lebih enak menurutku tapi boleh itu dicoba versi kemasan kotaknya,neutral,0.27
menonton film kak kalau belum pernah menonton miracle ini cell no boleh coba sama dengarkan podcast yang sedih begitu kak,neutral,0.32
cemas memikirkan masa depan padahal sudah coba santai di kampus sama dia,anxious,0.89
akhir akhir ini cemas terus lucu waktu malam sama teman kantor,anxious,0.78
kenapa sih harus bikin masalah terus hari ini bareng teman sama teman kantor,angry,0.88
semangat untuk hari ini,happy,0.15
hari ini berat banget dijalani dan kepikiran terus waktu malam sama dia,sad,0.75
dapat kabar baik dari keluarga tadi pagi lucu di rumah sama dia,happy,0.24
sumpah itu kenapa anjir takut banget pada begitu,anxious,0.7
kadang suka sepi tetapi beda lagi sepi yang merasa kehilangan begitu lah berasa asing banget,sad,0.56
lelah sama keadaan sekarang dan kepikiran terus tadi pagi sendiri,sad,0.72
rasanya gugup terus hari ini tapi ya sudahlah di rumah sama dia,anxious,0.87
kesal banget sama orang yang tidak tepat waktu sama dia,angry,0.8
wih enak sepertinya,happy,0.0
terima kasih ya sudah bikin hariku lebih baik hari ini di kampus sama dia,happy,0.18
emosi lihat komentar orang tadi sendiri,angry,0.74
kehilangan semangat buat kenapa apa padahal sudah coba santai di rumah sendiri,sad,0.56
pagi pagi sudah bikin emosi ya,angry,0.97
kenapa sih harus bikin masalah terus jujur saja bareng teman sama dia,angry,0.81
kehilangan semangat buat kenapa apa dan kepikiran terus di rumah sama dia,sad,0.82
sumpah no komen brcnd teman saya lumayan lama paling lama itungane sudah mau tiga tahun apa sok far sok good galak banget tapi sumpah keren banget anaknya kreatip dan suportip suka minum kopi sehari habis dua liter habis itu bilang tidak bisa tidur v,happy,0.05
anxious banget sebelum meeting tadi jujur saja di rumah sama dia,anxious,0.97
anxious banget sebelum meeting tadi jujur saja di kampus sama keluarga,anxious,0.95
tidak soalnya aku semangat event,happy,0.0
lucu banget tetangga mengira aku punya baby karena tiap pagi suka gendongin kucing cium cium dia kira baby sampai dia bertanya babynya umur berapa mbak aku malah tertawa,happy,0.01
aku sempat bertanya dalam hati apa mungkin dia juga merasa sepi kalau iya aku ingin mengajak nya sepi bersama pram,neutral,0.28
makan favorit hari ini bikin bahagia serius di rumah sama keluarga,happy,0.29
semangat kak buat tidak dengarkan kata orang susah banget memang tapi saya berdoa semoga kakak punya support syatem yang baik tetap semangat ya kak semoga lekas sembuh gbu,happy,0.05
kepikiran banyak hal sampai susah tidur dari tadi kepikiran di kantor sendiri,anxious,0.92
orang itu bikin emosi banget hari ini tadi pagi sendiri,angry,0.75
turun bb kg testimoni wmp solusi diet enak tanpa repot hanya rutin minum wmp juice saja order bahan bakar minyak wa,neutral,0.39
sedih aku masih sakit padahal semalam sudah minum obat,sad,0.5
takut kalau hasilnya jelek dari tadi kepikiran di kantor sama teman kantor,anxious,0.81
apakah anda mendengarkan allah apabila kita lebih suka mendengarkan suara hamba tuhan lebih suka mendengar kesaksian kesaksian daripada mendengarkan tuhan sendiri hal itu sesungguhnya menunjukkan betapa kurangnya kasih kita kepada allah oswald chambers neutral orang yang paling buruk itu adalah buzzer mengadu domba antar sesama muslim dengan fitnahan dan cacian dan nabi bersabda seburuk buruknya kalian adalah yang suka mengadu domba saudara muslim yang saling cinta nasehat pagi sayyidil habib,neutral,0.23
lucu kaget tiba tiba tur adooh,anxious,0.71
senyum sendiri pas ingat kejadian tadi serius pas perjalanan sama dia,happy,0.29
kesal banget hari ini banget tadi pagi sama teman kantor,angry,0.74
orang itu bikin emosi banget hari ini di kampus sama dia,angry,0.75
tidak jadi malu satu fandom,neutral,0.3
rasanya ingin marah terus sih pas perjalanan sama keluarga,angry,0.91
hihi semangat terus kakak bikin au nya tulisan kakak bagus bagus banget soalnya,happy,0.15
zenwalk gnu linux diumumkan apa saja ya tidak baru,neutral,0.22
rasanya sedih banget akhir akhir ini sumpah sama teman kantor,sad,0.7
ini memang enak banget,happy,0.1
angin laut yang menerpa tubuhnya terasa dingin namun tidak melebihi dari apa yang ia biasa hadapi mantel tebal bagian dari seragam lengkapnya juga membantu menjaga rasa hangat ia dengar tempat tujuan mereka tidak akan sedingin ini,neutral,0.3
cemas memikirkan masa depan sih pas perjalanan sama dia,anxious,0.98
mana katanya menghargai keberadaan gue kalau meminta saja maunya diturutin giliran gue meminta tidak diturutin giliran saya marah saya juga yang salah aduh ya allah,angry,0.86
lelah sih tapi puas hasilnya bagus padahal sudah coba santai sama dia,happy,0.14
semangat terus ya kakkpastiin sudah sesuai si ke yang berlakuu good luck va,happy,0.13
yang serius wa saja saya tidak menerima berondong yang malu,neutral,0.4
ketoprak lebih enak ya bang,neutral,0.34
faktanya gue bahagia kenal dia gue bahagia ketemu dia bahkan jauh pun gue masih merasakan bahagia ya walaupun kadang ada khawatir and cemburu itu cuma karena gue terlalu sayang sama dia yang takut kehilangan dia,anxious,0.76
semangat isah,happy,0.19
bangun tidur tiba sedih,sad,0.69
macam biasa lah cari xtvt,neutral,0.31
setuju makanya kadang saya suka gedek sama yang pro sama banget kayak anjir mereka saja urus artisnya tidak becus,angry,0.98
ayah suh bawa exora tidak hostel memang kelat lah muka gue bukan tidak suka tapi takut drivenya malah mobil nya gedek banget,anxious,0.72
makan favorit hari ini bikin bahagia dan kepikiran terus tadi pagi sama keluarga,happy,0.16
bangsat ini siapa yang setel lagu galau pagi pagi,angry,0.95
alhamdulillah jim kamu sudah sehat jangan lupa kasih kabar ke army ya,happy,0.05
non txt sedih banget denise tidak lanjut di sn padahal menunggu banget dan jujur saja member yang baru kurang sreg begitu di saya tapi tidak hate deh tetap dukung semangat denise dan secret number lantai,sad,0.66
tahi banget weh ini sudah r mbak mas baru berbicara begini sekarang kenapa tidak dari dulu sebelum event pc suka disold out ini tapi tau sedekah r r komplit ke influencer mohon maaf kalau jujur an prioritas fan adalah pcnya bukan produknya ya bagaimana ya,angry,0.99
akhir minggu ini seru banget dan kepikiran terus pas perjalanan sama teman kantor,happy,0.15
khawatir sama kondisi sekarang jujur saja bareng teman sama dia,anxious,0.87
lelah sih tapi puas hasilnya bagus dan kepikiran terus sama teman kantor,happy,0.2
kalau nak sniff sekarang sini hati hati takut kepam,anxious,0.81
senang banget hari ini ketemu teman lama tapi ya sudahlah di kampus sama dia,happy,0.1
rasanya kosong saja hari ini padahal sudah coba santai pas perjalanan sendiri,sad,0.67
eh ini banyak idol yang habis kena sih word sudah selesai lah ini tidak ada kabar sama sekali halo,neutral,0.31
masih susah pindah on dari kejadian itu banget asli bareng teman sendiri,sad,0.61
pagi yang cerah dapat kabar baik dari bighit,happy,0.09
pasti kuatt semangat semangat,happy,0.03
jangan balas dendam ya,neutral,0.31
kenapa maknae suka kayak begini sih kayak semua hyungnya sedih mewek kebanyakan maknae tetap padahal asilnya kan juga sedih tapi kayak tidak bisa menangis di depan kamera terutama maknae besar hit sih tubatu kalian pasti sukses pasti aku yakin,sad,0.64
deg degan menunggu hasil pengumuman padahal sudah coba santai di rumah sama keluarga,anxious,0.84
hem enak sih tetapi manis banget wkwk,happy,0.09
hiyahiyahiya terpesona ku pada pandangan pertama dan tak kuasa menahan emosi,angry,0.93
halo siang min kok tidak bisa pesan tiket ku kira kamu rumah di gojek dengan alasan kota saya tidak ada di situ ya kecewa banget,sad,0.78
ikrr lucu takut betul baca semua replies dekat post itu,anxious,0.82
takut mbak,anxious,0.85
malam ini kepikiran terus jadi sedih waktu malam sama keluarga,sad,0.73
takut gagal di presentasi besok jujur saja di rumah sama dia,anxious,0.97
ya sedih,sad,0.68
ada masalah apa tigrealnya aku sebagai pengguna tigreal malu banget,anxious,0.87
panik setibanya mata bengkak sebelah ternyata aku alergi ibuprofen,anxious,0.8
saya tidak ngestan sn tapi ini sedih banget ya allah,sad,0.65
kok om sih gugup,anxious,0.84
ini kalau aku ya paling tidak bisa pakai skincare kalau belum mandi jadi aku selalu skincare setiap habis mandi kalau malam bagaimana ya mau tidur aku baru mandi di rumah gerah soalnya jadi enak kalau mandi sebelum tidur,neutral,0.39
rasanya kosong saja hari ini serius bareng teman sama teman kantor,sad,0.6
ini lah kayak begini tiap baca ceritanya aku suka tertawa karena kelakuannya aku banget,happy,0.19
sedih melas tur kecewa sama diri sendiri ngedumel saja nanging raono perubahan e harus pie nek sudah ini,sad,0.71
malam ini kepikiran terus jadi sedih padahal sudah coba santai di kantor sama teman kantor,sad,0.74
hidup terlalu singkat jika hanya menyesal hidup hanya sekali namun jika digunakan dengan baik sekali saja cukup,neutral,0.32
iya ya kayak kaget tidak sih atau sedih senang apa bagaimana,neutral,0.22
parah iya enak rebahan coy mbi lihat udan,neutral,0.24
atau boleh jadi di orang defend kalam mufti sebab bukan ulama muamalat saja yang haruskan,neutral,0.24
harus semangat sampai go nanti,happy,0.05
set komemoratif ulang tahun juru beli emas mrs ke bakal dilancarkan februari ini edisi terhad eksklusif kehebatan tidak dilahirkan dianya dicipta kehidupan suka duka pengalaman dan cinta pertama bermula di mrs abadikan kenangan anda pada ulang tahun ke mrs,neutral,0.36
sudah sabar tapi masih dibohongi banget asli di kantor sama dia,angry,0.89
pura pura kaget biar dia tidak malu,neutral,0.3
orang itu bikin emosi banget jujur saja waktu malam sama keluarga,angry,0.73
rasanya gugup terus hari ini tapi ya sudahlah tadi pagi sendiri,anxious,0.87
bingung cari souvenir untuk acara kantor anda pakai saja tas ransel batik dari kami only rupiah pcs hemat murah bernilai dan indonesia call me,neutral,0.34
harusnya anda bijak dalam kasih data awal mereka bisnis itu sejak jaman susilo bambang yudhoyono atau jokowi kalau bodoh diam kalau pintar ajari,neutral,0.3
jangan lupa sarapan semangat buat hari ini,happy,0.08
kenapa sih harus bikin masalah terus banget bareng teman sama teman kantor,angry,0.89
kenapa au yang aku baca masih pada on pergi aku kesal,angry,0.96
daftar orang tolol dan idiot yang menolak kemajuan peradaban indonesia nanti akan dicatat sejarah penolak kemajuan indonesia fotonya di pajang di tempat sampah,angry,0.87
amanda dia teman sekelas aku waktu kelas dia itu cantik banget masyaallah baik juga kalau berbicara itu anggun bawaannya adem saja kalau ketemu dia terus anaknya salihah pintar dia suka ikut organisasi begitu kurang apalagi coba,happy,0.18
kalau aku peluk ada yang marah tidak,neutral,0.4
aw ikut senang semangat ya kuliahnya,happy,0.03
ngerjainnya bego begoan,neutral,0.37
keadaannya cukup baik,neutral,0.36
sedih karena dibilang tolol sama sayang,sad,0.7
rasanya kosong saja hari ini hari ini di rumah sama keluarga,sad,0.76
semangatnya cuma beberapa jam saja lucu gue happy taehyun day,happy,0.01
anxious banget sebelum meeting tadi serius sama teman kantor,anxious,0.82
orang itu bikin emosi banget banget tadi pagi sendiri,angry,0.66
saya pagi ini kecewa banget sama gojek pertama kode kupon sama sekali tidak bisa di klaim kedua alamat yang biasa saya gunakan buat balik masa dititikin jauh banget ke jakarta barat lucu gue gila gosend yang harusnya tidak sampai ribu jadi di atas ribu,angry,0.96
semangat bitt good luck semoga semua urusannya dilancarkan ya amin,happy,0.03
kenapa sih harus bikin masalah terus hari ini,angry,0.84
emosi lihat komentar orang tadi padahal sudah coba santai di kampus sama dia,angry,0.84
bingung dan takut ambil keputusan tadi pagi sendiri,anxious,0.74
iya kan aku saja sampai kaget katanya mereka juga sudah pada tau kalau mirip,anxious,0.77
akhirnya lolos interview kerja agak random sih tadi pagi sama teman kantor,happy,0.2
aduh jangan pjj dong sudah mulai mengerti pelajaran tiba tiba pjj jadi bego lagi nanti,angry,0.95
itu testimoni dari orang yang memakai maskernya jangan ragu lagi guys buruan pesan saja,neutral,0.37
akhirnya lolos interview kerja tadi pagi sama keluarga,happy,0.24
khawatir sama kondisi sekarang jujur saja pas perjalanan sendiri,anxious,0.96
walaupun saat ini cuma bisa memilikinya lewat mimpi tidak apa apa semoga saja suatu saat nanti mimpi itu akan menjadi nyata,neutral,0.32
aku cuma ingin istirahat sebentar jujur saja bareng teman sendiri,sad,0.74
rasanya sedih banget akhir akhir ini sumpah tadi pagi sama keluarga,sad,0.7
guyss aku meminta tolong banget bantu ramein saldo dipinned ya masih sepi banget entriesnya ini tidak community pertama kalau hasilnya bagus semoga kedepannya aku bisa bawain kalian saldo lain dengan nominal lebih besar tolong banget join ya,neutral,0.31
akhirnya lolos interview kerja jujur saja,happy,0.2
kesal banget sama orang yang tidak tepat waktu hari ini di rumah,angry,0.65
akhir minggu ini seru banget banget waktu malam sama dia,happy,0.27
enak banget ternyata kalau tiap hari bisa tidur di jam atau malam selain bikin gendutan kulit juga jadi bersih sama cerah,happy,0.07
alhamdulillah luar biasa allahu akbar,happy,0.02
selamat pagi juga teh bagaimana kabar di pagi ini semoga tuhan memberikan kesehatan dan dilimpahkan rejeqi nya,neutral,0.24
kamu tidak zendirian kak zcazca kadang kakak zaman temannya zuka bilang begini karena zaya dewaza zekali dan tau zcara bikin ibu koz tidak marah zaman zaya,neutral,0.39
lelah menghadapi orang yang egois banget waktu malam sama teman kantor,angry,0.82
kalau kamu kaya begitu ya sama saja donh sama kawan kamu itu yang kalau deadlock ujung nya cari serep padahal kamu sendiri yang bilang kalau kawan kamu ayo pada bego kerja kok modelan kaya begitu tidak mencari mandiri,angry,0.98
aku cuma ingin istirahat sebentar agak random sih di rumah sama teman kantor,sad,0.74
ingin mencoba tapi takut aneh rasanya rate cil untuk rasanya,anxious,0.77
rasanya ingin marah terus jujur saja tadi pagi sama dia,angry,0.75
kd sedih sih cuma pusing saja pang,sad,0.63
ih sedih banget,sad,0.77
kabar baik untuk hari yang biasa,neutral,0.39
relate banget sampai suka diejek sombong,sad,0.63
kahar muzakar lahir jusuf kalla selisih tahun di nalar juga tidak masuk akal pemuda umur sudah punya cicit tetapi kalau dasarnya character assassination sih sah saja sudah biasa orang ngeritik di serang pribadinya di negara ini,neutral,0.37
jangan terlalu menjawab serius pernyataan orang yang sedang marah sampai betul betul ia rileks menjelaskan tanpa kepentingan dari kemarahannya sebab mengambil sikap dalam keadaan marah akan jadi kurang bijak sana,neutral,0.21
sahabat adalah mereka yang tahu bahwa ada sedih di matamu ketika seluruh dunia percaya dengan senyum di wajahmu,neutral,0.22
makan nasi goreng pagi pagi memang sudah paling enak,happy,0.03
biar kagett soalnya aku kagett baca yoonmin kaget,anxious,0.73
bingung dan takut ambil keputusan dan kepikiran terus pas perjalanan sama dia,anxious,0.85
hari ini berat banget dijalani banget asli di kantor sama keluarga,sad,0.76
tidak sedih sama sekali tetapi kayak tidak ikhlas mengerti tidak sih,sad,0.79
senang banget hari ini ketemu teman lama sumpah di kantor sendiri,happy,0.11
waa enak itu semoga libur mu bahagia ya,happy,0.09
inisial orang yang kamu suka dan sayang,neutral,0.24
kehilangan semangat buat kenapa apa serius di kampus sama dia,sad,0.73
kesal banget hari ini sumpah di rumah sama teman kantor,angry,0.9
bingung dan takut ambil keputusan dari tadi kepikiran pas perjalanan sama teman kantor,anxious,0.72
beuh mangkug tut bah malu nae,anxious,0.89
kenapa sih harus bikin masalah terus hari ini di kampus sama keluarga,angry,0.94
akhirnya lolos interview kerja lucu tadi pagi sama dia,happy,0.07
lucu apa siap somi semoga tahun ini somi sudah tidak sedih sedih lagi ya tinggal bahagianya saja nanti teteplah kita menjadi badut,happy,0.01
hari ini berat banget dijalani serius di kampus sama teman kantor,sad,0.63
baru kenal baru mau menyapa sudah dilirikint tajam banget sampai mau copot matanya santai kali mbak,neutral,0.21
lucu sepi tanpa purwakarta tapi tidak apa apa v,sad,0.76
khawatir sama kondisi sekarang sih di kampus sama teman kantor,anxious,0.87
senyum sendiri pas ingat kejadian tadi banget asli di kantor,happy,0.1
jika kamu cinta dia biarkan dia menjadi dirinya sendiri maka kamu tidak akan kecewa ketika mereka tidak seperti yang kamu inginkan,neutral,0.28
kegaduhan yang ditimbulkan dan efek demo bersilit silitnya sampai sekarang tidak hilang meski pada akhirnya mereka marah karena kecewa jebul sing didukung malah pada dadi menteri semua,neutral,0.27
anxious banget sebelum meeting tadi dari tadi kepikiran di kampus sama dia,anxious,0.89
tidak mengikuti sn tapi ikut sedih dengarnya,sad,0.65
aw malu,anxious,0.86
asli ikutan sedih banget denise out aku suka banget suaranya,sad,0.62
semangat lzj ketemu lky lagi semoga bisa menang ya sekarang takut banyak yang anu lagi nanti kalau kalah stay strong,neutral,0.35
suka heran sama tipe manusia yang tidak ada angin tidak ada hujan tau sinis banget tiap diajak mengobrol tetapi cuma ke kamu doang ke yang lain b saja kayak kenapa kasih tau saja kenapa salah gue dimana,angry,0.9
sedih mat season tidak ada cup,sad,0.65
detektif yang berhasil menangkap pelaku dengan hipotesanya tapi membiarkan pelaku bunuh diri sama saja dengan pembunuh conan edogawa shinichi kudo,neutral,0.37
sekarang baru lu semua bikin gerakan cuci tangan belajar dulu sana sama dokter odgj tidak tau malu bangsa ini,angry,0.99
akhirnya tugas selesai juga lega banget sumpah waktu malam sama keluarga,happy,0.27
akhirnya tugas selesai juga lega banget dari tadi kepikiran waktu malam sama teman kantor,happy,0.21
anxious banget sebelum meeting tadi tapi ya sudahlah di kantor sama keluarga,anxious,0.72
cemas memikirkan masa depan padahal sudah coba santai waktu malam sama dia,anxious,0.76
erick thohir ajak pekerjaan rumah warga manfaatkan lahan perumahan mjdi lokasi pertanian erick pun gagas energi tani gerakan ini untuk membumikan semangat bertani dalam masyarakat bisa menghasilkan produk pertanian secara mandiri,neutral,0.29
semua yang dimulai dengan rasa marah akan berakhir dengan rasa malu benjamin franklin,neutral,0.28
takut kalau hasilnya jelek banget sendiri,anxious,0.93
rumit kata pertama yang terlintas di kepala tiap ada karya oriol paulo yang keluar karena kali ini series kegilaannya lebih parah dari biasa dengan durasi yang lebih panjang dari kebanyakan film yang dia buat sebelumnya,neutral,0.37
tumben tidak marah marah nih,neutral,0.28
ini buat siapa oi gue merasa soalnya lagi tidak enak badan juga dari semalam apa dia punya indra ke lucu h lucu mengharap banget guwehh,happy,0.17
tentang makhluk mitos bulgasal yang mau balas dendam dan dalam perjalanannya dia itu bertemu dengan keluarga kayak ini balas dendam tapi juga fokus pada hubungan antar manusia aku suka banget bagaimana hubungan tiap dari mereka develop pokoknya bagus banget huhu,happy,0.06
semangat terus mbull,happy,0.06
ayahku di alam kubur sepertinya malu juga anaknya jadi weeaboo begini,sad,0.56
akhirnya tugas selesai juga lega banget di kantor sama dia,happy,0.24
bingung dan takut ambil keputusan hari ini di kantor sama teman kantor,anxious,0.91
jangan lupa sarapann semangat buat hari ini sayang semoga harimu menyenangkan,happy,0.1
hari ini produktif dan suasana hati bagus dan kepikiran terus pas perjalanan sama dia,happy,0.18
tidak pakai nama asli takut teemn rl tau wkwk,anxious,0.82
malu tetapi saya tidak diapakan mer lucu sudah dikembalikan begitu saja dia tes detak jantung doang kali ya saya benaran deg an soalnya tapi ya tetap tidak ada yang berubah cuma memang tau sih kalau dipretelin tettep takut,anxious,0.75
sabtu pagi bukannya dapat kabar gembira malah dapat kabar yang bikin deg degan alias t t jadwal ujian sekolah sama ukk bulan depan,anxious,0.85
semangat nugasnya fanyaa,happy,0.16
habis vaksin dosis rasanya badan suka gampang banget lelah,sad,0.78
kaget anjing tapi seru lucu lucu lucu,happy,0.08
orang itu bikin emosi banget dari tadi kepikiran di kampus sendiri,angry,0.71
masih susah pindah on dari kejadian itu tapi ya sudahlah di kampus sendiri,sad,0.68
tim zombie yang meningoy takut gadapet universitas tapi ingin tetap rebahan,anxious,0.87
wikipedia reminder moa yuk biasakan buat buka wikipedia txt minimal kali ari buat sosial rate juga ubah ke mode desktop scroll aca selama menit,neutral,0.32
khawatir sama kondisi sekarang jujur saja bareng teman sendiri,anxious,0.87
merasa sendirian akhir akhir ini dan kepikiran terus sama keluarga,sad,0.56
salahnya dimana ketika harus marah pada hal yang salah sedang kebaikan kebaikan yang juga ada pada video engkau potong potong tidak kelas komisaris ndul,angry,0.93
namun waktu kamu kembali untuk mengikuti gp ada perasaan senang sedih khawatir karena jauh dari rumah karena adanya rasisme karena situasi cn kira namun di sana kamu bisa kembali membuktikan kemampuanmu,neutral,0.32
sedih gue jadi tidak depat anjir,sad,0.76
hari ini produktif dan suasana hati bagus dari tadi kepikiran sendiri,happy,0.21
tapi tetap para pemuja vaksin akan menolak informasi itu sehingga mereka tetap menunggu dengan penuh harap go itu disuntikkan kembali ke tubuh mereka dan kita yang dianggap bego dan kita yang dianggap sok nalar dan kita yang dianggap hoaks padahal,neutral,0.31
iya memang enak,happy,0.09
rasanya gugup terus hari ini dari tadi kepikiran di kantor,anxious,0.79
masih susah pindah on dari kejadian itu padahal sudah coba santai waktu malam sama teman kantor,sad,0.75
both saja sudah agar kamu puas dan bahagia t t,sad,0.72
sedih banget pas di tempat fc lek nya masih menuliskan menerim isi lagu lek nya sudah tua begitu,sad,0.71
senyum sendiri pas ingat kejadian tadi serius di kampus sendiri,happy,0.29
anxious banget sebelum meeting tadi sumpah di kantor,anxious,0.85
senang banget hari ini ketemu teman lama dan kepikiran terus waktu malam sama keluarga,happy,0.15
kenapa sih harus bikin masalah terus dan kepikiran terus tadi pagi sama teman kantor,angry,0.72
cemas memikirkan masa depan padahal sudah coba santai di kantor sama dia,anxious,0.8
sedih tgok vdeo rayan itu semoga selamat semuanya,neutral,0.39
mungkin saja di mana yang tidak setuju pasti kedengaran bersuara keras semua fraksi dewan perwakilan rakyat hanya partai keadilan sejahtera kan yang menolak,neutral,0.27
ala alah alah murung kejap lucu haha,sad,0.78
aku juga orangnya sweet ke pasangan suka banget memberi kamu sesuatu yang bikin kamu salah tingkah dan juga untuk love languange kala woa sama kita jadi gaakan merasa kebosanan kalau pacaran sama kala nantinyaa,neutral,0.34
semangat terus ya kak aku di ain semoga kakak baik saja percaya saja sama yang di atas meminta perlindungan dan kalau ada masalah berdoa saja meminta pertunjuk untuk jalan keluarnya,happy,0.13
kesal banget hari ini banget asli tadi pagi sama keluarga,angry,0.94
emotionally unstable dengarkan dmnya fromis saja bisa menangis sampai jam pagi padahal bukan lagu sedih,sad,0.57
lelah sih tapi puas hasilnya bagus serius sendiri,happy,0.28
takut banget sudah jelas positif masih nongkrong bukannya isoman,anxious,0.83
sudah sabar tapi masih dibohongi lucu di kantor sama keluarga,angry,0.88
kesal banget sama orang yang tidak tepat waktu lucu di kantor sama dia,angry,0.71
untuk meraih sukses kita perlu motivasi kuat namun untuk bahagia kita bisa menikmatinya justru saat istirahat bersyukur anonim,neutral,0.27
saya kayak orang gila mengulang ini child sampai menangis apa sih saya sedih banget liriknya anjengg,sad,0.52
akhirnya lolos interview kerja serius di rumah sama keluarga,happy,0.16
alhamdulillah jiminiee masih pagi sudah dapat kabar baik senang pagi,happy,0.15
masih susah pindah on dari kejadian itu banget asli bareng teman sendiri,sad,0.69
rasanya sedih banget akhir akhir ini banget asli di kantor sendiri,sad,0.58
walah semangat bi,happy,0.08
jika merasa berat melupakan masa lalu ringankan saja dengan mengingat masa depan bersama orang yang ada disampingmu saat ini,neutral,0.27
semalam saja tapi sunway pyramid saja sggh kedai sony tanya play station takdak stok katanya pasti lalu kedai game sebelah sony itu,neutral,0.4
geram banget sama pelayanan tadi jujur saja tadi pagi sendiri,angry,0.9
rasanya kosong saja hari ini dan kepikiran terus bareng teman sama teman kantor,sad,0.55
inituh yang ada member dari indonesia nya tidak sih sedih banget,sad,0.57
kenapa sih harus bikin masalah terus sih di kampus sama keluarga,angry,0.76
malam ini kepikiran terus jadi sedih dan kepikiran terus pas perjalanan,sad,0.6
pakai apa yang membuatmu nyaman nder mau platform bimbel yang mana sesuaikan kebutuhan jangan hanya mengikut teman suka yang mana tidak harus sama kayak teman tidak apa kok nder,neutral,0.25
hashida wanginya sayang tidak normal,neutral,0.26
hari ini produktif dan suasana hati bagus dari tadi kepikiran di kantor sama keluarga,happy,0.12
cjr bangsat perusak moral masih kecil sudah mengajarkan cinta an belum sunat saja sombong sudah sana pergi kelaut saja cc all comati,angry,0.96
aku kurang tau juga yang yedamtpi kok yedam pas dia buka masked nya pada kaget begitu ya berarti kalau jwoo nanti berarti sudah pada tau dong,neutral,0.22
rumah sepi nih,sad,0.55
jangan begitu nder gue juga suka keluar tengah malam terus foto kembang itu bagus banget soalnya pas lihat lucu,happy,0.03
khawatir sama kondisi sekarang banget asli di kantor sama keluarga,anxious,0.89
salah satu manfaat revenge kill them dengan kindess adalah gaperlu bermusuhan tidak perlu lelah marah marah ada saatnya mereka sih your worth and come tapi kamu,neutral,0.2
ramai apa sepi nih kasih info yang jelas kenapa,angry,0.88
pagii mau ngenalin anak lama yang aku pribadi suka banget sama backstorynya karena kayak fabel xixi ini malam sama senja dulunya mereka hewan asli lo tetapi dewi bulan dan matahari ngerestuin mereka jadi manusia karena beberapa hal,happy,0.02
heran doang kaget doang bicara doang,neutral,0.27
kepikiran banyak hal sampai susah tidur dari tadi kepikiran di rumah sendiri,anxious,0.97
gara gara teminum kopi kah jadi gugup tadi,neutral,0.29
aku yang meninggalkannya namun dia yang lebih dulu bahagia,sad,0.53
cemas memikirkan masa depan dari tadi kepikiran waktu malam sama dia,anxious,0.82
dapat kabar baik dari keluarga tadi pagi serius pas perjalanan sendiri,happy,0.16
yuk istirahat lebih cepat semoga besok dapat kabar baik,happy,0.11
mau marah melihat orang pakai filter mata banyak di muka ya allah merinding saya,anxious,0.73
ingin mengumpat seperti biasa,angry,0.99
dapat kabar baik dari keluarga tadi pagi sih pas perjalanan,happy,0.28
sudah sabar tapi masih dibohongi waktu malam sama keluarga,angry,0.85
kecewa banget sama hasilnya padahal sudah coba santai di kampus sama keluarga,sad,0.55
denise suara muu hcuwbxja oh my god sedih sih kamu keluar dari sc tetapi tidak apa apa ayokk banyak up video di yt and debut lagi lucu,sad,0.62
biasanya kalau telat masuk surat keputusan disemprot sama gurunya jadi malu,sad,0.66
kesal banget sama orang yang tidak tepat waktu sih di rumah sama keluarga,angry,0.92
kesal banget hari ini sumpah bareng teman sama keluarga,angry,0.77
jangan marah padanya jika dia tidak lagi peduli tapi marahlah pada diri sendiri sebab ketika dia peduli kamu tidak pernah menghargai,sad,0.72
akhirnya tugas selesai juga lega banget pas perjalanan sendiri,happy,0.06
kenapa sih harus bikin masalah terus jujur saja bareng teman sama dia,angry,0.66
khawatir sama kondisi sekarang dan kepikiran terus pas perjalanan sendiri,anxious,0.83
emosi lihat komentar orang tadi agak random sih di kantor sama dia,angry,0.77
sedih banget,sad,0.77
kalau suka lauren layne samantha chase boleh banget mengobrol,neutral,0.3
sudah sabar tapi masih dibohongi waktu malam sama teman kantor,angry,0.68
demi allah yang kena siapa yang menangis siapa gue jadi peran badguy banget kalau begini padahal gue yang dibuat sedih,sad,0.53
bingung dan takut ambil keputusan banget waktu malam,anxious,0.84
mau ini benar atau tidak tapi kalau dengar kabar baik soal timnas selalu senang sih,happy,0.0
semoga quarter life crisis segera berlalu ya semangat besteh,happy,0.09
rindu sekali dengan ipe rindu tempat saya menangis orang yang saya jadikan alasan untuk suka dengan buah naga foto ini diambil ketika kita memperjuangkan ugm dan melepas penat belajar ke pasar kangen yogyakarta,sad,0.78
cara melawan toksik maskulinitas rapuh salah satunya adalah dengan mendukung laki laki agar tidak ragu merawat dirinya sendiri,neutral,0.39
takut gagal di presentasi besok banget asli di rumah sama teman kantor,anxious,0.9
senang banget hari ini ketemu teman lama sih di kampus sama teman kantor,happy,0.21
akhir akhir ini cemas terus banget asli tadi pagi sama dia,anxious,0.84
sekiranya instagram dipegang sama cowoknya jangan followan sama sec acc aku karena tidak ada cowok di sec acc aku dan tiba tiba cowok teman gue melihat begitu saja suka menyukai menyukai tidak banget,angry,0.89
khawatir sama kondisi sekarang tapi ya sudahlah di rumah sama dia,anxious,0.8
pakai popsocket enak tidak sih aku belum pernah coba soalnya lucu,neutral,0.31
suka nih yang bikin emosi begini jadi tag aku dong kack,angry,0.87
semangat gue kasih minum nih,happy,0.12
saya masih senyum tidak jelas gara gara jungwon wonyoung kemarin lucu banget saya marah,happy,0.08
terima kasih ya sudah bikin hariku lebih baik tapi ya sudahlah tadi pagi,happy,0.26
lelah sama keadaan sekarang serius tadi pagi sendiri,sad,0.58
cemas memikirkan masa depan banget asli sama keluarga,anxious,0.9
saja pilih yang kontroversi macam saja nak suruh orang benci,angry,1.0
mimpi ku malam ini sedih tapi enggak jelas sedih karena bestie aku meninggal enggak jelas karena guru matematika aku jadi tentara nasional indonesia au sekaligus dosen,sad,0.55
akhirnya lolos interview kerja hari ini bareng teman sama dia,happy,0.1
buka twit sekarang rasanya kaya sepi banget,sad,0.59
ada beberapa hal yang patut kita berikan dan tidak tapi saya kita kadang terlalu bodoh untuk memberikan apa yang kita punya dengan orang yang bahkan kita tidak tahu apakah dia akan menetap atau pergi,sad,0.57
aku cuma ingin istirahat sebentar tapi ya sudahlah tadi pagi sama keluarga,sad,0.71
sueer deh kangen itu tidak enak enak itu di kangenin di perhatikan di manjakan di bahagiain sedih kesepian menunggu dia,sad,0.71
poin no solusinya kontrol your kontol pak enak saja sudah dikasih buat seumur hidup masih meminta cicip yang lain poin no juga geli bacanya ujung nya yang dipikirkan juga perkelamninan iya ini buaya,angry,0.85
fagg benci banget saya lihatnya,angry,0.87
haruskah aku buat facebook agar twitter ini semakin sepi,neutral,0.27
mau seburuk apapun kamu mau sebanyak apapun kesalahan kamu jangan sampai kamu benci diri kamu sendiri karena yang harus kamu lakukan cuma satu belajar dari semua yang sudah terjadi kamu bakal spesial bagi orang yang tepat,neutral,0.34
ingin banget belikan layout kapel buat pacar virtual tapi masalahnya kita berdua suka layout mati lampu,anxious,0.72
lelah sih tapi puas hasilnya bagus banget pas perjalanan,happy,0.27
hari ini berat banget dijalani dari tadi kepikiran waktu malam,sad,0.82
hari ini berat banget dijalani sumpah di rumah sama teman kantor,sad,0.79
happy akhir pekan mbak noni bahagia selalu,happy,0.08
alah padahal di hati terdalam kecewa luar biasa,sad,0.78
sabar sabar kaget sama crossovernya chigiri pulang kunigami sudah menangis itu di pojokan,neutral,0.26
baik banget nih orang tapi suka sedih kalau orang orang lebih mentingin pcnya sih,sad,0.62
geram banget sama pelayanan tadi banget asli bareng teman sama keluarga,angry,0.76
sepi dagangan by the way lucu apa masih imlekan ya lucu gue,happy,0.13
bulan ya desember lalu saya kaget mulu kalau om saya datang takut memberi kabar kematian,anxious,0.85
kesal banget sama orang yang tidak tepat waktu tapi ya sudahlah di kampus sama keluarga,angry,0.85
semangat dong ah,happy,0.02
lelah sama keadaan sekarang dan kepikiran terus pas perjalanan,sad,0.63
takut bila sudah start beli nih kang semua favorit chara lah nak beli,anxious,0.75
ada badutan tidak semalam chingu butuh badutan sayang biar semangat menjalani hari,happy,0.14
lelah sama keadaan sekarang agak random sih,sad,0.74
andai saja dia percaya skenario berikutnya adalah happy akhir tetapi memang belum di akhir kan oleh sang penulis kunci nya percaya yang biasanya dikonflikkan sepanjang waktua dipercayai atau memercayai dulu saling percaya happy akhir of kemanusiaan langka di kala ini,neutral,0.32
kaget kok telat,anxious,0.87
memang paling benar pagi pagi tidak usah buka twitter emosi anjing,angry,0.88
malam nenek pakai baju tipis malam nenek pakai bikini kakek kaget doang malam nenek telanjang bulat kakek malah bilang baju kusut kok dipakai,neutral,0.2
khawatir sama kondisi sekarang di kampus sendiri,anxious,0.76
masa pagi sudah menangis benci banget sama hati ku ini lemah,sad,0.62
negara juga tidak bodoh tidak perlu sok an mancing atas nama kebebasan informasi kalau tujuannya hanya bikin propaganda framing,neutral,0.31
aku cuma ingin istirahat sebentar hari ini pas perjalanan,sad,0.58
orang itu bikin emosi banget dan kepikiran terus tadi pagi,angry,0.75
lelah sih tapi puas hasilnya bagus tapi ya sudahlah tadi pagi sama teman kantor,happy,0.17
kalau lihat portofolio hijau itu kayak ada kesenangan tersendiri tapi giliran lihat dompet kosong sedih lagi anjir,sad,0.61
dapat kabar baik dari keluarga tadi pagi di kantor sendiri,happy,0.25
sabarlah wahai diriku sesungguhnya allah bersama orang orang yang sabar itulah yang selalu aku katakan dalam hati untuk menenangkan diri ketika hatiku terluka,neutral,0.39
sedih,sad,0.73
tapi teringat pas lsp ngejurnal manual sampai arus kas saya lancar komputer juga lancar eh giliran ujian teori saya apes banget tiba kayak orang bego lucu gue,anxious,0.82
hihi ada ada saja,neutral,0.22
tapi tidak jadi sedih orang ekskul nya tidak seru tersenyum indah menawan surat pemberitahuan tahunan cekep cewek cakap,neutral,0.36
bangsat memang kamu sudah,angry,0.96
terima kasih ya sudah bikin hariku lebih baik dan kepikiran terus pas perjalanan sama dia,happy,0.24
akhirnya lolos interview kerja serius di rumah sama keluarga,happy,0.09
aku sih anak bodoh,neutral,0.33
jangan kesal kalau dia masih bisa bawel kamu mengingatkan kamu justru kamu harusnya sedih kalau dia sudah tidak pernah bawel dan tidak pernah mengingatkan kamu lagi,neutral,0.3
dulu tiap merasa tidak nyaman sedih takut kesal selalu mencari pengkaburan,sad,0.73
tidak berlaku sama aku yang tidak suka minum dingin dan berasa rasa jarang banget ke area ini malahan aku biasanya langsung ke rak susu yang dibawahnya juga ada air mineral,neutral,0.26
khawatir sama kondisi sekarang agak random sih pas perjalanan sama teman kantor,anxious,0.89
ini yang dicari bood adalah jangan marah marah tapi healing lucu,angry,0.91
tak sah tak bodoh,angry,0.91
ha kayak dendam bnaget sama ibu,angry,0.97
tedia hari nih saja katapat,neutral,0.32
terima kasih ya sudah bikin hariku lebih baik tapi ya sudahlah di rumah sendiri,happy,0.16
saya sebagai mantan yeen pecinta merasa malu semoga dia cepat tobat dan bantink setir jadi yeen pobic ya semoga lekas sembuh buat teman kamu,neutral,0.29
sedih banget dengar kabar denise biasku di sc dia suaranya cakap banget ampun tetapi tidak apa apa apapun yang terbaik buat dia wish i can hear your suara again,sad,0.61
awal smt ada rekrutmen buat asdos mau daftar maju mundur takut ilmuku belum cukup,anxious,0.76
aku cuma ingin istirahat sebentar banget di kampus sama dia,sad,0.56
tidak punya sayang sedih jadi fan man utd sedih sedih,sad,0.69
pak tolong lah ringan kan beban saya jadi orang tua yang takut anak nya di vaksin anak saya tahun pak umur nya dada nya sering sakit pak setelah vaksin satu terkadang saya mau nekad saja untuk bunuh diri karena terlalu tertekan mengenai vaksin nih pak tolong saya pak,anxious,0.88
masih pagi sudah marah marah saja,angry,0.87
merasa sendirian akhir akhir ini sumpah waktu malam sama keluarga,sad,0.77
kaget doang heran doang bicara doang,neutral,0.27
sedih juga kakak bangun bangun di kolong jembatan tidak tau harus kemana,sad,0.62
benar banget sih banyak banget yang benci sama gue salah satunya pas saya kerja di penulis ada nih teman saya yang di depan baik di belakang malah bilang ke kakak ipar saya kalau dia tidak suka gue malah cenderung ke benci pas saya diputus kontrak dia itu senang banget anjir,angry,0.88
rebahan memang paling enak tidak sih,happy,0.11
malam ini kepikiran terus jadi sedih padahal sudah coba santai di kantor sama dia,sad,0.84
akhirnya lolos interview kerja jujur saja tadi pagi sama keluarga,happy,0.21
ronaldo tidak usah sedih saya juga dulu kayak kamu tapi parahan kamu sih,neutral,0.38
cemas memikirkan masa depan jujur saja bareng teman sama dia,anxious,0.84
rasanya kosong saja hari ini jujur saja di kampus sama keluarga,sad,0.72
kehilangan semangat buat kenapa apa jujur saja pas perjalanan sama keluarga,sad,0.63
kemarin takut serok sekalinya hari berturut turum hijau terus sedih,sad,0.61
gue semalam lagi asyik baca tiba tiba dia lock akun sedih banget,sad,0.75
marah mulu perasaan,angry,0.94
lagu merasa indah kenapa sedih ya,sad,0.64
sedikit sedih kemarin tidak jadi tindakan injeksi tetapi memang benar kata dokternya aku sudah vakum bulanan jadi kalau langsung injeksi lagi nanti kaget malah kemarin cuma dikasih obat sama salep begitu banyak benar jadi takut sendiri,anxious,0.82
lucu gue puas banget,happy,0.01
dapat kabar baik dari keluarga tadi pagi agak random sih sama dia,happy,0.27
cemas memikirkan masa depan serius sama teman kantor,anxious,0.74
sebelumnya yang meraknyat saja belum apa mendunia pujian di luar negeri hinaan di negeri swndiri pak anies cinta rakyat cinta warga utamakan kemakmuran kedamaian kedaulatann gue suka gaya pak aniss,happy,0.07
ini ramai banget urang suka ge pas kira bocah cilik lucu gue,happy,0.19
mirip kucingku semalam dia ketabrak motor terus mati ya allah sedih banget,sad,0.68
kesal banget hari ini sih bareng teman sama keluarga,angry,0.68
sakit hati tapi tidak berhak marah juga karena bukan siapa,angry,0.93
pas ketemu tidak jadi marah jadi tambah sayang hem,angry,0.98
lelah sama keadaan sekarang di kampus sama teman kantor,sad,0.77
kecewa banget sama hasilnya agak random sih di kampus,sad,0.83
sedih kenapa,neutral,0.39
wordle bego banget nebak huruf lain di percobaan ketiga,angry,0.92
lucu wkwk karena bonek tidak hanya mendukung persebayang saja tapi persik persela psis persis pss psid jombang awokawok ini bukan basis ya tapi sengkuni mengadu domba contoh arema indonesia lawan psid jombang sg main siapa sg teko siapa pss lawan arema endi onok lambang pss ndas bonek,neutral,0.33
kesal banget sumpah bagaimana ya bisa nya berbicara nanti kamu suka sama yang lain aku ditinggal punten kamu suka sama aku saja aku sudah keong ha kamu melihat ke arah aku saja aku sudah beruntung banget lah aku ditinggal saya meninggalkan kamu kemana sih tukang martabak,angry,0.98
sudah dong marah nya,anxious,0.71
bersyukur itu adalah tidak mudah kecewa dengan apa pun yang terjadi dan tidak mengeluh dengan semua yang harus dihadapi,neutral,0.25
bingung dan takut ambil keputusan banget asli di kampus sama keluarga,anxious,0.75
akhir akhir ini cemas terus banget asli di kampus sama dia,anxious,0.94
anxious banget sebelum meeting tadi padahal sudah coba santai pas perjalanan sendiri,anxious,0.71
terlihat meyakinkan namun menyakitkan suatu sat kamu akan mengingat ku entah sebagai orang bodoh yang berhasil engkau tipu atau sebagai orang baik yang kamu kamu kan,sad,0.71
bukan emosian mbak tapi bikin emosi,angry,0.95
marah banget karena pekerjaan berantakan tapi ya sudahlah di rumah sama dia,angry,0.9
senyum sendiri pas ingat kejadian tadi serius tadi pagi,happy,0.25
ya sudah semangat buat hari ini,happy,0.2
kok takut,anxious,0.77
bahagia adalah milik mereka yang bangga menjadi dirinya sendiri,neutral,0.24
memotivasi mereka untuk belajar dan pintar orang orang tua merekapun juga senang dengan adanya pondok pintar papua inu ucapan terima kasih para orang tua diberikan untuk para satuan tugas yonif,neutral,0.21
aku janji perbaiki diri demi kamu tapi maaf ya kalau buat jaga diri aku gabisaa aku benci diri aku sendiri,sad,0.52
iya andin saja sampai sekarang dia belum ngomong dia mak kandung nya dia pikir reyna kalau tau dia bapak kandung nya bakal senang kali ya lucu gue tidak ingat dia sudah buang itu anak bukannya harusnya takut reyna marah kok ini malah sebaliknya aneh kan magadir kak,neutral,0.36
lelah sih tapi puas hasilnya bagus hari ini di kantor sama keluarga,happy,0.22
deg degan menunggu hasil pengumuman bareng teman sendiri,anxious,0.82
bangun tidur dengar dua kabar tidak enakin itu sedih banget,sad,0.74
rasanya ingin marah terus tapi ya sudahlah pas perjalanan,angry,0.89
tafsir ya antara kaget dan tidak kaget tapi tetap saja takut boi,anxious,0.77
mun ujar jhon tralala semangat cantik,happy,0.09
sampai pagi ini masih menempel suara denise cover day ini di kepala antara masih masih kagum dan sedih karena dia salah satu orang yang bikin ku tertarik ke korea pop karena headvoice dan range vokal dia bagus banget,sad,0.7
biasanya juga kalau titip ke aku toh kenapa ke ibu sudah tau ibu suka lupa masih saja menitip ke ibu biasanya juga menitip ke aku terus di balas apa menitip apa nyenyenye malah marah saya kasih tau biar kalau menitip ke saya saja biasanya juga kayak begitu anjing,angry,0.89
rasanya sedih banget akhir akhir ini hari ini di kampus sama keluarga,sad,0.72
makan favorit hari ini bikin bahagia di rumah sendiri,happy,0.22
kehilangan semangat buat kenapa apa lucu tadi pagi sama teman kantor,sad,0.68
cemas memikirkan masa depan tapi ya sudahlah tadi pagi sama dia,anxious,0.87
kenapa sih harus bikin masalah terus agak random sih waktu malam,angry,0.66
atas nama ham guru dilarang marah pada muridnya polisi dilarang membunuh penjahat suami dilarang tegas pada istrinya orang tua dilarang ngekang anaknya kebanykan yang dinilai dilihat cuma tindakan nya bukan penyebab nya bisa jadi korban itu yang salah yang memancing kekerasan itu,neutral,0.28
malam ini kepikiran terus jadi sedih dan kepikiran terus di rumah,sad,0.67
cemas memikirkan masa depan jujur saja bareng teman sama dia,anxious,0.84
tentu saja tidaak lucu,neutral,0.38
akhir minggu ini seru banget dari tadi kepikiran bareng teman sendiri,happy,0.13
kurangi sambat tambahi semangat gas sluurr,happy,0.07
emosi lihat komentar orang tadi sumpah di kantor sama dia,angry,0.9
somehow agak ragu kalau dibilang yang dicari talent karena pada dasarnya yang dilihat ada dua visual sama talent tapi wajar sih namanya juga showbiz indonesia saja begitu bagaimana korea cukup menyedihkan,sad,0.76
pagi sudah dibuat emosyenn enggak mengerti pikirannya apa posting foto cewek mau marah memang ya ibu sudah tidak ada tapi mau tidak marah jujur ingin marah jujur jadi tidak suasana hati hari ini,angry,0.87
kakak ica apa kabar,neutral,0.29
sesungguhnya allah murka terhadap orang yang mahir terhadap ilmu dunia namun bodoh terhadap ilmu akhirat hari abu daud,neutral,0.35
dari kemarin aku demam tenggorokan nya sakit ya allah takut,anxious,0.84
akhirnya lolos interview kerja banget di kantor sendiri,happy,0.06
belum di tuduh partai komunis indonesia dan marah kamu drun,angry,0.96
khawatir sama kondisi sekarang bareng teman,anxious,0.86
masih susah pindah on dari kejadian itu lucu pas perjalanan sendiri,sad,0.75
ini ruangan ruangan favorit selama jadi mahasiswa kayak hampir satu harian ngabisin waktu di sini dan pulang ke rumah kayak cuma buat tidur doang apa pas lagi santai duduk di koridor mandangin langit senja kangen banget tolong masa masa yang sekarang tinggal jadi kenangan,neutral,0.32
lahya apa marah lucu,happy,0.09
usul oppa diterima senyuman pun diberikan pada pemuda sebanyak apapun kue yang dia makan bukan masalah sebab ia suka makanan manis itu oppa tau tempat beli kue paling enak tidak kalau tidak tahu eun saja tau sekali,neutral,0.24
allah kalau memberi surprise suka banyak banget jadi terkejutt bahagia a lucu,happy,0.06
itu normal untuk manaa investment verification,neutral,0.35
deg degan menunggu hasil pengumuman hari ini di kampus sama keluarga,anxious,0.83
sayang tidak suka ya kalau sih pacar mu itu datang pada acara meet and greet kamu nanti saya harap kamu menghargai perasaan fan saya tidak mau acara kamu kacau hanya karena pacar mu itu datang,angry,0.95
cuddle saja,neutral,0.34
ayo cek koleksinya temukan angry draken yang unik nftindonesiamendunia merketplace skin normal eth,neutral,0.29
geram banget sama pelayanan tadi banget asli bareng teman sama dia,angry,0.82
hari ini berat banget dijalani banget asli waktu malam,sad,0.58
sudah sabar tapi masih dibohongi tapi ya sudahlah di kantor sama keluarga,angry,0.91
malam ini kepikiran terus jadi sedih agak random sih di kantor sama dia,sad,0.6
betul aku juga begitu mikinya nanti kalau pas sudah nikah mau konsultasi tentang kehamilan maunya pakai dokter yang biasa dipakai keluarga ku pas mereka hamil saja lebih aman,neutral,0.36
saya lagi nangisin cowok fiksi tiba tiba abang saya datang sudah salat belum kamu saya antara takut di marahi karena belum salat dan malu karena menangis buat mata saya sembab,anxious,0.8
makan favorit hari ini bikin bahagia di rumah sama dia,happy,0.23
saat tetangga muslim meninggal meski kelakuannya sering jadi omongan bertaburanlah doa di kekasih tetapi saat tetangga non muslim yang jarang berkonflik hanya ucapan turut berduka yang terucap apakah mereka takut atau tidak mau mendoakan padahal allah sebaik baik pengampun dosa astagfirullah,sad,0.79
aku senang jangan ganggu suasana hati bahagiaku,happy,0.1
kehilangan semangat buat kenapa apa jujur saja pas perjalanan sama dia,sad,0.63
senang banget hari ini ketemu teman lama serius di kantor sama dia,happy,0.27
akhirnya lolos interview kerja waktu malam sendiri,happy,0.12
awalnya ingin menonton tapi reviewnya begitu ada yang bilang beberapa scene tidak bisa sampai klimaks jadi tidak kerasa problemnya apa bisa jadi juga karena sudah kebal mati rasa jadi biasa saja lucu gue,neutral,0.32
rasanya kosong saja hari ini lucu di rumah sama dia,sad,0.76
orang itu bikin emosi banget banget di kampus sendiri,angry,0.88
merasa sendirian akhir akhir ini dan kepikiran terus waktu malam,sad,0.63
hari ini produktif dan suasana hati bagus serius di kampus sama dia,happy,0.29
semangat,happy,0.16
cemas memikirkan masa depan lucu di kampus,anxious,0.89
menemani adikku main genshin di play station dia menceritakan soal gamenya panjang lebar pakai bahasa inggris tapi aku cuma oh lucu h iyakah enggak mengerti soalnya anjir berasa bodoh level akhir,sad,0.7
kirimlah bangsa kg perbulan perjenisnya,neutral,0.39
seru plot twist banget ceritanya terus ada semua di situ romance nya terus thriller nya sedih sedih nya juga walaupun memang agak bikin pusing setelah menonton aku nontonnya pas on pergi jadi bikin pusing menunggu next episode,sad,0.53
hari ini berat banget dijalani tapi ya sudahlah di kantor sama dia,sad,0.7
tinggalkan semua orang yang sekiranya toxic buat kamu kamu enggak boleh sedih oi ini sudah jalan kamu yang sudah diatur sama allah sok ya kamu harus memahami dan harus bisa mengerti terus jadi bisa mencintai semua orang juga punya kelebihan kekurangan masing,neutral,0.26
akhirnya tugas selesai juga lega banget banget sama teman kantor,happy,0.06
acc real sepi yuk join admin member baik hati dan tidak sombong b,neutral,0.2
makan favorit hari ini bikin bahagia dan kepikiran terus di kampus sama dia,happy,0.19
malah enak,happy,0.01
yang namanya terlanjur sayang itu ribet lah mau cuek tidak bisa mau marah tidak bisa bisanya cuma diam diam diam menyesal diam diam menangis,sad,0.79
seru ya ternyata nontonin orang bego,happy,0.01
aduh tidak enak banget nih keluarga kalau misalnya klaksonin,happy,0.17
kalau main tiktok bikin kamu jadi orang tolol tidak beradab tidak tau toleransi better kamu stop main tiktok hanya karena konten jadi kehilangan attitude,angry,0.97
rasanya ingin marah terus banget asli di rumah sama dia,angry,0.78
akhir akhir ini cemas terus sih pas perjalanan sama keluarga,anxious,0.95
malam ini kepikiran terus jadi sedih dari tadi kepikiran pas perjalanan sama dia,sad,0.59
rasanya kosong saja hari ini serius bareng teman,sad,0.84
takut kalau hasilnya jelek jujur saja di rumah sama keluarga,anxious,0.94
orang itu bikin emosi banget dan kepikiran terus pas perjalanan sama teman kantor,angry,0.8
takut gagal di presentasi besok dan kepikiran terus di rumah sama dia,anxious,0.98
ini sih zam apa direct message gue saya takut anjing,anxious,0.86
padang enak,happy,0.03
bodoh banggang tak sedaq dengan kediri sendiri itu orang kata jenis tak mengerti natural killer bersyukur bagi p lah banyak mana pun tetap tak akan cukup natural killer ada hati pula natural killer cantas aku bukan main bodoh banggang lagi habaq kita lani natural killer tukaq senang orang tua takdak sudah nanti semua aku potong nama,angry,0.9
lebih baik melihat dia marah dari pada melihat dia sedih,sad,0.51
takut gagal di presentasi besok banget asli tadi pagi sama teman kantor,anxious,0.78
aduh sih tolol keceplosan,angry,0.93
paling benci kalau lagi diam terus panik sendiri tak tau bingung kenapa,angry,0.93
anxious banget sebelum meeting tadi jujur saja pas perjalanan,anxious,0.97
tapi menurutku tidak aneh nder normal saja,neutral,0.36
semangat semoga lancar ya,happy,0.17
geram banget sama pelayanan tadi banget waktu malam sama keluarga,angry,0.67
orang itu bikin emosi banget jujur saja di rumah sama dia,angry,0.71
kehilangan semangat buat kenapa apa lucu bareng teman sama keluarga,sad,0.61
bangsat sudah ini,angry,0.87
orang itu bikin emosi banget banget bareng teman sama teman kantor,angry,0.72
hari ini produktif dan suasana hati bagus bareng teman,happy,0.28
masih susah pindah on dari kejadian itu hari ini waktu malam sendiri,sad,0.79
lelah menghadapi orang yang egois banget waktu malam sama teman kantor,angry,0.85
ngakaka semangat,happy,0.14
semangat dong menitip rok sebentar,neutral,0.3
kalau yang cuma kembang tahu doang aku belum pernah coba tapi pasti enak aduh lupa namanya,happy,0.12
bismillah deh saya masih takut soalnya kalau main warna pastel,anxious,0.77
aneh sih orang kalau sudah cinta kadang kadar kebegoannya meningkat maaf sender tapi jujur kamu bego,angry,0.94
infp sepertinya panik di semua hal sih,neutral,0.31
khawatir sama kondisi sekarang hari ini pas perjalanan sama keluarga,anxious,0.91
lelah sama keadaan sekarang banget asli di kantor sama keluarga,sad,0.79
puas,happy,0.02
gila ya emosi kamu aku lihat komen komennya anjgg,angry,0.99
orang itu bikin emosi banget dari tadi kepikiran di rumah sama teman kantor,angry,0.93
aku sedih banget,sad,0.6
kenapa sih harus bikin masalah terus sumpah di kantor sama teman kantor,angry,0.65
ini adalah enak di suami semua tidak enak di istri goblok,angry,0.98
kadrun kroco sih cuma dapat nasi bungkus jika ada order demo tetapi kini lagi sepi order jadi kelaparan makanya kacau meracau jadinya lucu tertawa,happy,0.11
sukses mion semangat,happy,0.03
kecewa banget sama hasilnya hari ini bareng teman sama dia,sad,0.59
khawatir sama kondisi sekarang dari tadi kepikiran di rumah sama dia,anxious,0.71
yang komen buruk ini benaran ada masalah sama otaknya kayaknya tolol banget,angry,0.96
penonton kecewa,sad,0.78
merasa sendirian akhir akhir ini jujur saja waktu malam sama keluarga,sad,0.82
simpang agus salim antrean kendaran normal diketiga kaki simpang situasi arus lalu lintas lancar,neutral,0.28
rasanya sedih banget akhir akhir ini serius di rumah sama teman kantor,sad,0.81
kehilangan semangat buat kenapa apa sama keluarga,sad,0.79
nenek sama mak ku nih tapi kalau ada orang lagi berbicara kadang suka ikut njawab heran banget,angry,0.98
rasanya gugup terus hari ini dan kepikiran terus di kantor sama keluarga,anxious,0.92
dulu di media sosial saya baca banyak yang komen psi itu dipelesetkan dengan kepanjangan partai sampah indonesia dan saya sangat sedih mendengarnya tapi sekarang saya baru mulai memercayai akan hal itu terlebih sekarang setelah mengetahui kualitas pimpinannya surat pemberitahuan tahunan ini,sad,0.69
ada yang terlihat tenang padahal sedang berantakan ada yang terlihat bahagia padahal sedihnya luar biasa,neutral,0.38
jahat banget buat kalian laki laki tolong jangan suka jajan sembarangan dong,angry,0.99
khawatir sama kondisi sekarang sumpah di kantor sendiri,anxious,0.92
sedih tapi masih pagi,sad,0.63
karena bisanya cuma itu doang aku bego soalnya,neutral,0.38
belikan mama rukuh biar semangat ibadah njoo,neutral,0.3
cemas memikirkan masa depan tapi ya sudahlah pas perjalanan,anxious,0.84
alah nanti pas saya jawab saya diejek menyontek google lagi jawab salah tidak jawab salah walah angel memang lek sudah debat sama banci tolol koyok ini aku sih isin wakak,angry,0.98
tolong hai baru bangun tidur tiba pas buka twitter dapat kabar denise,anxious,0.84
karena takut tenggelam dalam lautan luka dalam,anxious,0.85
iya gaya penulisannya aku suka banget ringaan enakk bacanya lucu h,happy,0.06
sabtu ini sudah jadwal bersih bersih kamar indekos karena berantakannya luar biasa klora di sini sudah memasuki usia kepala tiga tahun ini,neutral,0.3
ina tidak perlu terbeban harus menang ya orang blnya juga panik semua di sini jadi tenang saja,neutral,0.28
saya itu memang suka gimik suka bercanda tetapi kalau saya lagi serius ya tolong ikuti serius lah kaya tolong baca situasi juga masa karena saya suka bercanda kamu jadi suka hidungmu suka dari ujung rambutmu sampai ujung kakimu semuanya aku suka malu kali ku tapi mau sedih,sad,0.72
ahay bocah tengil tolol cuma pintar foya ngabisin hasil warisan mumpung masih banyak warisan terusin saja halunya,angry,0.94
hiih kamu harus ikhlas semangat berproses semuanya,happy,0.05
lelah menghadapi orang yang egois banget di kampus sama dia,angry,0.7
senang banget hari ini ketemu teman lama dari tadi kepikiran di rumah sama dia,happy,0.27
lucu apa iya benar aku pun kaget ternyata ujung nya anak bio,anxious,0.84
pertanyaan tolol,angry,0.99
bacoot kadrun memang bangsat,angry,0.95
kehilangan semangat buat kenapa apa sumpah di kampus sama teman kantor,sad,0.81
semangat buat hari ini ya kamu deserve tapi be happy anw jangan lupa sarapan agas,happy,0.04
prioritas utama saya sekarang kazuha sih mana dia tidak ada kabar,neutral,0.31
tidak ada semangat,neutral,0.2
rasanya kosong saja hari ini sih di kantor sama teman kantor,sad,0.6
hari ini berat banget dijalani banget tadi pagi sendiri,sad,0.66
geram banget sama pelayanan tadi dan kepikiran terus di rumah sendiri,angry,0.68
selain itu meskipun banyak aktivitas benaran santai dan sama sekali tidak menekan bisa skip aktivitas kalau lagi sibuk bisa di cek nih kalender februari bagaimana seru dan menarik kan tunggu apalagi rumah ya natcy saja,neutral,0.23
pp boleh meminta kritik dan saran worth tidak ya kalau jadi ready persediaan takut malah flop begitu tia,anxious,0.78
akhirnya lolos interview kerja hari ini tadi pagi sama teman kantor,happy,0.08
sedih mau celana dalam,sad,0.71
pagi sudah dibuat sedih saja sama dennise,sad,0.73
sudah cari grabmart lah tokopedia fresh aplah semacamnya tetap sih paling enak adalah wassap kang sayur soalnya bisa menitip apaan saja yang tidak ada di cart,neutral,0.23
tapi kalau ingin paham lebih enak baca recap di youtube google daripada pas lagi dalam ini game coba cari dan baca,neutral,0.21
senyum sendiri pas ingat kejadian tadi padahal sudah coba santai di kantor,happy,0.28
aku adalah masa tiap harii sama kadang nih paginya tidak kenapa ini tetap saja ke logout makanya ini suka degdegan banget takut,anxious,0.86
akhir akhir ini cemas terus lucu di kampus,anxious,0.92
sedih salah ketik,sad,0.65
tidak usah menambah emosi tad,angry,0.94
wah senang disangka line tampak muda aku di sana sujiya,neutral,0.34
takut kalau hasilnya jelek banget pas perjalanan sendiri,anxious,0.97
sedih sih cuma bagaimana,sad,0.79
jelas agar orang tidak takut sama tentara nasional indonesia,neutral,0.3
jangan di sini ah malu,anxious,0.85
degdegan banget hari ini ya ampun semoga lancar sinyal bisa kerja sama ya please tabletku jangan suka tiba no connection ya salam sehat waras semuanya,anxious,0.71
rasanya sedih banget akhir akhir ini di kantor sama teman kantor,sad,0.67
saya setuju dengan segala statmentmu tadi hanya saja khusus indonesia untuk diiplementasikan seperti itu amatlah berat bahkan pemerintah pun jika ingin bikin kebijakan seperti ini agak sulit karena bakal banyak pertentangan dari kaum maha suci baik verbal maupun fisik nantinya,neutral,0.24
kecewa banget sama hasilnya jujur saja di kampus sama keluarga,sad,0.68
rasanya kosong saja hari ini serius pas perjalanan,sad,0.7
pacar atau antigen saja di dewasa gejalanya mild biasanya kayak flue biasa,neutral,0.25
hati hati terhadap akun palsu yang mengatasnamakan bank mandiri dan meminta data rahasia untuk informasi terkait produk dan promo menarik bank mandiri ibu bisa chat mita di whatsapp official tetap jaga kesehatan selalu tks wilsa end,neutral,0.32
apa kabar es doger sama bisnis laundry sama komisi pemberantasan korupsi nya takut usut uenaknya,neutral,0.35
jumat tes ag hasilnya negatif santai saja seninnya sidang offline ketemu banyak orang sampai malam selasa ngurung diri di kamar rabu sore akhirnya pergi ke rumah teman karena mau ambil barang banyak banget pulang malam juga lucu,neutral,0.21
kaget anjir mini,anxious,0.72
a luar biasa banget kadang suka iri sama anak ilmu pengetahuan alam dulu kenapa bisa ambisius dan kompak secara bersamaan anak kelas saya malah berkelompok mulu kalau apa apa jadinya malas,sad,0.78
hi kak langit wah mantap ya kak semangat terus wfh nya kak semoga sehat selalu diar,happy,0.08
deg degan menunggu hasil pengumuman banget tadi pagi sama keluarga,anxious,0.86
kecewa banget sama hasilnya hari ini waktu malam sama keluarga,sad,0.6
saya takut,anxious,0.8
marah banget karena pekerjaan berantakan agak random sih di kantor,angry,0.9
senyum sendiri pas ingat kejadian tadi jujur saja bareng teman sama teman kantor,happy,0.12
apabila kita memiliki kebesaran hati maka kita tidak akan mudah marah kecewa dan tersinggung,neutral,0.21
amin ya rabi aalamiin semangat,happy,0.16
lelah sih tapi puas hasilnya bagus banget,happy,0.16
semangat o gue l ya,happy,0.03
ini instagram lagi ramai pap foto sayang lucu gue terus jadi tau deh bias temanku ini siapa saja soalnya pada ngepost foto oppa begitu kan terpantau tidak ada yang bias winner nih bagaimana kecewa,sad,0.52
saya marah tapi saya sayang sama kamu,angry,0.91
kecewa banget sama hasilnya lucu di rumah sama keluarga,sad,0.72
takut kalau hasilnya jelek agak random sih di rumah,anxious,0.89
khawatir sama kondisi sekarang sumpah di rumah sama teman kantor,anxious,0.98
tidak ada yang komentar ya aku saja sudah tapi aku pro situ saja,neutral,0.26
lelah sama keadaan sekarang sumpah di kantor,sad,0.77
takut kalau hasilnya jelek serius waktu malam sama keluarga,anxious,0.75
habis menonton hole live suara courtney stabil banget kalau kelakuannya normal mungkin gue sudah ngestan,neutral,0.35
awali harimu dengan mendoakan seluruh keluargamu dan hidupmu agar bisa melalui hari ini dengan bahagia,neutral,0.25
iya sedih banget padahal sudah menunggu dia comeback lagi sama sn,sad,0.64
senang banget pagi pagi dapat yang manis manis gue gue,happy,0.04
pas mark live instagram kemarin ada yang bertanya ada live koreografi tidak lagu mark itu sedih masa kamu menyuruh mark nyanyi sambil menari yang benar saja,sad,0.7
saya kerja di jababeka dua kak rumah di cengkareng paling pas kereta listrik saja sudah kontra flow jadi sepi,neutral,0.28
masih tingginya kasus omicron di indonesia membuat para pelaku industri pariwisata di bali mengaku sangat khawatir dengan kondisi saat ini meskipun pemerintah telah mencabut pembatasan warga negara asing yang ingin berkunjung ke indonesia namun kunjungan wisatawan asing ke bali masih sepi,neutral,0.37
iyakan dia adeknya anjir bagaimana sih maksud kamu anjir masih pagi ini ya jangan buat emosi bangsat,angry,0.97
sabar sabar jangan emosi,angry,0.98
teman ku banyak ternyata suka bingung sama orang yang kalau chatingan itu ada saja yang dibahas kalau aku itu malas semales itu apa lagi setelah nikah suami di rumah terus mau chatingan sama siapa lagi coba kalau tidak penting penting banget palingan cuma jadi penonton cerita,neutral,0.25
ah iya banget hazaa kayak tiba tiba bawaannya mellow banget ya semangat hazaa semoga mellow kesal sedih gajelasnya cepat hilang ya,happy,0.13
akhir akhir ini cemas terus padahal sudah coba santai di kampus sama dia,anxious,0.71
rasanya ingin marah terus banget tadi pagi,angry,0.79
deg degan menunggu hasil pengumuman jujur saja bareng teman sama teman kantor,anxious,0.78
sebagai tim bubur dengan topping kacang kedele yang banyak saya kecewa dengan pendapat anda,sad,0.57
masih susah pindah on dari kejadian itu sumpah sama dia,sad,0.78
makan favorit hari ini bikin bahagia banget pas perjalanan,happy,0.26
jangan marah,angry,0.96
tapi kami suka korea pop itu tulus kak tidak merasa juga dimanfaatkan karya mereka juga bagus kok menurut kakak karya mereka tidak bermanfaat mau aku kasih lihat penghargaan yang mereka terima julid amat sih begitu banget bencinya sampai dibentur ini sama even moto gp aneh,angry,0.93
kayak nya pada panik simpan permanen data ya,neutral,0.21
takut gagal di presentasi besok dan kepikiran terus di rumah sendiri,anxious,0.91
khawatir sama kondisi sekarang sumpah sendiri,anxious,0.83
lelah sama keadaan sekarang serius bareng teman sama dia,sad,0.65
kehilangan semangat buat kenapa apa dan kepikiran terus tadi pagi sama teman kantor,sad,0.58
semangat buat hari ini,happy,0.18
makan favorit hari ini bikin bahagia dari tadi kepikiran bareng teman sama keluarga,happy,0.29
please sedih banget,sad,0.51
enak banget jadi mbak nain,neutral,0.23
joke itu lawak love itu sayang like itu suka sad itu sedih,neutral,0.33
saya suka jadi wanita misterius oh my god lucu banget sapa ini nih pasti teman sampai di kamu get deja vuu,neutral,0.33
geram banget sama pelayanan tadi jujur saja waktu malam sama dia,angry,0.76
adek orang kata simpan sikit takut esok nak guna lucu,anxious,0.75
senang banget hari ini ketemu teman lama sumpah tadi pagi sendiri,happy,0.15
hari ini berat banget dijalani agak random sih pas perjalanan sama keluarga,sad,0.82
pagi ini tidak sengaja ketemu bestie yang baru nikah seperti biasa kalau ketemu suka cerita dari hal yang tidak penting sekali pun sampai dimana dia tidak sengaja bilang kalau tidak bahagia dan tidak ada rasa sama lakinya syok pasti jadi intinya nikah tidak cukup hanya dengan kata mampu,happy,0.14
mung piala ciki fokus ucl,neutral,0.39
semangat sayang,happy,0.1
kenapa bangsat,angry,0.94
tidur normal tidak begadang lihat mu membuat hidup lebih bahagia,neutral,0.39
kadang benci sama diri sendiri yang lemah banget sedikit sakit sedikit sakit bikin repot semua orang,sad,0.52
saja nak kongsi dekat korang yang kami juga ada buka booth jualan merch boleh singgah cuci mata tengok tengok fizikal dan zine lokal yang dijual rantai art event wig myground mytown belanja centre february sama pm,neutral,0.2
sedih yang bisa disuruh masak indomie berkurang satu,sad,0.58
deg degan menunggu hasil pengumuman banget di kantor sama keluarga,anxious,0.74
manusia manis manusia baik manusia cantikku jimin sudah negatif covid dan keluar dari rumah sakit bagaimana rasanya menggambarkan rasa bahagia ku jimin finally sayangg tinggal pemulihan pasca operasi lagi ya sayang ku jimiinn,happy,0.11
anxious banget sebelum meeting tadi serius,anxious,0.86
gm ayu berkobar semangat,happy,0.16
sama cowok kembar tapi sepertinya yang satu suka sama gue terus kita kos an nya sebelahan begitu dia baik banget terus entah kenapa mereka yang kembar itu tiba tiba menjauh bahkan pindah indekos jadi saya kesepian lagi dan lagi,sad,0.65
summit adalah konferensi untuk pengembang peneliti dan pembuat yang membangun summit akan menjadi kesempatan luar biasa untuk belajar dan terhubung dengan para pemimpin puncak di space,neutral,0.39
lucu sedih seram kayak kok bisa sih,neutral,0.34
gue clingynya suka peluk peluk bukan ini anjing ini apaan tidak jelas banget,angry,0.94
sudah makan belum bang janganlah marah atau sedih karena kalah,neutral,0.25
blibet ini basictnya apa kok tiap hari bcra bodoh terus seolah pekerjaan sipil begitu saja surat pemberitahuan tahunan sesuatu yang tidak mungkin bisa dikerjakan jokowi yang katanya sarjana kehutanan saja bisa bikin toll langit dan toll laut,angry,0.97
deg degan menunggu hasil pengumuman tapi ya sudahlah tadi pagi sama keluarga,anxious,0.8
i biasa i balas dendam kalau dia main game melampau lampau i palau masing dia siapa rasa adil tibee,angry,0.87
tidak ada aneh orang adalah suka cerita mimpi ini mimpi itu saya malah jarang banget mimpi ada bagian malam itu mimpi mimpinya juga suka tidak jelas jadi pas bangun saya lupa tapi agak terkejut begitu,neutral,0.3
takut kalau hasilnya jelek tapi ya sudahlah,anxious,0.93
hari ini berat banget dijalani banget asli tadi pagi sama keluarga,sad,0.8
pagi aku cerah,happy,0.09
ika kamu benar maka kamu tidak perlu marah jika kamu salah maka kamu wajib meminta maaf,neutral,0.24
kita bisa saja menuntut sesuatu agar terjadi namun kehendak tuhan kan dan pada intinya sesuatu yang kita inginkan tidak akan terjadi adalah suatu proses yang terbaik buat kita tetplah tenang mengalir,neutral,0.39
tipe orang yang slowrespon alias malas banget jawabin chat orang tapi paling suka kalau ada yang cerita panjang lebar bikin jengkel,neutral,0.3
akhir akhir ini cemas terus banget asli di rumah sendiri,anxious,0.93
terkadang diam itu lebih enak,neutral,0.21
orang itu bikin emosi banget jujur saja bareng teman sendiri,angry,0.79
banyak fan tersakiti entah dari bws atau shipper main couple di series posisi menang sama female lead di series baru juga jadi serba salah mereka mau dekat ke bright nanti dihujat tidak dekat dibilang tidak ada momen dan itu juga ngebuat fan kecewa,sad,0.5
mahfud mengatakan berita hoaks ini banyak tersebar di sejumlah platform termasuk media sosial yang sebenarnya diharap jadi wadah interaksi warga secara positif,neutral,0.33
mau dendam biarkan saja memang mereka suka dendam politik akibat kalah pemilihan presiden,neutral,0.39
kehilangan semangat buat kenapa apa dan kepikiran terus di kantor sama teman kantor,sad,0.56
kasihan teman acara ulang tahun kemarin ditunda gara contact setelah ditunda banyak yang pamit maaf tidak bisa datang tanpa memberi alasan bilang saja congor tervaksin kamu pada takut heboh season sendirinya tidak percaya keampuhan vaksin tapi menyuruh orang vaksin tidak lucu,angry,0.87
lelah sama keadaan sekarang di kampus sama teman kantor,sad,0.77
aku cuma ingin istirahat sebentar banget di kantor,sad,0.6
soalnya dari kecil sudah dicekokin kalau yang cakap itu yang kulitnya putih alias tolol,angry,0.91
dapat kabar baik dari keluarga tadi pagi dari tadi kepikiran sama keluarga,happy,0.29
lucu apa itu sebenarnya ralat ada yang kurang satu huruf tetapi mau hapus yang awal kok sudah bothnewyear yang like reply kan tidak enak jadi biarkan saja ya,neutral,0.29
takut ditolak,anxious,0.88
terima kasih ya sudah bikin hariku lebih baik tapi ya sudahlah pas perjalanan sendiri,happy,0.08
kalau begitu nol kan saja mereka di jabar,neutral,0.33
alhamdulillah cepat banget sembuhnya take a rest angel senang banget sayang padahal aku lagi sedih mengedit sih al menangis,happy,0.13
kalau aldebaran yang drama andin yang kena marah warga ponpel kalau andin yang drama aldebaran yang kena marah warga ponpel botol ketemu tutup yang kuat ya aladinku,neutral,0.21
lelah sih tapi puas hasilnya bagus banget pas perjalanan sama teman kantor,happy,0.29
tidak begitu suka susu kamu saja mungkin yang minum susu biar makin bongsor,neutral,0.22
rasanya gugup terus hari ini hari ini tadi pagi sama teman kantor,anxious,0.83
hari ini produktif dan suasana hati bagus sih di kantor sama dia,happy,0.25
sabar cuma agak sedih,sad,0.78
benar sering banget pikir kayak begini terus kalau lihat muka emak pas tidur langsung banjir banget kayak pasti lelah ya adalah suka tiba menangis saja lihat mamah diam begitu sampai aku bilang selagi senyum mamah masih ada semua masih baik baik saja tiap kalau aku mau menyerah,sad,0.61
tertawa anjir takut banget lucu wkwk,anxious,0.73
anxious banget sebelum meeting tadi sumpah bareng teman sendiri,anxious,0.85
rasanya kosong saja hari ini tadi pagi,sad,0.78
kalau dia lagi marah omongannya pedas banget suka banting barang apa pun yang ada didekatnya,anxious,0.73
rasanya ingin marah terus banget asli di kampus,angry,0.78
tikung dia di sepertiga malam sebut nama dia waktu salat hajad chat an bahas apa saja terutama tugas gue pribadi tidak suka terlalu clingy biasa saja gas tetapi kalau dia sudah mulai excited bahas sesuatu nah di situ kamu boleh berlebihan,neutral,0.36
anxious banget sebelum meeting tadi dari tadi kepikiran di kampus sama teman kantor,anxious,0.86
slogan itu sudah boleh buang ganti dengan semua polis adalah bangsat,angry,0.87
aku dendam sama itu dua orang itu,angry,0.93
senyum sendiri pas ingat kejadian tadi padahal sudah coba santai sama teman kantor,happy,0.22
friendlyy banget ofc ke cewek memainkan korban suka banget umbar umbar dia lagi dekat sama cewek lain ke gue maksudnya apa ya kak suka gedek saya itu,angry,0.95
buat pengirimnya memang harus banget ya semua orang harus bisa bawa motor kalau teman kamu atau siapapun itu suka tak tau diri ya kamu bilang lah,angry,0.92
khawatir sama kondisi sekarang sih di kampus,anxious,0.86
hem aku rasa sekarang aku lebih baik baik saja daripada kemarin tidak papa,neutral,0.24
akhirnya lolos interview kerja sumpah sama keluarga,happy,0.15
lelah menghadapi orang yang egois dari tadi kepikiran waktu malam sama teman kantor,angry,0.87
dichat dia sampai pesan ternyata tadi saya mimpi bangstt,angry,0.96
senyum sendiri pas ingat kejadian tadi lucu di kampus,happy,0.17
sedih banget tidak sih,sad,0.52
semoga lulus ke universitas impian ya buat temanny semangat,happy,0.1
hari ini produktif dan suasana hati bagus tapi ya sudahlah sama keluarga,happy,0.2
rasanya gugup terus hari ini sama dia,anxious,0.74
harus semangat,happy,0.16
gampang nanti ta pancing pakai tambang timba tapi jangan dalam dalam takut tidak sampai,anxious,0.85
kasusnya akan memuter begitu saja karena merekalah yang memegang kendali saat ini,neutral,0.39
senang banget hari ini ketemu teman lama dari tadi kepikiran di kantor sama dia,happy,0.15
kecewa banget sama hasilnya banget asli di rumah,sad,0.71
lawan bocah cilik saja takut apalagi melawan restu orang tua,anxious,0.73
deg degan menunggu hasil pengumuman dari tadi kepikiran pas perjalanan,anxious,0.82
masih bisa sampai tanggal jangan panik tenang saja,neutral,0.39
sudah ini saja nder serlok sekarang marakne emosi esuk,angry,0.87
semoga cepat sembuh pak salam untuk keluarga besar tetap semangat,happy,0.18
dibonceng soalnya sampai sekarang suka bego kalau lampu merah kadang kelabas untung saja masih hidup terus lelah juga bawa mtr sendiri agak takut nyebrang kalau tidak modal nekat,anxious,0.73
wooshik apa tidak takut ini sampai mengetren di kira,anxious,0.83
takut ekspedisi apa yang aman sekarang,anxious,0.8
mau sedih tapi,sad,0.65
sepi amat mentang mentang sabtu,sad,0.63
kepikiran banyak hal sampai susah tidur dan kepikiran terus di kampus sama keluarga,anxious,0.85
dua hari ini merasa flu tapi gejala omicron begitu semoga saja sih memang flu biasa bismillah tidak apa apa meski takut,anxious,0.81
sudah sabar tapi masih dibohongi dan kepikiran terus bareng teman sama teman kantor,angry,0.76
oi mangkuk sebelum ph bulan pun harga ayam lat tesco memang bahalol untungla kontol bodoh free,angry,0.85
kehilangan semangat buat kenapa apa agak random sih bareng teman sama teman kantor,sad,0.82
ayam penyet sambal hijau kak enak sih tetapi nguantri banget,neutral,0.28
takut banget karena kepala pusing tenggorokan mulai serak dan badan hangat untung kemajuan teknologi di tahun ini menyelamatkan anak indekos sepertiku terima kasih gomart,anxious,0.77
bahagia bukan berarti segalanya sempurna bahagia adalah ketika kamu memutuskan untuk melihat segala sesuatu secara sempurna,neutral,0.36
aku cuma ingin istirahat sebentar sama keluarga,sad,0.56
contohilah kkss kerukunan keluarga sulawesi selatan organisasi besar tetapi tidak mencari musuh dimanapun mereka berada selalu menyelesaikan masalah dengan musyawarah luar biasa,neutral,0.37
cemas memikirkan masa depan di kampus sendiri,anxious,0.78
sudah biasa kalah dan tersakiti,sad,0.55
aku mau komen tapi takut lucu,anxious,0.82
akhir minggu ini seru banget banget asli bareng teman sama keluarga,happy,0.27
kaget lah kenapa ramai banget twtnya kiraan ada apaan anjir,anxious,0.84
rumit banget jadi orang ya kalau tidak suka ya simpel keep saja sih ribet banget hidupnya,angry,0.94
tapi kamu selalu memberi argumen seakan kamu doang yang sakit anjing kalau memang kamu tidak suka sama saya fine tinggalkan saya dari awal dan tidak perlu merespons lebih dari itu justru kamu merespons seakan yang bakal kejadi nyata banget,angry,0.95
ya allah turut sedih juga soalnya dia teman monday,sad,0.56
mjb kak coba sambil dengarkan lagu yang mellow sedih begitu,sad,0.79
kecewa banget sama hasilnya padahal sudah coba santai di rumah,sad,0.77
dulu gue tidak masalah ngekos kamar mandi luar tetapi setelah merasakan kamar mandi dalam ternyata enak ya,happy,0.09
sedih bahh lucu gue,sad,0.73
semangat anggun aku juga setiap hari pulang jam sore mana bimbel kali seminggu,happy,0.02
kehilangan semangat buat kenapa apa dari tadi kepikiran di kampus sama teman kantor,sad,0.66
rasanya gugup terus hari ini hari ini waktu malam,anxious,0.96
syaraf bin edan tidak puny malu goblok cebong tolol sama dengan si mukidi,angry,0.88
kok masih sepi ya,sad,0.66
geram banget sama pelayanan tadi tadi pagi sama keluarga,angry,0.85
bangsat,angry,0.87
paling suka dengan kisah nya danan dan cahyo sayang aku ketinggalan banyak karena baru gabung di twit aku baru baca kisah desa tanggul mayit dan gending alas mayit ingin tau kisah dari awal tapi bingung bagaimana mencari nya karena baru di twitter,neutral,0.22
senang rasanya sehat kembali makan normal habis sampai bersih piringnya melihat senyum ibu semringah seorang penjual,happy,0.03
makan favorit hari ini bikin bahagia sih di kampus sama keluarga,happy,0.12
marah banget karena pekerjaan berantakan hari ini di kampus sama keluarga,angry,0.9
malam ini kepikiran terus jadi sedih tapi ya sudahlah di kampus sama teman kantor,sad,0.85
makan favorit hari ini bikin bahagia banget asli di rumah sendiri,happy,0.07
masih susah pindah on dari kejadian itu agak random sih waktu malam,sad,0.73
semua kadrun benci ahok itu sudah lumrah,angry,0.94
takut kalau hasilnya jelek serius di kantor,anxious,0.78
orang itu bikin emosi banget banget di rumah sama dia,angry,0.87
di sini masih enak banget sih bosnya keluargnya tidak tau bagaimana kalau dia benaran kerja ke tempat yang benar profesional kaget sih pasti lucu tapi bagus,anxious,0.81
ini saya dulu kaget pas pertama kali ada staf resign sampai bawa perasaan lama lama biasa,neutral,0.37
anxious banget sebelum meeting tadi dari tadi kepikiran di kampus sama dia,anxious,0.89
orang itu bikin emosi banget serius di kampus sendiri,angry,0.85
aku benci kata jenuh,angry,0.91
anxious banget sebelum meeting tadi agak random sih tadi pagi sendiri,anxious,0.85
benci jadi cinta jeongharu onetweet au,neutral,0.36
tetapi kalau yang tiba tiba kata mbak nya bilang mau putus sekolah ya kaya nya bukan mak gue saja yang marahh bapak gue juga lebih marah lagi jangan lupa tetangga pun pastinya ikut bergonjang ganjing atas hidup ini lucu,angry,0.99
eh kak yumii rest well ya semangat belajarnya jangan lupa jaga kesehatan,happy,0.16
hypeask album dan wv press kalian yang waktu itu shipsoon sekarang statusnya bagaimana tolong jangan dianggurin sender sedih banget yang sudah di rumah sampai ina dan lain lain jangan rep ya,sad,0.78
kenapa sih harus bikin masalah terus banget bareng teman sama teman kantor,angry,0.89
takut kalau hasilnya jelek di kampus sendiri,anxious,0.89
dapat kabar baik dari keluarga tadi pagi serius di kampus sama teman kantor,happy,0.09
idm selamat pagii senang banget dapat kabar jiminie hari ini buat kalian sehat terus ya jangan lupa sarapan,happy,0.07
emosi banget lihatnya,angry,0.96
kehilangan semangat buat kenapa apa tapi ya sudahlah pas perjalanan sama keluarga,sad,0.85
iya kamu yang di sana kok kamu ganteng banget sih maaf tidak bisa berbicara langsung sedih deh,sad,0.68
enak asal jangan diaduk,neutral,0.31
orang itu bikin emosi banget hari ini tadi pagi sendiri,angry,0.79
deg degan menunggu hasil pengumuman jujur saja di kampus,anxious,0.93
surat ojk palsu eazy properti pt indonesia jaman sekarang cc,neutral,0.38
geram banget sama pelayanan tadi dan kepikiran terus,angry,0.9
benar koo artinya bikin kaget,neutral,0.32
anxious banget sebelum meeting tadi dari tadi kepikiran di kampus sama teman kantor,anxious,0.86
khawatir sama kondisi sekarang serius di kampus sama teman kantor,anxious,0.9
anxious banget sebelum meeting tadi banget waktu malam,anxious,0.83
maaf tetapi kenapa takut eh kalau cert mysj jadi putih as long kita bertegas sudah amik dose should be fight sajalah balik kan even kj ugut macam itu,neutral,0.22
pagii semangat kegiatan hari ini jangan lupa sarapan have a nice day,happy,0.02
senang banget hari ini ketemu teman lama jujur saja waktu malam sama keluarga,happy,0.18
mestinya yang benci pemerintah di obatin sampai sembuh tidak hanya covidnya yang sembuh tapi sakit hatinya juga sembuh,angry,0.98
kehilangan semangat buat kenapa apa sumpah tadi pagi,sad,0.82
cemas memikirkan masa depan sumpah waktu malam sama dia,anxious,0.92
amin ayo semangat,happy,0.02
tidak semangat on rupiah,happy,0.07
lelah sih tapi puas hasilnya bagus hari ini bareng teman sendiri,happy,0.17
kei enak,happy,0.09
dapat kabar baik dari keluarga tadi pagi banget bareng teman sendiri,happy,0.19
ayo semangat ayo,happy,0.15
marah banget karena pekerjaan berantakan sumpah di kantor sama dia,angry,0.72
dimesjid jaga jarak di mal desak desakan demi kaos berebut oi sudah masih juga tolol,angry,0.94
iya mnrutku juga sih design nya sudah bagus banyak yang mau nya baju nya pakai kimono begitu kayak tradi banget dan kecewa kenapa kayak western ih banget tetapi sebenarnya tidak juga masih khas jp tidak semua chara jp harus se tradi raiden dan kawan kawan design nya,sad,0.66
fasenya begini tiba tiba suasana hati melow menangis ingin marah tapi tidak bisa grutu nanti pura pura biasa saja nanti akhirnya ingin berbicara terus sampai lelah baru nanti biasa lagi,sad,0.58
gue baru sadar muka gue pas nikahan tidak ada yang beres kayak terpaksa banget senyum sampai photographernya bilang biasanya pengantin adalah suka banget di foto tapi kalau ini adalah susah banget di foto,sad,0.63
kamu takut tidak sih anjir selasa depan anjir treasure benaran coba ya,anxious,0.77
takut kalau hasilnya jelek dan kepikiran terus di rumah sama teman kantor,anxious,0.74
kalau dia marah sampai menghancurkan barang kayak handphone dia atau apa tolong tinggalkan,angry,0.95
contoh orang tolol bin dungu,angry,0.88
ml cara ulti flicker ruby itu bagaimana ya aku ulti malah flicker ke depan karena bingung pencet mana dulu hasilnya tertarik tidak malu banget iya,anxious,0.71
kesal banget sama orang yang tidak tepat waktu agak random sih bareng teman,angry,0.88
juli tak terlihat dirimu habis ke mana saja,neutral,0.33
bingung dan takut ambil keputusan jujur saja tadi pagi sendiri,anxious,0.74
bused agak takut notifnya,anxious,0.89
saya sempat punya hari di mana pada hari itu saya sedih karena kecewa kemudian hari ini saya bahagia kutertawakan hari itu,sad,0.54
kesal banget sama orang yang tidak tepat waktu banget waktu malam sama keluarga,angry,0.77
bagaimana sih caranya biar bigwin cpk banget astaga tidak pernah menang sedih banget sebernya agak iri sama yang bisa bigwin,sad,0.73
yang biasanya pendiem banget kalau tiba tiba oversharing itu kadang suka tidak kekontrol terus akhirnya menyesal sudah cerita jadinya takutan,anxious,0.79
kepikiran banyak hal sampai susah tidur jujur saja di kantor sama dia,anxious,0.82
lagi sebar duit lewat dana kaget nih cuma buat kamu yang paling gesit sikat sekarang,happy,0.16
dapat kabar baik dari keluarga tadi pagi agak random sih sendiri,happy,0.08
kecewa banget sama hasilnya di rumah sama keluarga,sad,0.79
merasa sendirian akhir akhir ini agak random sih di rumah sama teman kantor,sad,0.79
bingung dan takut ambil keputusan lucu sendiri,anxious,0.81
lelah sih tapi puas hasilnya bagus agak random sih di kantor sendiri,happy,0.09
alhamdulillah semangat,happy,0.19
baru saja mengirim foto tropical beach cafe coffee house,neutral,0.24
semangat ya mbak,happy,0.15
semangat di pagi hari,happy,0.05
semangat mas bogs,happy,0.2
iya anjir lucu tertawa sama kayak sakura pada ikut an benci menonton juga tidak anehh mending villain yang hakikatnya memang jadi musuh lah ini mereka bukan villain anjir punya chara development sudah lah imo yang benci mereka kebanyakan cuma kaum ikut an biar dikata keren lucu,happy,0.01
penghargaan ini adalah untuk gubernur sebelumnya anies hanya terima saja colek partai demokrasi indonesia perjuangan,neutral,0.2
saya takut banget kaoru ngentot,anxious,0.86
bisa kak start ke hal aku mahasiswa smt akhir bahasa sastra indonesia murni sudah biasa nyunting teks dan analisis kebahasaan penjurusanku linguistik juga langsung chat,neutral,0.24
lelah sama keadaan sekarang lucu di rumah sama teman kantor,sad,0.61
telur dikocok butter dipanasin di atas teflon memasukkan telornya dorong saja atasnya tidak usah dibalik jadi yang bawah matang atasnya agak stengah matang jadi shiny dan lembut begitu enak sudah coba lucu,happy,0.17
kesal banget hari ini sumpah pas perjalanan sama teman kantor,angry,0.79
deg degan menunggu hasil pengumuman waktu malam,anxious,0.83
merasa sendirian akhir akhir ini di kampus sama dia,sad,0.58
lelah sih tapi puas hasilnya bagus dari tadi kepikiran sendiri,happy,0.1
kenapa sih suka banget memaksakan kehendak,angry,0.99
selamat keren nih pak menteri badan usaha milik negara erick thohir semangat pak,happy,0.09
instagram teman saya cerita nyh denise semua memang sedih tapi mau bagaimana lagi ini sudah keputusan dia tetap dukung secret number dan denise lockey,sad,0.68
request direct message telat banget kalau mau bertanya ke wa atau tidak rep sama tag aku ya soalnya suka telat kalau direct message,sad,0.74
marah banget karena pekerjaan berantakan dan kepikiran terus di rumah sama teman kantor,angry,0.7
deg degan menunggu hasil pengumuman banget asli bareng teman sendiri,anxious,0.87
senyum sendiri pas ingat kejadian tadi sih bareng teman sama teman kantor,happy,0.24
deg degan menunggu hasil pengumuman hari ini di rumah,anxious,0.98
takut aku kecewa,anxious,0.86
rasanya sedih banget akhir akhir ini lucu pas perjalanan,sad,0.78
memang tapi banyak orang takut meminta maaf bukan karena takut merasa rendah tapi takut jika sakit hatinya ini tidak bisa dijadikan rasa benci jadi hilangkanlah rasa benci dalam hati,anxious,0.71
aneh kamu bangsat,angry,0.94
malam ini kepikiran terus jadi sedih agak random sih waktu malam sama keluarga,sad,0.79
anxious banget sebelum meeting tadi tapi ya sudahlah di rumah,anxious,0.83
cara terbaik untuk membalas dendam terhadap orang yang menghina anda adalah menjadi lebih berhasil daripadanya,neutral,0.35
bodoh amat anjrit bulan kemarin terakhir saya minjemin kamu duit itu juta saya kembalikan dulu bangsat,angry,0.92
kadrun ngebet benar mau melengserkan jokowi yang tidak bisa kerja serta jelas membuat situasi daerah khusus ibukota moral menikah saja tidak bisa lengser apalagi presiden yang berprestasi dan yang menetapkan standard baru bagi pemimpin negara kesatuan republik indonesia,neutral,0.29
apple dikabarkan akan luncurkan iphone dan ipad tidak murah meriah bulan depan,neutral,0.39
berita pagi ini cukup membosankan tapi tidak apa apa dapat informasi terbaru jadinya,neutral,0.27
akhirnya tugas selesai juga lega banget dan kepikiran terus di rumah,happy,0.21
akhir akhir ini cemas terus lucu di rumah sama dia,anxious,0.86
ketika kamu punya pacar tapi tiba tiba ada seseorang yang kamu suka kamu jadikan crush tapi kamu tidak bisa apa apa karena tidak mau selingkuh tapi merasa kalau perasaan kamu tidak bisa dibohongi berusaha hapus perasaan tapi malah tak tertahan mau lapor sayang takut malah dibuang,anxious,0.82
geram banget sama pelayanan tadi padahal sudah coba santai di rumah sendiri,angry,0.82
sakit banyak quin ini masih mau diperiksa penyebabnya temani dong takut nih sepi sekali,anxious,0.86
lelah sama keadaan sekarang hari ini di kantor,sad,0.68
hari ini produktif dan suasana hati bagus dan kepikiran terus di kampus sama dia,happy,0.2
sedih tau tidak ada sayang sayang,sad,0.71
terlihat meyakinkan namun menyakitkan suatu saat kamu akan mengingatku entah sebagai orang bodoh yang berhasil kamu tipu atau sebagai orang baik yang kamu kamu kamu kan,sad,0.53
kesal banget sama orang yang tidak tepat waktu dari tadi kepikiran tadi pagi,angry,0.86
rasanya gugup terus hari ini banget asli di kantor sama keluarga,anxious,0.72
tapi lebih sedih lagi kalau pergi tanpa mengatakan apapun mitsuhiko tsuburaya,neutral,0.39
tolong jangan lihat rep saya dulu malu untung sudah di hapus,anxious,0.83
benar dia fix keluar kakak sedih,sad,0.75
i ship both though tapi kalau gatekeeping itu tolol,angry,0.86
jadi teringat dulu suka banget sama ini lagu sampai apa saja itu nyanyi lagu ini mandi makan kerja santai saja menyanyikan nih lagu tanpa tau videoclip aslinya pas buka ytb and menonton video klip nya auto kicep saya tapi jujur lagunya memang bagus menagih lagi,neutral,0.24
rasanya gugup terus hari ini serius waktu malam sama keluarga,anxious,0.93
sedikit kepikiran kereta saja bisa begitu apalagi hidup manusia jika ada yang menghambat hidup seseorang secara sadar atau tidak sadar maupun langsung tidak langsung mereka juga menghambat hidup orang lain,neutral,0.21
sedih aku lagi bertengkar mereka saling cemburu akhirnya menang ngembek,sad,0.66
lagu sedih di campur perasaan weh makinn,sad,0.79
cerah oy,happy,0.14
kalau takut malu jangan dikasih palu mas,anxious,0.81
soobin aku sedih peliharaan kesayangan ku mati i can t stop menangis kemarin tiba tidak mau minum terus lemas juga kalau ke dokter hewan jauh dari t tinggal ku i can t lose her wht should i di,sad,0.57
baru bangun tidur terus mengecek twit terus dapat kabar jimin sembuh itu masya allah senang banget langsung senyum sepagi ini wkkwk i memilih for at the,happy,0.08
masih bisa menanggapi dengan candaan walaupun dalamnya emosi sih lucu,angry,0.99
terima kasih ya sudah bikin hariku lebih baik sumpah di rumah,happy,0.24
video taehyun favoritku yang ada digaleri kalau lagi sedih lihat video ini bikin moodku membaik kayak ada magic pokoknya pas menonton auto senyum dan kepalaku ikut goyang terima kasih banyak yang sudah mengedit ini tyunie di sini gemas banget,happy,0.04
gunakan syukur ketika kamu dicintai dan gunakan sabar ketika kamu dibenci jangan ada sesal jangan ada sebal,neutral,0.36
deg degan menunggu hasil pengumuman padahal sudah coba santai pas perjalanan,anxious,0.95
akhirnya lolos interview kerja serius bareng teman sama dia,happy,0.24
tiba tiba banget aku kaget,anxious,0.81
rasanya sedih banget akhir akhir ini tapi ya sudahlah di kampus sama dia,sad,0.76
aku belum jadi sekolah ilmu komunikasi politik saja sudah banyak banget yang tidak suka ih hinaa banget aku sepertinya,sad,0.79
saya yang punya saja terkejut mei,anxious,0.89
menyendiri dulu deh mabuk dulu biar tidak panik,anxious,0.78
awan kamu dendam sama gue ngomong wan,angry,0.86
bisa bisanya ada orang yang tidak suka lihat orang lain bahagia,angry,0.91
tuli tulis saja nama rakyat kurang lebih juta,neutral,0.33
sudah kesal kecewa,angry,0.98
lelah sama keadaan sekarang di kampus sama dia,sad,0.57
hari ini produktif dan suasana hati bagus hari ini di rumah sama teman kantor,happy,0.08
ku terbangun lagi di antara sepi hanya pikiran yang ramai mengutuki diri tak bisa kembali untuk mengubah alur kisah ketika mereka meminta tawaternyata rela tak semudah kata tak perlu khawatir ku hanya terluka terbiasa untuk pura pura tertawa namun bolehkah si kali saja ku menangis,neutral,0.22
iyakan suka muji tapi dipuji balik malah malu suka atap mata member giliran ditatap balik juga malu sendiri cekidaw,anxious,0.72
apa kabar kawan,neutral,0.24
akhir pekan ruined haiz penat lah bodoh jadi supporter mu nih,angry,0.96
aku cuma ingin istirahat sebentar tapi ya sudahlah waktu malam sama dia,sad,0.79
emosi ya,angry,0.86
hari ini berat banget dijalani sih di kampus sama dia,sad,0.58
selamat pagi fan mu sabar masih banyak kecewa yang harus dilalui wakakaak,happy,0.02
min kalau ada yang mau main badminton bareng bisa banget join di gor saratoga sore ini jam sore monggo join saja terima kasih min,neutral,0.22
merasa sendirian akhir akhir ini jujur saja di kampus,sad,0.76
ya semangat,happy,0.08
takut gagal di presentasi besok padahal sudah coba santai di kampus sama teman kantor,anxious,0.82
deg degan menunggu hasil pengumuman sumpah di kampus sama dia,anxious,0.78
sepi tidur lagi ah,neutral,0.39
sedih,sad,0.69
semangat chingu,happy,0.04
takut kecewa sama ekspektasi,anxious,0.82
malam ini kepikiran terus jadi sedih dari tadi kepikiran di rumah,sad,0.66
brengski gue benci banget sama matek,angry,0.86
geram banget sama pelayanan tadi tapi ya sudahlah waktu malam sama keluarga,angry,0.89
lagi stuck nih tak tau sampai kapan nih ceritaku takut tidak bisa ngelanjutin ada yang pernah diposisi ini tidak guys dan apa yang kalian lakukan biar survive lagi,anxious,0.83
chaki nih buatmu aku sebal banget sudah kemarinan waktu kamu ngebet mau jodohin aku sama kak heeseung kaget puool taunya pernah jadi teman satu oa ku kelakuanmu beda maksimal real,anxious,0.84
saya bukan paling mulia tetapi saya manusia normal yang jijik lihat kaum homo lagi pula di agama di larang tolol masih saja kamu mengeyel kalau kamu masih belum benar jangan banget kata kamu kayak kamu sudah benar saja homo,angry,0.94
mantap pergi juga semangat,happy,0.06
pertemuan petama setelah tahun tidak bertemu terima kasih karena selalu peduli terima kasih atas teguran dan semangat yang telah diberikan terima kasih telah hadir di perjalanan cerita ini,happy,0.14
umi pagi jangan marah marah ya,anxious,0.82
sudah biasa kan,neutral,0.3
semangat tin,happy,0.0
menonton episod saja belum selesai,neutral,0.34
sudah sabar tapi masih dibohongi sama keluarga,angry,0.68
nah begitu kan enak nanti gue kalau ditanya punya teman tidak masa jawabnya punya namanya badut oppo salam kenal hen kenapa malu ya asal halal dan menyenangkan adalah gas saja kan gue juga kalau bisa mau jadi badut oppo,happy,0.07
khawatir sama kondisi sekarang banget asli,anxious,0.85
tapi tetap saya masih tidak terima anjing maksud kamu apa tadi buka baju tadi kaget anjing,angry,0.96
jadi fan mu sudah biasa kalah mental health nya kebal,neutral,0.33
aku cuma ingin istirahat sebentar dan kepikiran terus sama teman kantor,sad,0.73
islamofobis buzzerp yaitu para anjing sepilis dan komunis pelaku maksiat yang ingin mencari pembenaran atas kelakuannya para b bi kafir pecundang debat teologis secara akademis yang ingin melampiaskan dendam kekalahannya,angry,0.92
merasa sendirian akhir akhir ini hari ini tadi pagi sama teman kantor,sad,0.84
kalau di sinetron itu yang jahat jahat banget yang baik bego banget,angry,0.99
semangat mencari nafkah untuk baby l nya ya kak aku doakan dari sini semoga selalu diberikan kesehatan yang luar biasa,happy,0.14
ih teman kosku habis ikut ke tempat begitu kan acara prodinyaa eh balik ke kos dia meriang nular ke satu indekos sekarang aku juga pilek meriang buhu jadi takut,anxious,0.84
cemas memikirkan masa depan banget asli di kampus,anxious,0.72
arti mimpi menggali kuburan yang menakutkan tak perlu takut saat mengalami mimpi menggali kuburan,neutral,0.31
hari ini berat banget dijalani hari ini bareng teman sama keluarga,sad,0.84
bodoh banget tidak sih,angry,0.91
terima kasih ya sudah bikin hariku lebih baik dari tadi kepikiran di kampus,happy,0.05
nyenye tidak takut wleekk wkowkowko,happy,0.06
hari ini berat banget dijalani dari tadi kepikiran bareng teman sendiri,sad,0.78
ajuin saja kenapa takut untuk mencoba ragu mundur saja,angry,0.96
merasa sendirian akhir akhir ini jujur saja bareng teman,sad,0.75
senyum sendiri pas ingat kejadian tadi banget asli bareng teman sendiri,happy,0.24
lelah sama keadaan sekarang banget sama teman kantor,sad,0.56
cemas memikirkan masa depan lucu waktu malam,anxious,0.88
waktu kecil suka banget ngomongi masa depan ke teman teman eh sudah gede malah suka membicarakan teman ngakaakk,happy,0.14
takut tidak bisa beli sedikit begitu,anxious,0.71
tau nih padahal adalah enak aku direct message yang lain sudah di blok lebih dahulu itu,sad,0.76
masih susah pindah on dari kejadian itu padahal sudah coba santai di kampus sama keluarga,sad,0.63
di urut dulu ke tukang urut takut salah urat,anxious,0.86
sudah ikhlas kok tapi masih sedih saja kalau di ingat ingat lagi,sad,0.78
memang memang yang melihat saya dari luar itu pasti kayak asyik banget iyakan pekerjaan enak sesuai passion gaji ya oke lah buat foya sama menabung masa depan kayak happy terus keluar sana sini jalan banyak teman apalagi ya ya tapikan kamu tidak berjalan di atas sepatuku memek,angry,0.95
short au leejeno sudah end bikin emosi,angry,0.94
kabar baik,neutral,0.26
sepi,neutral,0.3
takut patah hati gara derek,anxious,0.81
saya sangat kecewa banget kalau sampai tidak jadi murtad lah karena sepak terjangnya selama ini kan,sad,0.76
nanti kasih tau aku via direct message ya kalau kamu sudah follow akunku masalahnya kadang aku suka tak tau ada orang follow,neutral,0.32
bajunya yang ini ditengah lagu pinjam gitar dari gitarisnya terus dia yang main takut banget,anxious,0.84
pasarannya memang sebegitu kah kaget t t,anxious,0.74
baru saja mengirim foto ngaringan klumpit,neutral,0.28
kenapa sih harus bikin masalah terus sumpah tadi pagi sama teman kantor,angry,0.66
ya kan tidak merasa lelah cuma larinya jadi lemot banget emosi saya,angry,0.86
senyum sendiri pas ingat kejadian tadi lucu di rumah sama keluarga,happy,0.15
enaknya nino kita apa ini ya mak bisa bisa nya bikin anak mamak sedih nanti kalau sedih tidak bisa live igeh lagi,sad,0.69
posisi sendiri itu memang enak tapi kalau lagi merasa sendirian tidak enak banget v kalian begitu juga tidak sih,sad,0.54
tidak enak jangan sedih sedih juga ah jadi takut nih,anxious,0.71
semoga yang menderita penyakit kanker diangkat penyakitnya dan selalu semangat,happy,0.17
akhirnya tidak malu lagi,happy,0.11
tidak suka jeruk tapi nggapapa deh menyiksa banget sariawan,sad,0.66
orang cuma bisa nya ngeliati hidup orang lain saja tetapi mereka tidak pernah ngeliati hidup mereka sendiri saja belum benar,angry,1.0
my hari ini senang banget huhu dapat kabar baik dari jimin sayang alhamdulillah buat muslim armys terus nanti stay alive mau rilis jangan lupa kita punya goals juga ya harus semangat pokonyaa,happy,0.16
wordle kaget sendiri bisa bisanya tebakan ketiga langsung keluar,anxious,0.86
khawatir sama kondisi sekarang dari tadi kepikiran waktu malam sama keluarga,anxious,0.84
kesal banget sama orang yang tidak tepat waktu jujur saja tadi pagi sama teman kantor,angry,0.75
kapan ya manajemen di rumah sakit diubah biar tidak lempar lemparan begini anjimm orang ke rumah sakit itu butuh penanganan cepat bukan bolak balik ribet emosi kan saya anjing,angry,0.94
salah sendiri bawa perasaan tolol,angry,0.96
sedikit bangey baru juga beli belum sebulan sudah mau habis sedih banget agak mahal juga tapi cocok sih lumayan nyobak yang wardah tidak cocok soalnya di aku,sad,0.55
kesal banget hari ini tapi ya sudahlah di kantor sama dia,angry,0.69
ziung mania mantap selamat ulang tahun ya ngab lewat pesona gue di twibbon ini gue turut berbahagia untuk pertambahan usia kamu yang lebih cepat bulan dibanding gue semoga hari ini jadi hari yang unforgettable dan jadi hari yang menyenangkan untuk dihabiskan bahagia selalu,happy,0.16
tak sempat lah nih nak balas dendam minggu depan mesti sakit sudah hilang time itu,angry,0.99
bingung dan takut ambil keputusan tapi ya sudahlah tadi pagi sendiri,anxious,0.8
selamat pagi semangat olahraga,happy,0.13
takut takut,anxious,0.78
ada yang mulai sebar bacot pesan prabowo ke seluruh kader gerindra jangan jauh jauh dari ulama,angry,0.99
semangat masih pagi,happy,0.16
semangat semangat,happy,0.02
rasanya kosong saja hari ini serius waktu malam sama dia,sad,0.6
deg degan menunggu hasil pengumuman serius waktu malam sendiri,anxious,0.73
akhir minggu ini seru banget lucu di kantor sama teman kantor,happy,0.16
bingung dan takut ambil keputusan padahal sudah coba santai tadi pagi sama dia,anxious,0.72
istilah kuda hitam banyak digunakan dalam sepak bola seperti tim yang tidak diunggulkan tiba melejit bisa mengalahkan tim unggulan disebut kuda hitam biasanya tim hebat di masa lalu yang lama tertidur kemudian bangkit nah melalui agus harimurti yudhoyono bisa saja dipemilu bangkit,neutral,0.31
memang sih aku bukan siapa siapa kamu tapi aku tidak bohong kalau aku khawatir dengan keadaan kamu sekarang bolehkah kalau aku yang menghubungi kamu lebih dahulu tapi aku takut bikin kamu risih,anxious,0.82
dua mode satu ekspresif satu diam kalau ekspresif berarti masih biasa saja kalau sudah diam berarti sudah marah banget,neutral,0.29
sepi banget sudah,neutral,0.33
khawatir sama kondisi sekarang banget pas perjalanan sama dia,anxious,0.89
saya punya facebook coba buka badan eksekutif mahasiswa ternyata sama saja banyak virus adm wabahnya menyebar ini manusia bodoh perlu banyak didikan sampai urat malu putus kurang didikan,angry,0.99
akhirnya tugas selesai juga lega banget hari ini,happy,0.23
semangat harinya kak semoga banyak orderan ya,happy,0.02
kehilangan semangat buat kenapa apa banget asli bareng teman sendiri,sad,0.77
pegiat persekongkolan bangsat indonesia,neutral,0.32
akhir minggu ini seru banget sih tadi pagi sama teman kantor,happy,0.21
makji aku ingin mam mie ayam sudah bm minggu lalu boleh tidak makji takut ileran ini cacingnya,anxious,0.88
hujan anginn takut banget mana genteng tetangga saya melayangg banyak banget untung tidak kena orang huftt siang siang takut,anxious,0.84
bodoh,angry,0.91
kalau aku marah mengambek kalau aku balas jwbnya singkat akhirnya cuekin kamu itu artinya aku ingin kamu peka perhatian peduli,angry,0.9
ini faisal basri tidak lagi kena strok kan atau tiba mental retarded ciri khas jokowi ketukar sama susilo bambang yudhoyono pak faisal jangan bangsat drun,angry,0.93
tidak ada soalnya saya kurang suka ya suka sih tapi ya tidak banget banget begitu,sad,0.7
anxious banget sebelum meeting tadi padahal sudah coba santai bareng teman sama keluarga,anxious,0.86
aku cuma ingin istirahat sebentar jujur saja waktu malam sendiri,sad,0.78
nah iya kaget banget terus pikir kok bisa dia suka sama gue,anxious,0.81
anxious banget sebelum meeting tadi jujur saja di kampus sama teman kantor,anxious,0.78
soumu bangsat,angry,0.9
masih susah pindah on dari kejadian itu sih di kantor sama teman kantor,sad,0.61
sch soalnya di sekolah ku jawa tengah kekurangan guru banget banyak guru yang bukan bidangnya justru mengajar di bidang tersebut dan bahkan kepala sekolahnya juga rangkap sama sekolah lain kalau memang ini benar sedih banget bagaimana generasi kedepannya,sad,0.61
akhirnya lolos interview kerja hari ini di kampus,happy,0.17
jangan takut akan perubahan kita mungkin kehilangan sesuatu yang baik namun kita akan peroleh sesuatu yang lebih baik lagi,neutral,0.36
nama satu orang tercemar saja melapor ke polisi meminta diusut tuntas lingkungan hidup dengan biota jutaan makhluk hidup saja tak satupun ada yang lapor ke pak polisi berarti biota lingkungan ini lebih bisa mawas diri koreksi diri allah lebih menyukai hamba pemaaf,angry,0.87
duuh tidak lama lagi insya allah ngalami masa ini melepas anak laki laki kuliah pasti ambyar hati mamak ya mbak selamat belajar mbak dan sehat bahagia dan sukses selalu semoga tercapai apa yang disemogakan amin,happy,0.0
bingung dan takut ambil keputusan dan kepikiran terus di kantor sama keluarga,anxious,0.91
lelah sama keadaan sekarang hari ini di kantor,sad,0.68
khawatir,anxious,0.71
sudah lah paksa paksa pasti nak marah,angry,0.9
kehilangan semangat buat kenapa apa dari tadi kepikiran di kampus sama teman kantor,sad,0.61
topa tolol bukan berarti semua orang ikut pindah,angry,0.99
sudah sabar tapi masih dibohongi banget,angry,0.91
kenapa sih harus bikin masalah terus padahal sudah coba santai bareng teman sama teman kantor,angry,0.69
gara gara fanart yang itu saya kalau lihat thomaya jadi sedih memikirkan yoimiya,sad,0.69
makan favorit hari ini bikin bahagia jujur saja bareng teman sama dia,happy,0.27
kayak bagaimana ya kamu itu baik memang aslinya baik tapi selalu baik ketika keadaan tidak baik baik saja itu susah dan kamu di tuntun begitu kesempurnaan yang harus dilakukan saat kamu jadi idol bisa bikin kamu cemas depresi ya kayak begitu lah tetapi giliran emosi kamu sudah bisa sedikit demi sedikit di,angry,0.88
ajarkan kepada anak lelaki tolong opininya jangan kelewat tolol,angry,0.98
kehilangan semangat buat kenapa apa jujur saja waktu malam sama keluarga,sad,0.73
hari ini berat banget dijalani dari tadi kepikiran bareng teman sama keluarga,sad,0.65
suka tidak suka sukanya karena panggilannya lucu saja sama sudah akrab dan dikasih sama mbah dan orang tua tidak terlalu suka karena terlalu pasaran banget selalu menemukan yang namanya putri di mana lucu,neutral,0.3
kesal banget hari ini hari ini bareng teman sama dia,angry,0.89
tidak usah mewek sudah biasa saya lihat korea pop keluar masuk tidak usah lebay tidak jadi lockey lagi karena bias kamu out dalam dunia korea pop keluar masuk itu hal biasa kalau agensi dan denise tidak sejalan beda kemauan mau apa kamu mau memaksa denise stay mau memaksa vine cegah denise tetap stay tidak bisa bikin jengkeell,angry,0.96
kok marah,neutral,0.36
kehilangan semangat buat kenapa apa agak random sih di rumah sendiri,sad,0.68
baru bangun tidur oi alah sedih banget denise left padahal masih positif thinking dia akan coba ot mana vine tidak ada pengumuman resmi lagi memang agenshit,sad,0.71
masih susah pindah on dari kejadian itu banget asli bareng teman sama teman kantor,sad,0.62
mereka ini tidak pernah lihat orang negro apa ya racist banget bangsat,angry,0.89
bila akhirnya bahagiaku bukan bersamamu aku selalu berharap bahagia kamu adalah sesat bersamaku,happy,0.01
senang banget hari ini ketemu teman lama banget di rumah,happy,0.12
lagi marah lucu,neutral,0.32
santai saya juga gagal tadi bro habis ini kita makan sudah biar tidak badmood,neutral,0.39
kabar baik di pagi hari cepat pulih jiminie,happy,0.07
jangan pernah merasa sedih dikala sendiri coba lihat kelangit mataharipun selalu sendiri tapi tetap memberikan cahaya sin,neutral,0.33
sudah sabar tapi masih dibohongi padahal sudah coba santai di kampus sama dia,angry,0.91
emosi lihat komentar orang tadi hari ini tadi pagi sendiri,angry,0.85
suka banget ikut campur nih kanye padahal tidak ada yang menyebut nama anjir dahlah problematik memang,angry,0.98
rasanya kosong saja hari ini agak random sih di kampus,sad,0.76
dua twts rj nih bikin emosi mmpir ayo,angry,0.96
takut gagal di presentasi besok sumpah tadi pagi sama dia,anxious,0.87
aneh banget bego kamu,angry,0.97
takut banget,anxious,0.72
kita mungkin sekarang merasa takut tapi nanti itulah yang membuat kita menjadi lebih kuat cemangatt,happy,0.1
sepertinya enak banget deh,happy,0.05
tidak apa apa semangat ya saya,happy,0.06
oh lagi lagi alasannya karena takut dipakai buat hal hal negatif sepertinya mereka tau kalau rupiah itu ada not save for work not save for work nya makanya sampai saat ini baru aktris thailand saja yang tidak mau di pakai wajahnya aktornya belum,neutral,0.28
dia nih mengesalkan banget ke gue suka banget ngisenginn tetapi dia itu kayak andalan para guru terus weeaboo cuma tidak banget produktif tidak seperti saya sosial butterfly banget gampang akrab sama orang,angry,0.94
masih susah pindah on dari kejadian itu lucu bareng teman sendiri,sad,0.77
kesal banget sama orang yang tidak tepat waktu lucu sama keluarga,angry,0.78
semangat kakak,happy,0.16
itu lah itu tegak biceps kiri pun menampak bekas bcg itu tak ke ranah vaccine itu sudah cacat kena chicken pox,neutral,0.2
pagii semangat ya kamu hari ini have a good day,happy,0.04
the only thing i like about this t pro is charge cepat less tahan minutes sudah full tapi kadang itu selalu juga lah overcharge sebab tinggal je time charge pasti terus lupa masa charge phone panas gila taktau lah kenapa benda nih aku tak suka iya tapi time normal use oke,neutral,0.21
terima kasih ya sudah bikin hariku lebih baik sih bareng teman sama dia,happy,0.13
hari ini produktif dan suasana hati bagus tadi pagi sama teman kantor,happy,0.17
trkadang yang sudah jelas jelas di larang oleh agama dan pemerintah saja banyak yang melanggarnya,neutral,0.33
ditutupi dia berhak memberi lihat apa saja yang dia rasakan dan mark harus tau kalau di sini banyak orang yang sayang sama dia dan siap support dia siap juga nguatin dia kalau dia lagi lelah lagi sedih mark harus tau dia bisa jadi salah satu alasan banyak orang buat bahagia harus semangat,neutral,0.28
harap harap cemas,anxious,0.7
takut kalau hasilnya jelek hari ini tadi pagi sama keluarga,anxious,0.78
cemas memikirkan masa depan hari ini waktu malam sama dia,anxious,0.71
anxious banget sebelum meeting tadi banget di kantor sama keluarga,anxious,0.7
rasanya ingin marah terus banget asli bareng teman sama dia,angry,0.83
hari ini berat banget dijalani serius di kantor sama keluarga,sad,0.58
masih kaget dijilat,anxious,0.86
tidak malu,neutral,0.28
semangat banget ya,happy,0.17
orang itu bikin emosi banget agak random sih sama teman kantor,angry,0.79
di negara taiwan itu kamu joss kedelai jadi minyak goreng biji matahari bisa jadi minyak goreng bunga warnanya kuning ke emasan jadi minyak goreng luar biasa di indonesia kamu kayak raya bahan baku kok masih langka minyak goreng stop goreng menggoreng deh di rebus saja masaknya,neutral,0.31
aslik suka banget sama nature republic masih ada produknya yang under ke cocok di muka pun tidak bukan break out,happy,0.0
jarang bocor benda tajam takut nak dekat,anxious,0.74
kaget terus,anxious,0.85
diselingkuhin mereka belum sampai pacaran sih tapi main belakang saja diam diam begitu tapi tidak mulus bego banget mereka pdktnya jadi ketauannya cepat,angry,0.98
jadi orang yang sulit mengontrol emosi akhirnya sampai sekarang ya tetap sulit,neutral,0.38
kecewa banget sama hasilnya lucu di kantor sendiri,sad,0.79
lemas maszehh namanya juga manchester united kadang bikin bahagia kadang juga kecewa bukan begitu,sad,0.55
akhirnya tugas selesai juga lega banget lucu sama dia,happy,0.26
semangat pagi semoga ada rezeki hari ini,happy,0.04
serius mie gelas masih lercaya aku itu didalem perut ada kuli galian aku makan bungkus auto bego karena kekenyangan,neutral,0.4
ya allah baru bangun dapat kabar baik alhamdulillah jimin kamu sudah cvd sudah boleh pulang juga banyak istirahat ya sayang semoga bisa pulih secepatnya dan bisa menyapa army lagi i love kamu jiminie,happy,0.14
tetangga ku baik baik semua agak kepoan sih tetapi masih batas wajar tidak ingin tahu banget suka tolong menolong murah senyum pokoknya betah deh,happy,0.02
kepikiran banyak hal sampai susah tidur sih di kampus sama dia,anxious,0.71
sudah sabar tapi masih dibohongi sumpah waktu malam sama keluarga,angry,0.79
ingin menonton ku kira kamu rumah tapi nanti aku sedih masa sendirian anjir ini kawan di ajak tidak ada yang mau lagi,sad,0.7
agak takut ya women nya,anxious,0.78
pagi pagi sedih lihat berita berita sedih jadi sedih kan,sad,0.75
kalau mereka main bareng lagi saya tidak kaget sih,neutral,0.36
pagi dunia hari ini aku tidak boleh sedih harus semangats,happy,0.18
ada bws yang mengerti twit ku dia mengira aku benci karena tidak ada momen bawa teh aku benci karena trailernya penuh sad moments,angry,0.98
aihh banyak yang bilang begitu tapi banyak yang kecewa juga setelah mencubit pipi aku pipi aku tidak ada isinyaa,sad,0.73
demi ya begitu saja sudah enak bangeets,happy,0.18
kecewa banget sama hasilnya padahal sudah coba santai di rumah sama teman kantor,sad,0.8
senyum sendiri pas ingat kejadian tadi hari ini di kampus sendiri,happy,0.07
izinin suami poligami buat menghindari zina wkwk banget he mmngnya nabi saya poligami gara gara mata keranjang terus gampang sange terus ada niatan zina tetapi biar tidak zina jadi dinikahin ngelirik cewek sambil menyebarkan ajaran agama begitu tolol belajar agama lagi sana,angry,0.94
merasa sendirian akhir akhir ini banget sendiri,sad,0.69
emosi lihat komentar orang tadi banget asli pas perjalanan sama teman kantor,angry,0.82
akhirnya tugas selesai juga lega banget serius bareng teman sama dia,happy,0.08
aku cuma ingin istirahat sebentar jujur saja di kantor sama dia,sad,0.72
rasanya gugup terus hari ini jujur saja di kampus sama keluarga,anxious,0.83
marah banget karena pekerjaan berantakan dari tadi kepikiran di rumah sendiri,angry,0.7
tidak enak body,sad,0.71
namun untukku itu hal tabu dan tidak baik untuk di lakukan apalagi dada itu aurat nya cewek hal sensitif nya cewek meskipun masih kecil itu tidak bisa di lakukan kalau dilakukan terus menerus lama jadi biasa bagi yang melakukan dan bakal di bawa sampai dewasa sumpah itu ngeri,anxious,0.74
kalau marah balik kayak anjing lah,angry,1.0
memang emosi,angry,0.93
aduu kok takut ah,anxious,0.77
bingung menonton skz apa treasure beda bulan tapi takut menyesal karena tidak ada waktu,anxious,0.76
yang terbaik adalah percaya dan berlindung hanya pada tuhan bukan pada manusia karena akan ada kecewa jika terlalu percaya pada manusia,neutral,0.22
emosi lihat komentar orang tadi sumpah bareng teman sendiri,angry,0.83
tag doinya biar tidak sepi liburannya,neutral,0.31
tidak apa apa masih ada besok ayo tetap menyerah jangan semangat,sad,0.73
akhir minggu ini seru banget banget asli di kantor sendiri,happy,0.09
alhamdulillah selamat senderr semangat,happy,0.09
dengan senang hati kak ini semoga bisa bantu memandu ya,happy,0.18
akhirnya tugas selesai juga lega banget sih bareng teman sama teman kantor,happy,0.13
event jam berapa sebenarnya semangat ku sudah menggebu gebu jangan sampai mengabu,happy,0.17
semangat pagi juga,happy,0.06
takut gagal di presentasi besok lucu waktu malam sama teman kantor,anxious,0.98
deg degan menunggu hasil pengumuman banget asli bareng teman,anxious,0.93
betul itu enak,neutral,0.25
micellar water malah mau buat bersihkan kutek tolol banget pikir apa kamu otakku yang kecil,sad,0.65
by the way perayangan ini lama lama bikin jengkel ya hem,angry,0.92
tidak boleh sedih ya,neutral,0.36
hanya dirimu yang bisa membuatku tenang tanpa dirimu aku merasa hilang dan sepi dan sepi,sad,0.58
kenapa sih harus bikin masalah terus tapi ya sudahlah bareng teman,angry,0.72
hari ini produktif dan suasana hati bagus di rumah sama dia,happy,0.23
treasure comeback yang sudah ada yang mau jadi apa saja kerugian p mksoed,neutral,0.26
santai pelan pelan belajar pasti bisa,neutral,0.31
tidak jadi sedih,neutral,0.33
kenapa sih harus bikin masalah terus banget sama keluarga,angry,0.86
ayo lorr simak apa saja sih pernyataan presiden terkait perkembangan covid,neutral,0.39
saya benci selalu merasa bersalah tapi kamu pantas merasakan rasa ini sekarang chel,neutral,0.27
jadi yang berhak marah di sini ya kamu dia berhak khawatir karena teman tapi tidak berhak buat bertindak sampai jemput kamu begitu karena sudah terlalu mengatur mungkin sebelum memaksa jemput harusnya bisa bujuk lewat chat baik biar kamu luluh dan akhirnya mau pulang but gue gak tau,neutral,0.3
kenapa sih harus bikin masalah terus padahal sudah coba santai di kantor sendiri,angry,0.79
sudah sabar tapi masih dibohongi sih tadi pagi,angry,0.8
janganlah ucapkan kalimat yang jelek waktu emosi karena kalimat yang negatif tak lagi dapat terganti apabila sekali terucap,neutral,0.36
kabar bahagia banget pagi ini,happy,0.01
entah suka banget kalau dengar musiknya wagakki band,happy,0.14
aku cuma ingin istirahat sebentar dari tadi kepikiran sama teman kantor,sad,0.68
sudah sabar tapi masih dibohongi dan kepikiran terus di rumah sendiri,angry,0.81
tidak apa apa sudah biasa mandiri dari kecill,neutral,0.33
kaget lihatnya,anxious,0.78
nyenyak semangat juga,happy,0.02
hari ini berat banget dijalani serius pas perjalanan sendiri,sad,0.6
marah banget karena pekerjaan berantakan serius bareng teman,angry,0.8
tyhan saya tidak kuat banget bangsat,angry,0.9
lelah menghadapi orang yang egois agak random sih di kantor sama keluarga,angry,0.82
makan favorit hari ini bikin bahagia agak random sih di rumah sama teman kantor,happy,0.24
kehilangan semangat buat kenapa apa dari tadi kepikiran waktu malam sama dia,sad,0.84
kehilangan semangat buat kenapa apa sumpah waktu malam sama keluarga,sad,0.6
bisa kesurupan kalau main ditempat sepi,anxious,0.72
anxious banget sebelum meeting tadi dan kepikiran terus di kantor,anxious,0.93
karena daya tahan tubuh sama tekad yang kuat dia saking dendam sama cheongsan sampai bertekad mau bunuh cheongsan makanya jadi sembi,neutral,0.28
dana receh buat orang gaiss doakan aku bigwin siang ini makasii,neutral,0.34
aku ya standar sih sesuai harga ya jam sudah mulai luntur tetapi enak ini teksturnya gampang diblendd coverage hebat,happy,0.12
sedih tapi tidak apa apa setidaknya masih bisa ngabarin fan jadi ya tidak khawatir banget karena ditinggal hilang,sad,0.53
merasa sendirian akhir akhir ini jujur saja bareng teman sama keluarga,sad,0.79
lelah sih tapi puas hasilnya bagus dari tadi kepikiran pas perjalanan sendiri,happy,0.15
halo apa kabar samporasun kepriye kabare om suastiastu nara gerotelo kenapa habar itu all from indonesia,neutral,0.37
rep saja bro takut nanti menyesal belakangan,anxious,0.87
cemas memikirkan masa depan agak random sih bareng teman sendiri,anxious,0.97
akhir akhir ini cemas terus serius bareng teman sama teman kantor,anxious,0.89
anxious banget sebelum meeting tadi dan kepikiran terus di kampus sama teman kantor,anxious,0.8
makin dekat februari rasa campur aduk makin menjadi ada bahagia karena anakku sudah mau sudah makin dewasa ada cemas juga karena alasan yang sama,anxious,0.76
lucu sama bangga banget merasa benar nebak jeongwoo walaupun sempat ragu sama bahunya tapi yakin suara jeongwoo,happy,0.18
twit yang sangat menghadeuhkan bego dipelihara tidak beranak dodonk,angry,0.89
bingung dan takut ambil keputusan banget asli sendiri,anxious,0.9
orang itu bikin emosi banget sih di kampus sama dia,angry,0.8
cemas memikirkan masa depan serius sama dia,anxious,0.97
rasa lada nya strong banget lebih suka yang sedikit ladanya,neutral,0.26
saya yakin kedepannya lockey sedih kalau lihat gambar ini,sad,0.8
deg degan menunggu hasil pengumuman jujur saja bareng teman sendiri,anxious,0.83
rasanya gugup terus hari ini padahal sudah coba santai di kampus sama dia,anxious,0.88
ayo cepat enggak tau biar biasa jajanan aku sih,neutral,0.28
lelah sama keadaan sekarang padahal sudah coba santai bareng teman sama teman kantor,sad,0.56
hwaa denisee sedih sih tapi yang terbaik buat denise dan semoga sukses untuk kedepannya ya kamu sangat berbakat denise,sad,0.63
sudah sabar tapi masih dibohongi dari tadi kepikiran di kantor,angry,0.82
emosi lihat komentar orang tadi banget waktu malam sama dia,angry,0.92
hari ini produktif dan suasana hati bagus dari tadi kepikiran di kampus sendiri,happy,0.17
tolol banget anjing,angry,0.92
memang biasa saja sih makan steak tapi kan itu sesuatu yang mahal buat kami yang berpenghasilan upah minimum regional,neutral,0.34
emosi lihat komentar orang tadi sih di rumah sendiri,angry,0.92
ada sedih,sad,0.68
kesal banget hari ini hari ini tadi pagi sama keluarga,angry,0.87
ini kalau saya isiin kayak begini bisa habis di comot ponakan saya terus di bagikan ke teman nya baik nyerempet bego dia,angry,0.88
aku rela menunggu meski kamu tak memberi kabar bahkan aku sadar jika aku ingin kamu tinggal kan,sad,0.5
baru saja mau senang ada saja hambatan apa mungkin hidupku tidak boleh bahagia ya,happy,0.09
aowkowkwok mau sedih tetapi sudah terbiasa jadi mari tertawa saja,happy,0.15
part sih kala tantrum memang kerasa banget emosi nya dari situ saya sudah mulai mewek,sad,0.7
mau kayak begini pas ulang tahun mendatang tapi takut malah dijadikan bahan bullyan,anxious,0.76
mesti itu mirip sama wajib ya ya tidak juga sih kalau dibilang mesti kalau memang mesti mereka yang maaf tidak bisa punya keturunan bagaimana senua tergantung niat awal menikah niatin saja buat ibadah kalau diniatin nya mau punya anak nanti pasti kecewa kalau tidak dikasih jadi ya was saja,sad,0.52
cocok teman sekelas saya waktu sama loyal dan kompak buat lekas bahkan waktu dulu sahabat saya yang cewek menangis karena dibentak adik kelas anak cowok langsung pada emosi dan nekat mau menemui itu adek kelas lucu,happy,0.1
bingung dan takut ambil keputusan banget asli pas perjalanan sama keluarga,anxious,0.73
rampok rumahnya saja kalau begitu,neutral,0.33
berkali kali ada debt colector ke rumah bertanya nama yang aku sendiri tidak kenal huhu takut,anxious,0.88
happy birthday uri jisungiee semoga panjang umur sehat selalu karirnya semakin sukses dijauhkan dari hal buruk dikelilingi oleh orang baik pokoknya jangan lupa bahagia selalu ya,happy,0.11
astungkaraa oh gara gara ini sedih,sad,0.66
sedih bestie habis makan tidak disuruh minum sama moots,sad,0.62
bodoh kamu memang,angry,0.86
masih susah pindah on dari kejadian itu di kampus,sad,0.7
wow meniaga angin tuhan bagi free pon boleh kayak raya kera bodoh tipu manusia bijak pandai berjaya plak itu,neutral,0.38
malaysia nih tokey besar lah jadi payung orang politik sebab itu nak kawal harga barang pun takut nak tekan orang tengah tak berani tokey besar bagi komisen banyak kat orang politik subprojek dekat tokey besar dapat komisen pun sudah boleh kayak keturunan,angry,0.95
lelah sama keadaan sekarang dari tadi kepikiran bareng teman,sad,0.72
anxious banget sebelum meeting tadi sumpah di rumah sama dia,anxious,0.89
semangat sender,happy,0.18
sih anak tunggal yang apa semua keinginannya harus diturutin dan terpenuhi kalau tidak diturutin dan terpenuhi auto marah dan nggondok aku,neutral,0.34
senang banget hari ini ketemu teman lama sumpah di kampus sama dia,happy,0.09
orang itu bikin emosi banget serius bareng teman sama teman kantor,angry,0.92
takut gagal di presentasi besok pas perjalanan,anxious,0.81
malam ini kepikiran terus jadi sedih padahal sudah coba santai waktu malam,sad,0.72
kalau aku jidat yang sering tak tempelin dikaca ketika kondisi menunggu walhasil kacanya berembun njuk panik mencarikan tisu,anxious,0.82
jangan sedih dong karina,sad,0.71
terima kasih ya sudah bikin hariku lebih baik banget asli sama teman kantor,happy,0.29
sedih banget dengar kabar kalau denise sudah keluar dari secret number,sad,0.78
kenapa sih harus bikin masalah terus padahal sudah coba santai di rumah sama teman kantor,angry,0.93
anxious banget sebelum meeting tadi hari ini di kantor,anxious,0.79
pernah kah anda mendengar cerita kbahagian yang hakiki di dunia yang fana ini terus kesenangan yang hakiki itu yang bagaimana tak pernah merasa sedih begitu terus misal kalau laki sudah tidak kuat lemah cari nafkah apa layak di tinggal pergi di usir,neutral,0.28
benar sih waktu itu lagi ingin menonton yang sedih sedih langsung cus menonton ini dan berakhir mewek menangis,sad,0.74
alhamdulillah jiminie sudah sembuh jangan sedih lagi ya mangatss,happy,0.2
bangsat ngagetin saja,angry,0.95
i rasa sedih kalau bf i pergi kerja pepagi lucu dia macam best friend forever pergi sebab dia busy sangat kerja,sad,0.58
sebenarnya aku ragu tapi baiklah dia mengulurkan tangannya malu malu pada sang kawan jangan bawa aku ke tempat yang aneh aneh ya,neutral,0.37
sinyal kenapa suka banget bapuk tiba tiba iya emosi allahu,angry,0.87
pernah tidak sih kamu lagi iseng nyanyi nih di depan pasangan tetapi tidak asal nyanyi begitu benaran nyanyi terus pasangan kamu terkesima kaget shock lalu bilang lah aku baru tau ternyata suara kamu bagus karena literally memang tidak pernah nyanyi pas lagi sama pasangan malu geys,anxious,0.86
semoga keterima ya semangat,happy,0.01
sing semangat mbake,happy,0.0
bangsat rambut berlawanan tetapi iya sedih soalnya menari kayak tidak tertarik sama chanyang huhu,sad,0.53
sebanyak wanita dan pria mengakui bahwa rasa marah dan kesedihan akan berkurang setelah menangis,neutral,0.36
lelah sih tapi puas hasilnya bagus agak random sih tadi pagi,happy,0.17
lagi malas balas pesan wa mau deact tetapi komunikasi cuma di situ jangan sampai tangan gatal buka wa kalau tidak urgent deh benaran muales,neutral,0.26
kalau tidak dipenjemin duit itu ya sudah begitu lah tidak usah yang kamu adalah enak bla bla diam saja kamu diam sebelum gue gebug puting kamu,angry,0.98
bukankah kamu lelah atau ada sesuatu di pikiranmu jangan memaksakan dirimu terlalu keras semua akan baik baik saja,neutral,0.24
kehilangan semangat buat kenapa apa serius di kampus sama dia,sad,0.73
bersin sedikit saya parno ingin swab astaga benci banget omicron bikin hidup tidak tenang,angry,1.0
aku tidak menangis karena sedih ini hanya karena angin yang membuat mataku berair i miss kamu,sad,0.51
karena saya egois dan bego,angry,0.93
kesal banget hari ini tadi pagi sama dia,angry,0.76
aku cuma ingin istirahat sebentar tapi ya sudahlah sama dia,sad,0.67
percaya tapi benci gue kalau suka diam doang tidak berbicara langsung kayak gue tidak gigit alah dan kamu cowok yang gentle dong masa kalah sama gentle jen,angry,0.95
amin semangat ngeba nya sayang,happy,0.12
setdah salut banget sama sender aku tak sanggup menjawabnya karena aku di perikanan saja sudah hampir menangis tiap malam pusing tugas prak lucu semangat nder,happy,0.03
simpan permanen sudah bisa mulai nanti jam sore sampai tanggal februari jam sore data diri foto semuanya masih bisa diubah kalau kamu belum simpan permanen saran aku dari sekarang sudah isi semua data diri unggah foto dan lain lain jadi nanti tinggal simpan permanen saja tidak panik sama hal lain,neutral,0.33
dengarkan musik sambil streaming video klipnya tidak takut ngabisin kuota kalau pakai indihome,neutral,0.4
cemas memikirkan masa depan tapi ya sudahlah bareng teman sama keluarga,anxious,0.8
luat biasa,neutral,0.37
semoga bahagia di surga,happy,0.16
kenapa agama yang lurus dari tuhan yang maha esa bisa menjadi bengkok hingga bermacam sebabnya karena ada orang bodoh dan sesat surat pemberitahuan tahunan itu sudah banyak dari zaman dulu namun motifnya tetap sama yaitu untuk kepentingan perut dan sekitarnya,angry,0.85
khawatir sama kondisi sekarang di kantor sama teman kantor,anxious,0.86
makan favorit hari ini bikin bahagia tapi ya sudahlah sama keluarga,happy,0.28
eh sumpah saya panik sudah unggah foto ltmpt tetapi lupa sudah saya save belum tetapi sudah di unggah sama sudah di crop,anxious,0.76
eh iya benar aku kemarin terpilih buat mengisi acara rapat kan nah aku takut kalau mengomongnya berbelit terus aku meminta sama allah biar dilancarin semuanya dan benar allah lancarin semuanya sampai acara selesai,happy,0.19
lelah sama keadaan sekarang dari tadi kepikiran pas perjalanan sama dia,sad,0.84
ih bego kok bangga,neutral,0.37
akhir akhir ini cemas terus lucu bareng teman,anxious,0.76
bagaimana kalau cantik goodbye jadi lagu debut chen gara dia tau kalau fannya tau dia sudah nikah bahkan sudah punya anak dia bakal ditinggalkan sama fan fake jadi dia sayang goodbye sama kita lewat lagunya bagaimana kalau dia cuma ingin hidup normal saja kayak orang biasa shit gue gak tau aku kangen rindu berat sama dia,neutral,0.34
khawatir sama kondisi sekarang banget asli waktu malam sama keluarga,anxious,0.88
takut,anxious,0.83
kok sedih,sad,0.62
lelah menghadapi orang yang egois banget asli di kampus,angry,0.68
huhu sedih banget mana lagi on,sad,0.62
khawatir sama kondisi sekarang tapi ya sudahlah di rumah sama keluarga,anxious,0.82
selamat hari sabtu juga ibukk semangat buat hari ini,happy,0.04
kesal banget hari ini hari ini tadi pagi,angry,0.78
suka menangis sendiri kalau ketemu orang orang baik banget ke gue padahal tidak saling kenal awalnya ya allah jadi merasa bersalah pernah pikir hal hal negatif kurang bersyukur banget,sad,0.64
kecewa banget sama hasilnya lucu pas perjalanan,sad,0.71
emosi lihat komentar orang tadi padahal sudah coba santai di kantor sama dia,angry,0.93
rasanya kosong saja hari ini banget di kampus sendiri,sad,0.77
sudah saya duga soalnya tumben banget cube marah banget promosinya dan lain lain jadi teringat coba helicopter kemarin cube kalau kamu sampai kenapa ini anak saya awas ya saya marah benaran marah banget,angry,0.9
dapat kabar baik dari keluarga tadi pagi hari ini di kantor,happy,0.12
akhir akhir ini cemas terus sih waktu malam sendiri,anxious,0.84
jimin sudah sembuhjimin sudah bisa melakukan aktivitas sehari hari seperti biasa,neutral,0.3
kalau mau menjadikan ayat tersebut sebagai hujjah coba dipahami lagi konteksnya jangan cuma text nya saja diayat tersebut ada syarat dan ketentuannya lah enggk asal boleh saja monggo bisa dijadikan referensi,neutral,0.25
siap sayang semangat ya,happy,0.08
aku sangat senang kamu mendapat atensi dari seluruh dunia atas kemampuanmu dan akhirnya kamu berhasil menempati posisimu untuk debut senang sekali melihatmu berjuang dari awal karirmu kamu pantas mendapatkannya walaupun harus naik turun dan jauh dari rumah shen xiaoting yyds,happy,0.08
terima kasih ya sudah bikin hariku lebih baik tadi pagi,happy,0.05
apa lah mama nih maaf sayang mama tak jaga dhyan dengan betul mama leka maaf sayang cepat sembuh lah dhyan walaupun awak demam pengadilan negeri macam tak demam tapi bila malam menampak awak macam itu sedih mama,sad,0.58
geram banget sama pelayanan tadi sih di kampus sama keluarga,angry,0.9
sedih sih tetapi yaudalah hhe,sad,0.66
rasanya ingin marah terus hari ini sama dia,angry,0.95
kalau di sini sama biasa saja masih banyak kali yang lebih gede dari ini,neutral,0.35
sedih banget,sad,0.76
jangan takut mencinta hanya karena pernah terluka cinta sejati tak datang begitu saja tapi melalui proses sedih dan tawa bersama,neutral,0.24
jijik kamu menjadi pembohong untuk menutupi fakta bahwa kamu ini selain bawa perasaan juga bodoh ini adalah perbuatan paling menjijikkan yang dapat dilakukan manusia mengakui panteis bohong mengakui ngikuti astronomi bohong pembohong huek mengakui anak ugm oi,angry,0.93
senang banget hari ini ketemu teman lama padahal sudah coba santai di kantor,happy,0.26
cemas memikirkan masa depan tapi ya sudahlah di rumah,anxious,0.87
jangan sampai rakyat benci,angry,0.89
iya terus episode kemarin itu banyak animator anime yang keren ditarik jadi memang hasinya takut mantap banget sih,happy,0.04
lebih baik gue marah dari pada benci kalau sudah benci tidak bakal mau kenal lagi,angry,0.96
rasanya gugup terus hari ini di kantor sama dia,anxious,0.97
entah harus bersyukur karena dikasih tips atau emosi karena secara tidak langsung tertampar kenyataan,angry,0.91
semangat buat hari ini ya kamu deserve tapi be happy anw jangan lupa sarapan lita,happy,0.14
khawatir sama kondisi sekarang hari ini pas perjalanan sama keluarga,anxious,0.77
habis menonton layangan putus bareng murid nya ya bunda jangan sedih ya mas aris memang begitu suka tidak tau diri padahal sudah dpetin cewek yang bak ratu,angry,0.89
masih susah pindah on dari kejadian itu hari ini tadi pagi,sad,0.56
bagaimana sudah sadar betapa lucunya kamu yang pernah bodoh untuk seseorang yang bahkan tak pernah menganggapmu jika sudah mari tertawa bersama mentertawakan perjuangan yang kamu kamu serta harapan fiktif dengan luka yang nyata,sad,0.53
tepuk semangat se sama ngat se sama ngat yeayy,happy,0.09
coy takut sekomplek lucu sehat mat,anxious,0.86
akhir akhir ini cemas terus banget asli di kantor sama keluarga,anxious,0.8
lelah sama keadaan sekarang sumpah bareng teman,sad,0.57
saya bukan orang kayak tapi saya orang senang saya tidak punya harta tapi saya punya bahagia obay kusut cowok yang mudah dikenal sukar dilupakan salam rock dan gulungan,neutral,0.37
akhir akhir ini cemas terus sih tadi pagi sama dia,anxious,0.76
kesal banget hari ini sih sama teman kantor,angry,0.73
yuna jangan lewat lini masa dong gue jadi sedih lagi,sad,0.65
apa saja sih masalah kota ini kok suram banget kayaknya,neutral,0.32
kakak juga iya wangi enak saja,happy,0.01
tidak aneh kok kenapa harus aneh tapi tidak apa apa kalau sesekali mau coba nderr nebeng sama teman begitu kalau lagi pada mau menonton kalau tidak ya tidak apa apa chill santai ada wilayah yang tidak ada bioskop dan isokay kincana kok,neutral,0.33
anxious banget sebelum meeting tadi hari ini di kantor,anxious,0.79
susah banget lihat orang lain bahagia sih dasar para perebut laki orang,angry,0.91
anxious banget sebelum meeting tadi sih bareng teman sama dia,anxious,0.81
khawatir sama kondisi sekarang sih di kampus sama teman kantor,anxious,0.91
memelihara tuyul saja enak,happy,0.18
dapat kabar baik dari keluarga tadi pagi banget waktu malam sendiri,happy,0.17
ah kamu tolol malas bacanya,angry,0.96
aku mau golek bubur isuk enak ketoke cuma malas gerak men mau keluar adem lucu gue,happy,0.06
lelah sih tapi puas hasilnya bagus di kampus,happy,0.18
agan agan sudah pada mencoba belum nih pempek kapal selamnya joeragan dibuat dari ikan tenggiri segar enak lah,happy,0.05
jujur malah sedih sih lihat kenyataan nya,sad,0.76
sudah lah kamu itu bodoh jadi mereka mengira kamu menyogok begitu saja,angry,0.96
kemungkinan kamu tolol teman kamu jadi sepuh di sama sementara adik nya sudah kuliah,neutral,0.25
kaget kiraan bakal apes eh sayang pulang,anxious,0.8
rasanya ingin marah terus sih sama teman kantor,angry,0.66
tidak biasa saja banyak yang lebih tua dari saya memanggil saya adek santai saja kalaupun orang lain bilang punya adik ya berarti saudara kandung yang lebih muda dari dia mau umur berapa kayak,neutral,0.39
rasanya kosong saja hari ini dari tadi kepikiran bareng teman sama keluarga,sad,0.81
ada tidak sih cewek yang tulus ke aku takut patah hati,anxious,0.82
dia mengajak balikan cuma buat balas dendam kayak nya lucu gara gara aku putuskan sepihak tanpa kejelasan padahal aku tidak bilang kalau mau balikan dan dia anggap aku pacarnya teakhir kali diselingkuhin dan aku biasa saja lucu,neutral,0.36
halo haloo jihan di sini mau kasih sedikit reminder ya jangan lupa bersyukur atas nikmat pagi ini jangan lupa sarapan minum yang banyak jangan sampai jatuh sakit ya mandi pagi biar segar jangan menangis menangis ya semoga bahagia selalu kamu re magical love,happy,0.18
bukti jelas orang muda tak semestinya lebih baik boleh saja berpemikiran dan bertindak seperti dinasaur kita sepatutnya bebas untuk mengkritik dan dalam masa yang sama bersedia untuk dikritik hujah mesti dibalas dengan hujah ini terus ada hominem memalukan,neutral,0.21
tidak enak banget bangun bangun badan panass,sad,0.55
ada kak biasa bikin cerpen no copy paste copy paste berpengalaman sebagai penulis juga dan bisa cek testimoninya iya,neutral,0.39
gue bangun bangun jam panik banget anjir sudah siap siap mau tidak mandi ke sekolah eh ternyata hari ini libur gara gara guru ada yang meninggal bangsat memang sudah panik banget anjir,angry,0.93
aku baru jadi myday akhir kalau tidak awal sedih banget belum pernah lihat mereka satu frame dan agak menyesal sih baru jadi myday waktu itu padahal sebelumnya memang sudah suka banget sama lagu nya day,sad,0.74
senang banget pagi dapat kabar dari sayang,happy,0.2
malu dia itu,neutral,0.4
dulu suka banget bahkan aku sering diam di rumahnya karena merasa adem saja begitu bisa diajak cerita juga mengerti sama keadaanku tetapi sekarang sudah tidak ada sedih banget tidak ada teman cerita lagi,sad,0.8
saya jadi ragu,anxious,0.88
rasanya sedih banget akhir akhir ini sih bareng teman sama dia,sad,0.76
mending tidak usah deh daripada kecewa,anxious,0.75
bangun bangun dapat kabar temanku positif takut jadinya,anxious,0.83
takut habis barbar,anxious,0.74
apapun yang sedang terjadi sesulit apapun yang kakak arra hadapi harus tetap kuat dan semangat iya pacarnya renjun harus selalu kuat dong sok be strong and fighting pacar injun,happy,0.13
jasa hai yang butuh joki mandarin berupa tugas realtime tulis hanzi dan lain lain bisa ke ya joki tulis biasa joki ketik juga bisa kuliah di salah universitas di beijing hsk dengan score pengerjaan cepat fee bersahabat,neutral,0.21
jangan marah yang osah,anxious,0.7
dibalik perkataan aku baik baik sajaa selalu ada air mata yang meredakan segalanya dibalik tulisan indah selalu ada hati yang terlalu berantakan menuliskannya ada masa lalu yang setengah mati dikuburkannya,neutral,0.24
sudah di bagikan ke base belum fan sedih banget liatnyaa,sad,0.51
saya kira di menfess sebelumnya kamu mau ngejokes ternyata bego benaran lucu kamu tidak tau definisi adik atau bagaimana semua orang menyebut saudara kandang yang lebih mudanya ya adik tidak usah menyuruh orang buat mengakui deh kamu doang yang pikir begitu bego tidak jelas kamu,angry,0.98
itu yang dimaksud itu oknum habib walaupun dia sebagai oknum ulama habib toh tetap manusia biasa punya kekeliruan begitu saja kok repot belajar nya,neutral,0.21
saya ragu mau balas memakai kata apa pakai foto juga dan akhirnya keluar sudah,anxious,0.77
marah banget karena pekerjaan berantakan lucu di rumah sama dia,angry,0.85
lucu wkwk tolol,angry,0.96
enak banget pjj aku ptm,sad,0.75
ya rumah sepi mari kita party wakwakk,happy,0.18
sedih baru tau jimin merayakan tahun baru di rumah sakit ya,sad,0.57
pebalap moto gp enea bastianini sampai harus memakai alat semacam tongkat untuk mengusir hewan yang ia sebut batman itu,neutral,0.26
senang banget hari ini ketemu teman lama hari ini di kampus,happy,0.11
mantap ah sedih kucing mati pun aku kerja lagi hamba sistem nampaknya,sad,0.78
makin benci sama jumat jam termual untuk sebuah perjalanan darat tasik cirebon tasik sabtu sudah kerja lagi mantap badan makin hancur sudah ini tinggal tunggu matinya saja lah,angry,1.0
bingung dan takut ambil keputusan sumpah tadi pagi sama dia,anxious,0.91
sebenarnya sudah tidak cenggeng kok ndii cuma aku kesal kalau lagi merasakan perasaan kayak begini dimana daann biasa nya kalau aku lagi kayak begini kamu yang menenangkan tapi nyata ndiisekarang pun kamu masih suka menenangkan iyakan dimana tapi dari atas sana,neutral,0.32
kenangan tetap ada tapi jangan terfokus di sana hidup kamu bukan untuk kenangan tapi buat masa depan tetap semangat,happy,0.19
saya kalau di mal suka tidak enak sama yang baru nge pel dan tidak ada jalan lain akhirnya jalan jungkit sama bilang maaf ya mas mbak,anxious,0.78
sudah sabar tapi masih dibohongi jujur saja waktu malam sama teman kantor,angry,0.93
hi tak tau ya pagi pagi begini ada yang mau baca keluhanku masih pagi sudah mengeluh ya jujur saja aku lelah banget hari terakhir rumah kacau banget gede rasa mama aku tiba marah dan mengambek tidak jelas ke aku sama papa dia tidak mau masak di rumah pisah kamar dan lain lain cont,sad,0.78
takut kalau hasilnya jelek sumpah di kantor,anxious,0.92
karena sekarang sudah jelas fokusku sekarang ke mereka saja ot masih sedih tetapi tidak apa apa sekarang kakak butuh lockey juga,neutral,0.28
ragu untuk bisa beli barang itu karn harganya bisa buat cicilan bulanan,anxious,0.89
enak cantik,neutral,0.34
dulu waktu sampai saya jengkel banget sama ibu saya mau pergi naik bus dari jombang ke bojonegoro jawa timur pakai diantar ke terminal bus padahal inginnya naik angkutan kota saja,angry,0.97
rasul palsu kayaknya,neutral,0.37
keringet itu reaksi tubuh yang normal dan tidak bisa kita kontrol ini peraturan menyusahkan banget terutama buat orang yang gampang keringetan kayak aku lagi duduk diam saja suka keringetan makanya pas istirahat banyak yang lebih memilih duduk diam saja biar tidak keringetan lucu,neutral,0.26
bingung dan takut ambil keputusan sumpah,anxious,0.7
sudah kayak hal biasa tidak sih lucu habbits begitu,neutral,0.38
takut gagal di presentasi besok banget di rumah sama keluarga,anxious,0.86
takut gagal di presentasi besok banget di kantor sama dia,anxious,0.92
kita tidak bisa misahin orang yang budak cinta meski pasangannya toxic sudah habis hampir tahun menelan cemas tentang hal yang tidak bisa saya kendalikan kena imbas mental juga sampai bablas selfharming depan mereka histeris saking meledak kalau dia sedih saya gaperlu menyalahkan diri sendiri,neutral,0.36
lini masa nya sepi,sad,0.64
keluarga besar aku jangan risau sebab korg termakan hasutan puki lahanat adik beradik aku kecuali bapak sih murni kamu hina sih syahirah nih gila makan gelojoh hitam buruk anak kamu pon gila lah bodoh lagi teruk dari syahirah anak aku lyn baik je anak kamu sial ayah suratman,angry,0.9
streaming nya enjoy sih soalnya lagunya enak lucu,happy,0.01
semoga allah melimpahkan banyak rezeki orang orang yang bersangkutan agar tidak membuat sedih mama dan saya dengan tidak mengambil alih pesanan orang semoga allah menggantikan rezeki baik berkali lipat untuk mama agar bisa terus membayar cicilan rumahnya amin,neutral,0.34
ketika senang ia datang lagi ketika sedih ia tak pernah pergi perkenalkan dia ibuku bidadariku,sad,0.79
lelah menghadapi orang yang egois banget waktu malam sama teman kantor,angry,0.82
halo semuanya semoga kalian tetap bahagia dan juga tetap semangat nge ba nya ya,happy,0.02
cemas memikirkan masa depan dari tadi kepikiran waktu malam,anxious,0.97
tinggi di depan,neutral,0.33
lo kiraan fest lucu haha,anxious,0.87
gue memang orangnya suka bercanda tapi bukan berarti tidak bisa serius please be pintar tidak semuanya bisa kamu candain jangan biasakan bikin orang risih dengan sikap kamu jadi sekarang gue meminta tolong please kamu semua uncrush gue tolong banget gue tidak nyaman sori,angry,0.9
senang banget hari ini ketemu teman lama jujur saja sama teman kantor,happy,0.06
kamu yang tolol kayak titit ngejawab tapi tidak rinci pakar apaan kayak begitu intelligence quotient memang saya berbicara kalau saya ateis saya kan nebak skrip kamu pasti kamu bakal memaki saya bukan ateis gegaran tidak follow akun ateis dan benar tebakan saya,angry,0.96
tentu saja kalau jual cash tidak dapat r,neutral,0.39
rasanya ingin marah terus sih waktu malam sama teman kantor,angry,0.78
ingin tertawa saya kalau kamu emosi,happy,0.07
mjb yanfei bisa enak banget malah,happy,0.15
terbawa mimpinya aku sedih sama ceweknya aku ingin lihat dia bahagia,sad,0.68
bodoh punya orang aku doakan makanan yang kamu beli jatuh terburai tanpa sempt kamu masuk mulut pun amin,angry,0.91
hari ini berat banget dijalani sih waktu malam,sad,0.68
tidak biasa sekali sikapmu bre,neutral,0.34
pagi pagi emosi,angry,0.94
enakan yang goreng atau kuah sih kemarin beli yang goreng kayak tidak ada pedas pedesnya jadi kecewa,sad,0.6
iya sering terus suka pikir ada berapa bayi yang lahir hari ini ya random banget anjir saya,anxious,0.75
masih lemas ayo lebih semangat,happy,0.09
rasanya sedih banget akhir akhir ini sumpah tadi pagi sama dia,sad,0.63
apa itu kamu doang tau definisi adik tidak sih kamu lah bikin emosi,angry,0.98
khawatir sama kondisi sekarang padahal sudah coba santai pas perjalanan sama dia,anxious,0.71
anjayy lebih enak itu sih daripada bagas,happy,0.17
padahal saya stay di lokasi juga dianggurin wkwk buat apa kamu nge hire orang luar kalau kayak begini ceritanya tolol jadi tidak ingin saya duitnya mereka tidak jelas banget bikin cemas doang padahal adalah ya tinggal bereskan doang sih proyek sudah selesai juga dibuat pusing amat,angry,0.88
mana sepi lagi,sad,0.78
takut gagal di presentasi besok sumpah pas perjalanan sama teman kantor,anxious,0.76
takut gagal di presentasi besok lucu pas perjalanan sama keluarga,anxious,0.71
pagii jangan lupa bahagia kamu berharga harus ingat ya hv a nice dayy,happy,0.17
lelah sama keadaan sekarang hari ini waktu malam,sad,0.62
nikmati bisa senang senang bareng teman tapi tetap produktif,happy,0.19
jangan lupa mengingatkan sayang buat makan dan minum takut tersedak ayangnya,anxious,0.78
sudah sabar tapi masih dibohongi hari ini di kantor sendiri,angry,0.83
sedih yang perform cuma member doang gara gara jiyoon lagi kurang sehat semoga lekas sembuh jiyoon,sad,0.68
rasanya kosong saja hari ini banget di kampus sendiri,sad,0.68
kos saya sepi banget oadahal sudah setengah,neutral,0.21
lagian sih kemarin siapa sih yang memilih ini gubernurr orang dudul koyok ini,angry,0.9
pernah tidak sih kalian menyakiti diri sendiri biar tidak marah lucu,sad,0.75
kalau sosis rebus enak tetapi nugget aneh tidak sih,anxious,0.7
sekarang berita dukacita sudah mulai sliwar sliwer di kekasih lagi mas teman saudara lama tidak berkabar setibanya kasih kabar duka ealaah gusti ini lo masih tidak percaya pandemi belum pergi,neutral,0.37
marah banget karena pekerjaan berantakan banget bareng teman sama dia,angry,0.71
lelah menghadapi orang yang egois dan kepikiran terus pas perjalanan,angry,0.91
selamat pagi ya jangan semangat,happy,0.05
hai terima kasih sudah menjelaskan nya dengan bahasa yang baik aku lebih suka penjelasan dan pembahasan kamu yang kayak begini daripada kebanyakanborang yang qrt di base kemarin aku meminta maaf karena sering pakai aku pikir ini sama saja kayak yang wp begitu dan karena banyak yang pakai,neutral,0.39
selamat pagi mari memulai hari dengan emosi yuk mampir,angry,0.87
dulu tiap ada yang kasih berkas talak suka heran kenapa harus pisah padahal masih muda bahkan ada yang sudah beranak tapi keadaan mental istri atau suami ya mereka sendiri yang tau dan pasti itu sudah yang terbaik buat kedua pihak,sad,0.63
kamu boleh kok dan kalau butuh teman cerita kamu bisa direct message aku ya semangat nder,neutral,0.38
cemas memikirkan masa depan di kantor sendiri,anxious,0.76
rasanya sedih banget akhir akhir ini serius di kampus sama keluarga,sad,0.81
masih emosi sih sama katla kemarin mana keterangannya begini saja hasil mengaci kesal,angry,0.86
ha iyakah masya allah ya sudah kalau memang sibuk banget tidak apa apa fokus dulu saja wajib balik pas hari h ya sayang ditunggu kabar bahagianya,neutral,0.28
ternyata ngekos sendirian tidak seenak yang aku bayangkan mending ada teman kamarnya jadi enak ada teman mengobrol,sad,0.55
hlt guys aku punya kebiasaan minum kopi tidak tiap hari sih cuma kadang nah pagi ini habis minum kopi tb bagian atas selangkangan sebelah kanan sakit kira ada hubungannya tidak ya tapi aku buang air tidak kenapa normal,anxious,0.75
kita semua punya rasa marah sama prabowo prof jangan dendam ya prof kan waktu memilih kita serahkan semua pada allah tetapi kalau ingat terus kejadian itu boleh lah prof,anxious,0.73
ya kalau mau poligami ikuti sunah rosul tunggu istri pertama meninggal dulu dan kamu nikah sama nene yang sudah tua dan miskin buat diurus bukan mau enak nya doang tolol,angry,0.97
senang banget hari ini ketemu teman lama lucu di kampus,happy,0.15
benerbener sedih pagii yang harusnya bahagiaa karena keluargasuami tetapi dibuat hancur dijam pagi begini salah keluar rumah di pagihari,sad,0.79
sama nder aku masih tahun tidak pernah ada yang menembak dekat sama cowok pun juga tidak pernah sejombloa nya teman gue mereka masih ada yang suka atau pernah merasakan disukai orang jadi tidak pure jomlo saya bodoh amat sih mau ada pacar atau tidak soalnya sudah biasa sendiri jadi finea saja,neutral,0.33
ya sedih,sad,0.53
geram banget sama pelayanan tadi sih waktu malam sendiri,angry,0.71
lah sudah berakhir kontraknya sedih banget,sad,0.8
deg degan menunggu hasil pengumuman dari tadi kepikiran pas perjalanan sama teman kantor,anxious,0.88
kamu paling susah di ayoin sih bangsat,angry,0.95
sedih tangan sayang buntung,sad,0.59
genshin memang game yang terlalu sepi untuk segi open world bahkan horizon game nya aloy tidak sesepi ini npc ada yang jalan jalan dan berburu begitu,neutral,0.23
semoga saja orang yang zalim ke saya dapat balasan yang setimpal oleh allah subhanahu wa taala amin,neutral,0.36
akhir akhir ini cemas terus agak random sih waktu malam sama keluarga,anxious,0.94
iya benar banget nanti siang ku pesan,neutral,0.23
marah banget karena pekerjaan berantakan padahal sudah coba santai di kampus sendiri,angry,0.86
deg degan menunggu hasil pengumuman banget asli bareng teman,anxious,0.76
sumpah sedih,sad,0.58
kalau ke peningkatan sendiri sepertinya nanti bisa balik kayak biasa lagi coba clear data,neutral,0.3
ya karena mereka itu adalah kadal gurun yang hidupnya hanya brutal dan rusuh dipermukaan dan kejauhan saja begitu dideketin dan ditengok saja langsung lari tersilit cari lobang seolah semesta mau kiamat itu dilakukan terus menerus selama hidupnya,neutral,0.25
harus sub unit foto lebih dari member biar agak ramai lucu sih o cbx me sc me kalau solo sepi banget berdua doang tapi sudah bersyukur bisa sama salah satu member seng penting exo xixiixizi,happy,0.06
kami respon via direct message ya kak untuk nomor internetnya yang di info via mention harap dihapus ya karena merupakan privasi pelanggan yang khawatir di salah gunakan oleh pihak yang tidak bertanggung jawab terima kasih lia,neutral,0.37
that takut ngebungkus though,anxious,0.78
teman saya yang lockey sudah bilang begini sebelumnya kalau sampai coba grup dia tidak ikut ada kemungkinan bias saya tidak akan lanjut lagi di sana ya allah sedih,sad,0.61
ini gara gara sebelum tidur saya panik akun ltmpt panik jurusan kuliah,anxious,0.79
rasanya ingin marah terus hari ini bareng teman sama keluarga,angry,0.82
berani kok kalau saya lagi stres banyak masalah mesti rewatch biar merasakan juga sedih dan capainya mereka tidak cuma saya doang yang menderita lucu,sad,0.59
jaga kesehatan ya deh jangan sampai sakit dan tetap semangat ya cindvia jakarta,happy,0.14
kepikiran banyak hal sampai susah tidur dan kepikiran terus bareng teman sendiri,anxious,0.83
sudah sabar tapi masih dibohongi serius bareng teman,angry,0.84
good pagi gita semangat buat nanti streaming nya,happy,0.19
ah aku sedih dengarnya,sad,0.69
alhamdulillah baik banyak banget sih sejak sudah mulai cut off orang orang yang sering bikin sedih,neutral,0.28
judul temlenmu bikin tertawa habis mbah sehingga perjalanan inipun seperti jadi saksi gembala kecil menangis sedih,sad,0.6
cemas memikirkan masa depan dari tadi kepikiran tadi pagi sendiri,anxious,0.81
kecewa banget sama hasilnya agak random sih sendiri,sad,0.83
bila semangat mau pergi church tiba bersin kali tentu pasal umm xdapat pergi,happy,0.11
kereta milik cuma sarawak abang johari celaka punya vvip aku paling benci dengan golongan puk ke nih,angry,0.92
kalian yang belum menonton mending menonton sih awalnya menonton ini karena di o tapi malah suka ke jo ini sung nya juga plot twist nya bikin menangis banget apalagi scene ini,happy,0.18
rasanya sedih banget akhir akhir ini agak random sih waktu malam sendiri,sad,0.6
bersabarlah wahai hati tatkala ada orang membencimu sesunguhnya manusia tidak pernah puas mencari kelemahan diri masing masing,neutral,0.23
lelah sama keadaan sekarang di kantor,sad,0.83
selamat pagi simeulue sabtu semarak akhir minggu bersama teman temanmu apakah kamu merasa masa kecilmu lebih bahagia dari kebanyakan orang unduh neo bank masukan kode referral apa yk dapat hadiah tunai rupiah ribu perjuangan penerapan syariat,neutral,0.39
emosi mulu nih lanjut usia,angry,0.9
lucu apa sama lagi baca ulang volvoreta tidak tau kenapa kakak itu suka banget mengulang baca volvoreta habis aku revisi lucu tidak ada lagi part ekehm nya jadi amann,happy,0.08
makin banyak orang tolol anjing goblok,angry,0.95
geram banget sama pelayanan tadi agak random sih pas perjalanan,angry,0.95
rasanya gugup terus hari ini jujur saja pas perjalanan sendiri,anxious,0.86
emosi lihat komentar orang tadi sih di kampus,angry,0.82
eh takut banget,anxious,0.9
kecewa banget sama hasilnya di kampus sama dia,sad,0.73
rasanya sedih banget akhir akhir ini lucu bareng teman,sad,0.76
aku cuma ingin istirahat sebentar sih sama keluarga,sad,0.71
lelah sih tapi puas hasilnya bagus serius waktu malam sama dia,happy,0.23
makan favorit hari ini bikin bahagia jujur saja waktu malam sendiri,happy,0.26
tidak terlalu kecewa ya tapi tetap tidak senang,sad,0.69
emosi lihat komentar orang tadi sama dia,angry,0.93
saya baru bangun tidur dan semalam tidur cepat karena tidak enak badan batuk pilek tau bangun dengar denis bikin pengumuman kontrak sudah habis makin menambah sakit vine masih diam sampai sekarang tidak mengeluarkan pengumuman juga kah agensi anehsemoga baik saja,sad,0.77
sama lucu gue tenang ellie aku di sini menemani kamu agak bodoh sedikit,neutral,0.21
sakit perutnya luar biasa bikin meringis,neutral,0.4
takut lah tegak draw gp b nih ya allah,anxious,0.74
deg degan menunggu hasil pengumuman hari ini di rumah sendiri,anxious,0.73
tidak bolehh soalnya sudah makan mie kemarin takut lambung aku kambuh lagi kalau keseringan lucu,anxious,0.9
teman saya ada yang positif takut banget soalnya kamis sama sabtu kemarin habis ketemu akhirnya saya ini mau swab house service doakan iya geengg,anxious,0.78
bahagia rasanya putri asli papua kakak fientje maritje suebu sebagai duta besar ri untuk selandia baru papua torang torang indonesia indonesia papua papua harus tetap bersama indonesia,neutral,0.31
kakak sedih banget,sad,0.57
tidak nder kayak nya gara quarantine deh soalnya dulu aku kalau maju santai banget tidak grogi tidak tremor bagus saja terus sekarang jadi kalau mau maju itu masih enjoy saja tetapi waktu sudah mulai berbicara buyar semua jadi tremor kata yang sudah disiapkan hilang semua begitu deh jadi sedih,sad,0.56
senyum sendiri pas ingat kejadian tadi agak random sih waktu malam sendiri,happy,0.23
gataunyaa memang suka dikerasi begitu bahkan suka dibuat agak lebam begitu anw akting mereka keren banget sih di sini ini tidak bohong saya jadi kayak dibawa merasakan rasanya jadi dom dan sub begitu jadi penasaran plus takut geli begitu,anxious,0.77
beragama tetapi menganggap mencuri menjadi biasa dengan dalih lele nya kabur lalu saya ambil saja daripada mati di jalan miris,neutral,0.3
bahkan dalam fisik terluka dan batin yang sakit ia masih bisa berkata aku masih sayang kamu tapi engkau malah memilih untuk pergi apa hendak dikata sesal tiada arti jika sudah di akhir,sad,0.55
we ustzh marah sebab tak ada orang masuk kelas pai setelah itu rupanya dia yang salah masuk link,angry,0.91
aku lihat hi bye mama baru prison play book baru episode sudah mewek saking terbawa emosi nya drama,sad,0.77
karena memang momen nya belum terjadi jadi tunggu saja sampai gelaran formula e benar gagal maka komisi pemberantasan korupsi punya alasan kuat untuk menyelidiki kalau sekarang komisi pemberantasan korupsi masuk nanti malah akan dituduh ikut menggagalkan gelaran f e oleh kroni balai kota,neutral,0.23
luar biasa parah,neutral,0.24
kak kalau buat twitter biasa begini tetap andro kan ya soalnya punyaku begitu,neutral,0.23
tapi soal kerudung tidak saya tidak bisa keeudung yang mleyat mleyot terus kusut sana sini ngewe no bisa sih pakai kerudung yang rabani tapi hari jum at sabtu wajib pakai yang ada logo sekolahnya daan kalau misal saya siap menit tapi kayaknya bakal lebih terus perjalanan,neutral,0.21
orang normal sarapan nya makanan lari nya ke perut lah kita pagi pagi sarapa bikin kepala kejang,angry,0.87
pantas saja lini masa sepi mu kalah lagi though,neutral,0.21
kesal banget sama orang yang tidak tepat waktu sumpah di kampus sama teman kantor,angry,0.75
akhir pekan bukan akhir kehidupan walaupun tidak ada uang yang penting senang,happy,0.01
sudah semangat lagi kan chaeyi,happy,0.02
ini dari kemarin kepala pusing badan pegal pegal flu terus hari ini tenggorokan mulai sakit kenapa ya takut banget,anxious,0.83
geram banget sama pelayanan tadi waktu malam sendiri,angry,0.86
malam ini kepikiran terus jadi sedih dan kepikiran terus waktu malam sama dia,sad,0.78
vu aku wahd marah yesraf liya gue amarli jibi yedkom fougeh je vis kima nebghi saya dan ih gue ntweeti cha nebghi gue ndir cha iya gouli rassi,angry,0.99
saya lihat di video musik aishite aishite kok takut ya,anxious,0.89
hari ini berat banget dijalani dari tadi kepikiran bareng teman sendiri,sad,0.78
semangat kerjanyaa,happy,0.01
ketika kamu berharap yang terbaik tapi kamu hanya mendapat yang biasa bersyukurlah kamu bukan yang terburuk,neutral,0.36
takut ya,anxious,0.73
kesal banget hari ini banget asli di kampus sama dia,angry,0.67
lelah sih tapi puas hasilnya bagus dan kepikiran terus bareng teman sama teman kantor,happy,0.28
malam ini kepikiran terus jadi sedih tadi pagi sendiri,sad,0.61
kegaduhan yang ditimbulkan dan efek demo bersilit silitnya sampai sekarang tidak hilang meski pada akhirnya mereka marah karena kecewa jebul sing didukung malah pada dadi menteri semua,angry,0.91
menghindari perzinaan kok poligami sih tolol banget goblok makanya titit nya tidak usah gatal lihat perempuan tetangga,angry,0.95
cemas memikirkan masa depan dan kepikiran terus waktu malam,anxious,0.79
marah banget karena pekerjaan berantakan jujur saja bareng teman sama teman kantor,angry,0.79
pura pura bego saat dibohongi itu menyenangkan,happy,0.06
dapat kabar baik dari keluarga tadi pagi banget asli waktu malam,happy,0.15
have kamu ever malam menonton film tidak sedih tetapi sedih melihat hidup kamu,sad,0.56
marah banget karena pekerjaan berantakan banget asli di kantor sama keluarga,angry,0.92
anxious banget sebelum meeting tadi sumpah pas perjalanan sama teman kantor,anxious,0.76
memang tidak bisa kalau urusan yang menuntut kinerja profesional itu libatin keluarga ngegampangin banget mau marah juga rasa tidak enakannya masih kental nanti yang ada berpengaruh ke hubung keluarga,angry,0.91
hari ini berat banget dijalani dan kepikiran terus waktu malam sama teman kantor,sad,0.57
kakak sender senang banget akhirnya au sender mulai ramai dulu tidak ada yang menunggu sekarang yang menunggu hampir orang semangat para author jangan sedih au kalian masih sepi pasti akan ada waktunya buat ramai okayy,happy,0.01
kecewa banget sama hasilnya padahal sudah coba santai pas perjalanan,sad,0.83
ini teel memang sepi apa bagaimana kesepian,sad,0.66
kata temanku enak tetapi aiu belum pernah mencoba,neutral,0.28
sedih campur senang akhirnyaa jimi sudah sembuh huhu kuat banget jimi,happy,0.05
akhir akhir ini cemas terus banget asli pas perjalanan sama dia,anxious,0.72
kehilangan semangat buat kenapa apa sih waktu malam sama teman kantor,sad,0.61
itu namanya garang tapi tetap bego,neutral,0.34
aku cuma ingin istirahat sebentar jujur saja pas perjalanan sendiri,sad,0.55
enggatau tetapi takut,anxious,0.78
nanti malam mau dicoba lagi semoga saja takdir menyatukan lagi dialam mimpi,neutral,0.26
ibu dari biologi ayah dari pertanian untung nama anaknya normal normal,neutral,0.26
terima kasih ya sudah bikin hariku lebih baik hari ini sendiri,happy,0.07
merajuk lah juga mak aku itu lucu pasti sudah ambil booster apa semua itu aku tanya mak aku ada sakit tak ada nak demam tak pasti mak aku cukup tak hahqhah pasti aku jawab balik kat dia habis hari itu takut sangat kenapa,anxious,0.75
aku nak nih bodoh,neutral,0.23
bagaimana cara menonaktifkan karyawan yang mengundurkan diri dan apa saja persyaratannya,neutral,0.31
bingung dan takut ambil keputusan sih di rumah sama dia,anxious,0.97
pagi kok sudah emosi,angry,0.89
jangan sedih mereka tiang kita normal kok,neutral,0.27
dapat kabar baik dari keluarga tadi pagi hari ini di kampus sama dia,happy,0.3
takut gagal di presentasi besok dan kepikiran terus pas perjalanan sama keluarga,anxious,0.84
pagi ji saya happy dapat kabar baik dari kamu ji akhirnya kamu balik ke rumah juga senang deh jaga kesehatan ya jii jangan sakit lagi nanti aku sedih yuk main ji,happy,0.02
halo pahari samandiai ada kabar gembira nih bagi para jagoan badminton di kalimantan gas skuy ramaikan perebutan piala kepala bnnp kalimantan tengah pada turnamen badminton se kalimantan tahun dalam rangka hari ulang tahun badan narkotika nasional ri ke,happy,0.13
bisa dibungkus plastik begitu selesai baca memang harus dijaga suhunya kalau mau halamannya awet ada yang memakai ziplock ada yang pakai plastik bening pembungkus biasa kalau sudah terlanjur kuning bisa dikurangin kuningnya dengan cara diamplas pelan plan,neutral,0.32
bingung dan takut ambil keputusan padahal sudah coba santai di kantor sama teman kantor,anxious,0.78
semangat buat hari ini ya kamu deserve tapi be happy anw jangan lupa sarapan adet,happy,0.04
yang lebih sedihnya di tempat kejadian tidak ada yang nolong abang saya anjing dia menelpon ke bunda pada nolong perempuan kontol bangsat itu secantik apa dia dia yang ditolong lebih dahulu abang saya kakeknya robek saja tidak ditolong,angry,0.94
semangat kak ica,happy,0.06
semangat kak,happy,0.11
semangat tetap sehatt,happy,0.06
akhir minggu ini seru banget agak random sih bareng teman sama dia,happy,0.21
i know this will end dengan ab and i feel the cerita trying tapi pin sih as antagonist but really anjir siapa yang suka kalau kamu sayang sama orang tapi orang tersebut membicarakan mantannya mulu sih,sad,0.72
takut kalau hasilnya jelek lucu di rumah sama dia,anxious,0.92
dapat kabar baik alhamdulillah jimin sudah dinyatakan negatif covid,happy,0.16
rasanya ingin marah terus banget asli tadi pagi sama dia,angry,0.71
edisi spesial valentine samsung galaxy si,neutral,0.38
enak tapi,happy,0.1
akhir akhir ini cemas terus padahal sudah coba santai pas perjalanan sama keluarga,anxious,0.8
amin semoga semua doa baikpun berbalik ke kamu ya aku itu ingin iseng apply fs cuma kok aku ragu bakor ku belum fasih dan sepertinya aku bakal mematung kalau hadapan langsung sama nana tapi kalau untuk konser masih bisa diusahakan,neutral,0.27
bahagia banget hari ini jimin diinfo sehat dan keluar rumah sakit terus hari ini stay alive will be release alhamdulillahh serakah tidak sih kalau ingin melihat foto ot hari ini,happy,0.12
geram banget sama pelayanan tadi jujur saja sama keluarga,angry,0.71
makan favorit hari ini bikin bahagia banget asli di rumah,happy,0.28
hari ini produktif dan suasana hati bagus lucu tadi pagi,happy,0.05
bingung dan takut ambil keputusan sendiri,anxious,0.77
malam ini kepikiran terus jadi sedih waktu malam,sad,0.84
happy birthday tapi sedih season nih maybe tiada hadiah silverware dengan club epl sudah sah jauh ketinggalan ucl je lah tinggal itupun kalau mampu,sad,0.6
ini juga wajib baca yang suka genre bangsat baca deh harus banget au dream as famili minim romance kok happy akhir hati hati emosi pas baca rate kalau beli bukunya ada unpublished part yang discan dibuka di drive,neutral,0.33
orang itu bikin emosi banget banget sendiri,angry,0.79
kepikiran banyak hal sampai susah tidur hari ini sendiri,anxious,0.74
akhirnya lolos interview kerja sumpah bareng teman,happy,0.06
baru saja mengirim foto depok,neutral,0.39
jangan larut dalam kesedihan ingat lah bahwa tuhan mengirimkan sedih dan bahagia kepada kita dalam satu paket,neutral,0.37
sedih banget teman gue,sad,0.64
rangnick siapa pun bisa membayangkan bagaimana dia dia hancur dan benar benar kecewa itv,neutral,0.21
deg degan menunggu hasil pengumuman dari tadi kepikiran di kantor sama teman kantor,anxious,0.73
kakak tingkat takut adik tingkat aku doang sepertinya ini matkul wajib padahal bukan mkp,anxious,0.85
kaget plus deg degan pas ada pelanggan cewek yang menegur saya pas lagi nongkrong di cafe kayaknya sih anak kedokteran ya bening sama cantik banget heran mana suaranya lembut banget lagi jadi teringat suaranya kak yessica,anxious,0.7
sudah sabar tapi masih dibohongi serius di kantor,angry,0.83
langsung aku unfollow lah ternyata alasan orang pada tidak suka sama dia sekarang jelas banget orangnya bikin ngerian,anxious,0.82
deg degan menunggu hasil pengumuman jujur saja di kampus sama keluarga,anxious,0.95
terima kasih kembali kakak semangat pagi o,happy,0.11
pagi ini lagi ingin menangis terus bingung pikir soundtrack sedih apa yang bagus begitu buat menemani gue menangis eh ujung ujungnya malah menonton ulang akhir snowdrop dan gue berakhir tidak bisa berhenti menangis sekarang definisi dari menyakiti diri sendiri nih memang,sad,0.76
baru lihat kabar denise astaga andwee,neutral,0.26
akhirnya lolos interview kerja tapi ya sudahlah bareng teman sama teman kantor,happy,0.26
rasanya kosong saja hari ini hari ini tadi pagi,sad,0.6
lelah menghadapi orang yang egois hari ini waktu malam sama dia,angry,0.92
lucu ww kadang mau melarang nyanyi dia nya sudah kepede dan dlasal bunyi saja asal bunyi dan bahagia buat dia,happy,0.07
lucu apa sedih sangat nih fren kongsi sama saya lah boboy,sad,0.66
seru juga rumah dekat pantai boleh boleh saya masih muda enak dong sudah punya pacar belum kamu,happy,0.08
lucu wkwk ingat banget sama video ini yang namjin muji penampilan hobi terus ada juga pas video jungkook muji kalau hobi hari itu ganteng banget tidak kayak biasanya sampai malu anaknya i memilih for at the,happy,0.13
anxious banget sebelum meeting tadi dari tadi kepikiran tadi pagi sendiri,anxious,0.94
sumpah bukannya saya tidak nyaman cuma saya takut malah suka sama kamu kenapa kamu tidak peka sih kak saya jadi lebih diam itu biar saya tidak jatuh lebih jauh,anxious,0.82
weh baru balik mengerjakan tugas kaget banget kok ramai,anxious,0.78
marah marahh,angry,0.87
aku cuma ingin istirahat sebentar lucu sama dia,sad,0.82
untuk merasa bahagia bingung kecewa sedih atau marah adalah masalah keputusan bila anda memutuskan untuk merasa berbahagia maka bahagialah anda dengannya kebahagiaan anda adalah sebenarnya hasil dari ketepatan keputusan keputusan anda,neutral,0.28
rasanya sedih banget akhir akhir ini dan kepikiran terus di kampus sama dia,sad,0.61
merasa sendirian akhir akhir ini jujur saja tadi pagi,sad,0.76
iya kan yang lain suka pada coba pada tidak apa apa tetapi tetap takut lucu,anxious,0.87
memakai notion enak juga lucu tau begitu dari dulu memakai ini app satu,happy,0.11
mengkhayal menunggu tiba masanya dimana penyakit covid setara dengan masuk angin biasa dan diobati cukup dengan minum antagin atau kerokan sambil menunggu masa itu tiba tetap jaga kesehatan dan jaga diri ya masker vaksin serta taat prokes masih jadi solusi terbaik,neutral,0.3
boleh ikut pak kabar ratu,neutral,0.36
kepikiran banyak hal sampai susah tidur banget sama teman kantor,anxious,0.76
kepikiran banyak hal sampai susah tidur dari tadi kepikiran di rumah sendiri,anxious,0.97
kesal banget hari ini tapi ya sudahlah tadi pagi sama teman kantor,angry,0.83
kepikiran banyak hal sampai susah tidur dan kepikiran terus di kantor sama keluarga,anxious,0.75
goblok kamu bangsat,angry,0.94
yash senang banget hari ini dapat kabar jimin sembuh i memilih for for at the,happy,0.11
jujur saya kesal banget banget sama sih anak kecil yang suka tertawa kayak sumber masalah ketawanya menyebalkan banget hem walaupun dia dari desa yang orang nya kebiasa tertawa karena keadaan harusnya dia bisa mengatur mulutnya buat diam lah dikutuk apa bagaimana sih,angry,0.86
di sana menanti di sini menunggu gabutt naann semangat pagii,happy,0.14
pernah tidak sih merasa takut berlebihan buat sayang banget secara tulus ke orang,anxious,0.88
suka sedih sama orang yang benci sama diri nya sendiri kayak please banget di saat di luar sana orang orang jahat dan tidak suka sama diri kita please lah cuma satu orang yang bisa cinta dan sayang sama kita yaitu diri kita sendiri aku yakin untuk mencintai diri sendiri itu,sad,0.66
malu banget sendirian kesannya kayak semua orang melihat sambil kasihan begitu aku kesini sendiri tolong lah orang orang kalian selain jaga jarak juga jaga pandangan dan omongan ya pdku semakin drop,anxious,0.77
agak sedih tetapi gaoaoa semoga tahun depan bisa ngehype birthday jisung lagi,sad,0.71
kalau dijawabkan dengan member nct diriku di real life seperti jaemin di media sosial seperti chenle and haechan kalau emosi seperti renjun kelakuan macam jisung kalau baku hantam ya kayak jeno lah mark terlalu sempurna jika dijabarkan dengan diri ku lucu ek,happy,0.12
akhir akhir ini cemas terus banget asli pas perjalanan,anxious,0.76
selamat pagi mas salam sehat penuh semangat dan selamat berakhir pekan,happy,0.15
kurang ke sampai target iya semangat markf,happy,0.07
tidak sedih iya kayak e we barang wingi unggah nif lucu wkwk,sad,0.65
aurat itu dari bahasa arab iaitu aurah yang berarti aib jika tidak menutup aurat sama saja seperti membuka aib sendiri,neutral,0.3
suka marah,angry,0.92
enak dong,neutral,0.35
morningg bestiee sepi amat deh,neutral,0.35
banyak yang aku mau belii tapi mungkin aku beli buku saja aksks inginnya wishlist aku ke coret semua aku dari dulu memang suka banget baca buku kayak novel genre nya bebas deh kecuali komik soalnya pusing baca nya,happy,0.18
sudah lah aku kecewa,angry,0.9
lelah sama keadaan sekarang dari tadi kepikiran sendiri,sad,0.58
anxious banget sebelum meeting tadi padahal sudah coba santai di rumah sama keluarga,anxious,0.74
rasanya gugup terus hari ini sumpah waktu malam sama teman kantor,anxious,0.9
jangan sedih bila belum memiliki materi sedihlah jika kekayaan hati belum dimiliki,neutral,0.33
terkadang bukan karena dusta kamu membenci seseorang tapi karena sedih menerima kenyataan bahwa dia tak bisa lagi kamu percaya,neutral,0.29
anjing banget mau litsus bukannya disemangatin alah gue kan takut banget,anxious,0.9
sepi banget tumben,sad,0.8
tidak biasa sarapann adin,neutral,0.22
iya gorengan nanas tepung enak banget deh,happy,0.15
bukan pens manchester united namanye kalau tidak ikut an tolol,angry,0.98
cemas memikirkan masa depan hari ini tadi pagi,anxious,0.77
suka banget kalau main twit tiba ada yang random begini by the way makasii sender sudah bikin tertawa,happy,0.19
alhamdulillah kabar baik,neutral,0.28
terima kasih ya sudah bikin hariku lebih baik serius tadi pagi sama dia,happy,0.26
cuma drop biasa,neutral,0.37
itu namanya pembodohan kok mau ya kdrt dihalalkan demi menutupi aib pria ini ustazah bodoh bukannya membela kaum perempuan malah memberikan kesempatan pria besar kepala,angry,0.95
puji tuhan ku bahagia banget rasanya dapat kabar jimin sudah sembuh,happy,0.13
kayak apa ya saya kalau beli paketan kalau mau keluar jauh keluar kota saja sksk saya jarang keluar jadi takut kamu,anxious,0.85
dan pada akhirnya kamu menjadi bingung sama perasaan kamu sama pola pikir kamu terlalu takut untuk maju termenung dalam diam cemas tiap malam masuk dunia virtual dan menjadi nyaman aman tentram tidak mau keluar mau tetap di sana bersama orang orang yang bisa mengerti kamu,sad,0.69
sedih budush bila adek orang mengingatkan mu mende ahok lepas sakit kamu,sad,0.59
bingung dan takut ambil keputusan bareng teman sendiri,anxious,0.73
takut limitt,anxious,0.74
tidak mengerti harus apa sedih saja begitu,sad,0.72
rasanya ingin marah terus lucu di kampus,angry,0.67
merasa sendirian akhir akhir ini lucu tadi pagi sendiri,sad,0.74
anjing kaget bikin kesal,angry,0.94
alhamdulillah kalau nanti balik lagi panik banget tadi tapi bersyukur saja deh,happy,0.1
orang itu bikin emosi banget hari ini waktu malam,angry,0.93
aku tau berat banget kedepannya jujur jalanku buntu aku cuma mau ikut alurnya saja tapi aku percaya sedih itu kayak bahagia semuanya sementara habis sedih pasti nanti bahagia kok begitupun sebaliknya semuanya bersifat sementara tidak apa apa kok ya kan hatinya seluas samudra,neutral,0.39
pacarku baru saja diberhentikan dari kerjaannya karena dari awal tidak jujur tentang keinginannya sedih banget kasihan mana cowok pula sudah ada niatan buat lamaran tapi malah diberhentikan semoga segera dapat pekerjaan baru,sad,0.74
selamat pagi sakit apa kak saya juga kurang enak badan nih,sad,0.5
lelah menghadapi orang yang egois sumpah waktu malam,angry,0.86
cwox yang kalau ada apa di selesein baru yang kalau lagi bertengkar bisa ngredam ego kalau marah banget cuman diam yang punya love languange physical touch indak acts of service seperti aku,neutral,0.21
karena saya kesal di detik terakhir masih ada saja yang jadi,angry,0.93
dapat kabar baik dari keluarga tadi pagi sumpah bareng teman sama teman kantor,happy,0.17
point ke itu kayak apa banget ya mutajir mutajir deketan lagi coba biar enak nampolnya,angry,0.99
sedih memang kalau ditinggal teman ngebucin sedih tidak ada waktu main sama teman sedih karena ingin ngebucin juga,sad,0.52
hari ini bahagia atau kecewa,neutral,0.3
deg degan menunggu hasil pengumuman banget asli pas perjalanan sendiri,anxious,0.95
ih sama punya ku juga sudah hari masa tertunda terus kesal tolong dong min ditindaklanjuti kecewa sih,angry,0.87
senyum sendiri pas ingat kejadian tadi banget asli bareng teman sama keluarga,happy,0.09
anjwengg panik sedikit ada,anxious,0.77
kesal banget hari ini tapi ya sudahlah sama keluarga,angry,0.92
dapat kabar baik dari keluarga tadi pagi agak random sih pas perjalanan sama teman kantor,happy,0.23
tidak apa apa fisik ku memang biasa saja tidak ada yang mebuat menarik dan banyak kekurangan dalam segala bidang setidaknya tidak gagal dalam mencari materi tidak semua yang diinginkan terwujud fokus saja mencari sebanyak nya bukannya aku dulu ingin bebas,neutral,0.34
ada raisa makan semangka ayo kak admin yakin kamu bisa dan semangat terus ya xb,happy,0.18
rasanya kosong saja hari ini dan kepikiran terus bareng teman sama teman kantor,sad,0.55
cemas memikirkan masa depan,anxious,0.8
siapa saja yang allah kehendaki kebaikan padanya allah akan menimpakan musibah ujian cobaan padanya hari bukhari,neutral,0.33
semuanya sih termasuk denise juga sedih juga harus meninggalkan kakak kakaknya,sad,0.55
deg degan menunggu hasil pengumuman serius waktu malam sama dia,anxious,0.72
masih susah pindah on dari kejadian itu banget asli pas perjalanan,sad,0.83
ada banget kan paniknya kamu haha eh eh kenapa kiraan sakit gatauny bego,angry,0.9
sepi banget,neutral,0.25
sudah semangat on soalnya ada sayang yang nyemangatin sialan kamu idang,angry,0.87
kalau pusing sama sedih pasti jadi kangen rumah,sad,0.74
aku cuma ingin istirahat sebentar agak random sih bareng teman sendiri,sad,0.83
khawatir sama kondisi sekarang banget asli tadi pagi sama dia,anxious,0.7
rasanya gugup terus hari ini serius di kampus sama dia,anxious,0.72
habis itu sakit hati tolol banget memang,angry,0.9
nah kalau ini bukan pick me girl lagi lebih ke tolol banget anjing girl,angry,0.87
senyum sendiri pas ingat kejadian tadi padahal sudah coba santai waktu malam sama keluarga,happy,0.09
mark tipe orang yang kalau mengetik huruf akhirnya dibanyakin biar tidak dikira marah ya,neutral,0.2
mau ikut esd saja telat terus takut flop,anxious,0.8
diyann rest well sayang semangat belajarnya jaga kesehatan ya,happy,0.07
ganggu banget dan bikin risih ingin resign jadinya padahal aku suka pekerjaan ini,sad,0.51
dapat kabar baik dari keluarga tadi pagi banget sendiri,happy,0.16
marah banget karena pekerjaan berantakan sih bareng teman sama keluarga,angry,0.8
sudah sabar tapi masih dibohongi hari ini waktu malam sendiri,angry,0.86
takut banget loch,anxious,0.84
aduh takut viral sama komentar saya yang itu nih yang like sama yang komen jadi banyak banget busetdahh,anxious,0.9
aku juga mau aware tentang isu kesehatan mental di sini aku mau negasin karakter hana yang sebenarnya dia bukan denial gengsi tidak punya hati tapi rata orang yang punya trauma secara seksual lebih sulit buat jatuh cinta atau menerima diri nya jatuh cinta karena terlalu takut,anxious,0.76
sepi banget yuk join cuma rep doang tidak usah follow,neutral,0.27
sih bodoh meminta monthly salary tidak ngitung dulu kalau diannual ternyata sama saja sana sama sini pas di approved bingung kelabakan,angry,0.87
malam ini kepikiran terus jadi sedih sih tadi pagi sama teman kantor,sad,0.63
biasa nya kalian mgespace ya,neutral,0.3
rasanya kosong saja hari ini di rumah sama dia,sad,0.61
ini adalah satu ide yang keluar saat aku lagi berpikir keras untuk ide part au mavenzer selanjutnya alias kenapa melenceng ke benci jadi cinta,neutral,0.38
kenapa rasa sedih lah hari nih semalam tegak ada lagi pagi nih sudah tak ada hurmm apapon sangka baik,sad,0.75
saling menjaga juga berlaku untuk menjaga pernikahan ya jelas tentu saja memastikan istri bahagia bukan cuma nerimo kurang tepat memastikan keluarga bahagia semua pihak bagahia tidak cuma istri tetapi suami dan anak,neutral,0.33
semangat buat hari ini ya kamu deserve tapi be happy anw jangan lupa sarapan raa,happy,0.12
sedih ada orang suka kita hakhak,sad,0.51
semangat deh saya,happy,0.05
masih susah pindah on dari kejadian itu sih tadi pagi,sad,0.73
iya enak,happy,0.11
dia memberi kekuatan pada yang lemah dan menambah semangat kepada yang tiada berdaya,neutral,0.24
dulu pernah install tiktok gede rasa pandemic iseng di rumah menganggur mau apa tetapi begitu lihat komen nya saya kayak terbawa ikutan downgrade saya miskin saya mungkin bego tapi tidak sehina itu menghujat orang pakai komentar yang kalau kamu baca he serius ini orang indonesia yang komen,angry,0.87
lagi sedih jadi terhibur aku,happy,0.03
akhir minggu ini seru banget agak random sih di rumah sendiri,happy,0.2
rasanya ingin marah terus serius di kampus sama teman kantor,angry,0.82
terima kasih ya sudah bikin hariku lebih baik hari ini waktu malam sama teman kantor,happy,0.28
ah sedih,sad,0.75
halo tahukah bahwa terdapat bukti yang menunjukkan bahwa sars cov virus penyebab covid dilaporkan juga dapat menginfeksi hamster apa saja sih yang perlu ketahui tentang infeksi sars cov pada hamster,neutral,0.31
anak sekolah dasar jaman sekarang tidak ada takut nya ya jangankan sama hujan sama gurunya saja tidak takut sepertinya mereka cuma takut kalau tidak dapat uang jajan,neutral,0.39
kabar baik untuk kita semua,happy,0.2
semangat aku,happy,0.06
malah minyak satu harga adanya cuma di awang awang harus produksi sendiri minyaknya,neutral,0.38
takut banget ditolak sama dia,anxious,0.84
akhir akhir ini cemas terus dari tadi kepikiran di rumah sama keluarga,anxious,0.95
takut tapi tetap percayalah diri bismilah yuk bisa yuk,neutral,0.22
kalian makin tampak bodoh sih banyak sumber yang dapat digunakan sebagai bahan perbandingan untuk memperoleh informasi yang benar bukan hanya lewat nuonline seperti yang saya jelaskan di atas jangan malas mencari atau browsing untuk mendptkan informasi yang benar,neutral,0.4
emosi lihat komentar orang tadi agak random sih pas perjalanan,angry,0.79
sedih sih sebenarnya tapi terima kasih kamu denise sudah bekerja keras saat bersama semoga uri mm maknae lockey bisa sukses terus ya berkarir di luar sana ditunggu karya denise yang lainnya dan musik yang denise suka bisa segera menjadi album ya,sad,0.66
akhirnya lolos interview kerja agak random sih waktu malam sendiri,happy,0.2
follow ca ore ayo sepi v kangkeceh,neutral,0.28
rasanya sedih banget akhir akhir ini hari ini di rumah sama teman kantor,sad,0.7
kayak sedih saja begitu kalau akhir pekan dipakai buat kegiatan kantor ini kapan saya bisa istirahatnya,sad,0.69
kepikiran banyak hal sampai susah tidur dari tadi kepikiran di kampus sama teman kantor,anxious,0.89
anxious banget sebelum meeting tadi waktu malam,anxious,0.97
aduh adik saya bangsat dikasih duit buat infak malah dijajanin,angry,0.87
sejak hari itu tidak ada satu orang pun yang saya percaya lagi teman sahabat saudara orang tua bukan orang yang tepat buat saya cerita segala senang sedih bahagia maupun susah gue bahkan tuhan pun sepertinya enggan saya jadikan tempat mengadu,sad,0.68
kesal banget sama orang yang tidak tepat waktu banget di kantor sama keluarga,angry,0.74
daerah beling yang ada ya namanya juga sih paling mengabdi siap di daerah mana saja mukasongong,neutral,0.32
akhirnya lolos interview kerja hari ini di kantor sendiri,happy,0.16
halo ryuu apa kabar,neutral,0.26
oh pantas orang mengakui bodoh og panjang umur dualisme wkwk,angry,0.87
panik panik ada yang panik,anxious,0.72
kok pusing dari dichat biasa saja ujung nya kapan ya ketemu jodoh gue ya iya sih kamu tahun tahun ini ya allah semoga saya dijauhkan dari sikap mbak mbak ngerengek soal jodoh desperate ingin nikah dan ngebettss meminta dinikahin,neutral,0.39
akibat pernah lihat plat b bawa kendaraan di luar jakarta ugal an padahal jalanan sepi kayak dikejer setan bego begitu,angry,0.91
aku cuma ingin istirahat sebentar dan kepikiran terus waktu malam sama dia,sad,0.59
ramai banget mal kenapa juga semua orang pergi ke mal hari sabtu minggu saja begitu sekalian keluh kasper ada lima belas menit mungkin mereka berputar cari tempat untuk parkir ini salah satu alasan kenapa kasper kurang suka menyetir dikota susah sekali parkirannya,angry,0.92
anxious banget sebelum meeting tadi sumpah di kantor sendiri,anxious,0.77
mau mengejar takut lari jadi mending tidak usah kenapa apa,anxious,0.8
kenapa ya kalau au bxg peran mingyu itu pasti jadi cowok sempurna yang buciin banget sama ceweknya kalau wonu perannya pasti jadi cowok berengsek yang suka menyakiti ceweknya tetapi kenapa pas au minwon mingyunya yang jadi cowok berengsek se berengsek berengseknya cowok dan wonu jadi yang tersakiti,neutral,0.32
atau kalau mau kasih bunga mending yang ada pot nya sekalian kali saja kalau cewek nya suka koleksi bunga hidup,neutral,0.35
remember the day aku pura bego nan polos pas di ajak mengobrol soal ao sama teman padahal tab ku begini,neutral,0.35
akhirnya lolos interview kerja di kantor,happy,0.1
terima kasih ya sudah bikin hariku lebih baik tapi ya sudahlah tadi pagi,happy,0.26
tak peduli dengan apapun yang terjadi hari ini miliki senyum yang membuatmu terlihat bahagia dan doa yang membuatmu lebih kuat,neutral,0.2
kaget kan kamu,anxious,0.7
wanita mau saja dimadu asalkan sang pria mau untuk di racun a,neutral,0.32
nanti pawang nya marah lah pak lurah,neutral,0.24
sumpah sih makin marah dan kecewa sama daddy,angry,0.96
alhamdulillah kabar baik jimiinn,happy,0.09
rasanya ingin marah terus padahal sudah coba santai,angry,0.71
bingung dan takut ambil keputusan hari ini bareng teman sendiri,anxious,0.91
cemas memikirkan masa depan agak random sih di rumah sama teman kantor,anxious,0.88
senang banget hari ini ketemu teman lama serius di kantor sama keluarga,happy,0.12
namanya fani orang yang paling tidak tau cara bersyukur orang yang kalau kok menasihati tidak bakal di dengar batu batu batu sedikit buat nyaman bakal selalu dipercaya sedikit suka tidak bakal di tegur sapa labil labil labil mudah cemas kalau terobsesi harus dikejar dan terakhir boring,neutral,0.37
khawatir sama kondisi sekarang banget asli tadi pagi sama dia,anxious,0.7
aw jadi malu lucu lucu wkwk tapi senang bengeett,happy,0.13
lelah sama keadaan sekarang banget pas perjalanan sama teman kantor,sad,0.84
kepikiran banyak hal sampai susah tidur hari ini di kantor sama dia,anxious,0.9
aduh kalau ingat bulan ini bikin sakit hati banget anjing sudah dekat lama aku nya sudah suka eh malah ujung ujungnya sama adik kelasnya kan anjing kesal sendiri jadinya,angry,0.93
hai kak hwii don t skip kamu breakfast ya semoga harinya berjalan lancar dimudahkan segala urusannya dijauhkan dari mara bahaya semoga selalu ada dalam lindungan tuhan janlup vitaminnya ya semangat janlup senyum hihi stay healthy always be happy have a great day kak,happy,0.02
takut sombong,anxious,0.8
terus pas lagi isi air tidak sengaja tumpah kena kabel refleks aku teriak biar dia cepat ambil kabelnya biar tidak makin banyak kena air tapi kenapa aku yang kena marah padahal aku refleks teriak karena kaget,sad,0.62
masih susah pindah on dari kejadian itu agak random sih waktu malam sama dia,sad,0.65
rasanya gugup terus hari ini hari ini di kantor sendiri,anxious,0.75
berita bangkai dan mereka makin eksis dan sudah tidak punya malu sama sekali keheed keheed jangan sampai anak cucu saya kayak begini najiiss,angry,0.89
aku cuma ingin istirahat sebentar hari ini waktu malam sama dia,sad,0.7
job sepi banget,sad,0.79
iya itu di sana takut,anxious,0.79
kaget kiraan ada yang baru lagi,anxious,0.79
takut kalau hasilnya jelek tadi pagi sama dia,anxious,0.94
aku kira kamu rumah judulnya saja sudah sedih banget woilaahh,sad,0.8
rasanya sedih banget akhir akhir ini sumpah tadi pagi,sad,0.6
undang bodoh kepala hangguk kok sudah hentam belakang sah lah salah jarak between kenderaan itu saat atau selang kereta tak akan tak tau undang jalan raya bodoh piang ngat aaiihh meh sini keter kok aku sodok dengan backhoe kali tegak undang bodoh ke tak,angry,0.99
katanya sekolahku tidak bakal online tapi at least semuanya di swab dong ngeri,anxious,0.73
iya kaget melihat saya rajin lucu he senang,happy,0.0
kesal banget hari ini banget asli pas perjalanan sama keluarga,angry,0.79
ini benaran denise out dari secret number sedih banget bacanya,sad,0.67
lelah sih tapi puas hasilnya bagus tapi ya sudahlah di rumah sama teman kantor,happy,0.21
yang dibahas cuma masalah ekuivokasi bib ceramah orang kita pahami dengan positif lah kalau yang dipermasalahkan adalah frasa pukulan tentu maknanya akan bervariasi secara konteks fikih pun pukulan dibolehkan tapi yang mendidik bukan mencederai koreksi saja bib,neutral,0.37
kepikiran banyak hal sampai susah tidur dari tadi kepikiran pas perjalanan sendiri,anxious,0.87
sedih juga iya kalau mau terang an bucinin saja bisanya di priv,sad,0.69
semangat sender,happy,0.18
takut tuhan kalau saya,anxious,0.79
deg degan menunggu hasil pengumuman lucu di kantor,anxious,0.76
akhir akhir ini cemas terus padahal sudah coba santai waktu malam sama dia,anxious,0.78
sudah lah emosi mulu lihat manchester united,angry,0.95
lelah sih tapi puas hasilnya bagus jujur saja pas perjalanan sama keluarga,happy,0.21
cemas memikirkan masa depan banget bareng teman sendiri,anxious,0.79
enak atuh,happy,0.08
dengan senang hati terima kasih konfirmasinya jika kamu membutuhkan informasi jangan sungkan untuk chat kami kembali ya atau kamu juga bisa mendapatkan informasi melalui help center via aplikasi ataupun website have a nice day terima kasih by thread starter,neutral,0.28
nugget rebus tidak enak anjir,angry,0.91
bingung dan takut ambil keputusan lucu pas perjalanan sama teman kantor,anxious,0.89
makasii semangat juga buat hari ini pik,happy,0.2
saya baru menang kemarin jadi kali ini hanya meramaikan saja masih menunggu sambalnya tiba,neutral,0.28
terus kalau ciput kalau kena itu disuruh pakai atasan mukena awal lihat kaget terus kayak mau mentertawakan begitu tetapi makin lama makin biasa atau tidak kalau lagi ada pemeriksaan terus lagi tidak pakai ciput kita pada memuter balik ngadep tembok memasang ciput tidak sampai detik wkwk,happy,0.12
buset takut banget,anxious,0.77
rajin kerja tidak kalau punya semangat kerja yang tinggi adalah tidak apa apa,sad,0.72
pagi moots bagaimana kabar kalian,neutral,0.29
kecewa banget sama hasilnya agak random sih bareng teman,sad,0.55
jimin tetap banyak istirahat minum obat makan sehat kali sehari ya sayang tetap i miss kamu sok bad but aku juga berharap kamu lekas pulih supaya bisa ngejalanin aktivitas surat pemberitahuan tahunan biasa ya,neutral,0.38
deg degan menunggu hasil pengumuman banget bareng teman sama keluarga,anxious,0.82
sudah biasa di panggil ibu sekarang ibu bos,neutral,0.37
bingung dan takut ambil keputusan jujur saja di kantor sendiri,anxious,0.91
yuuta t t semangat di sendai,happy,0.11
rasanya sedih banget akhir akhir ini agak random sih di kantor sama teman kantor,sad,0.74
malam ini kepikiran terus jadi sedih hari ini bareng teman,sad,0.67
anxious banget sebelum meeting tadi hari ini di kampus,anxious,0.83
sedih banget tolong,sad,0.51
khawatir sama kondisi sekarang hari ini waktu malam sama keluarga,anxious,0.93
mereka yang ingin berkerumun kami tetap mengimbau untuk tetap di rumah saja mungkin itu adalah wujud kerinduan mereka kepada kami semoga kita selalu diberi kesehatan aku meh kerja kaos tak sablon tulisan ngonokui wangun tidak,neutral,0.33
aku bukan siapa siapa nya tapi kok ikutan sedih ya,sad,0.76
sedih belum dapatin walau prio tapi sudah mau rest saja,sad,0.55
sedih dia belum mengucapkan hhuhu,sad,0.62
cemas memikirkan masa depan banget asli di kampus,anxious,0.72
kehilangan semangat buat kenapa apa banget bareng teman sama keluarga,sad,0.73
obat strok lumpuh sebelah kanan adalah bio nerve pesan di wa,neutral,0.23
akhir akhir ini cemas terus hari ini bareng teman sama teman kantor,anxious,0.85
tidak apa apa bro santai saja,neutral,0.34
aku cuma ingin istirahat sebentar sumpah di kampus,sad,0.77
emosi lihat komentar orang tadi lucu di kantor sama teman kantor,angry,0.87
bangsat kamu juga member malik anjim,angry,0.9
punya acara pagi bukannya disiapkan dari malam atau bangun lebih awal malah memilih marah marah di pagi hari hdehh,angry,0.99
malu salah ketik ya nder saking nsjahss nya,anxious,0.78
takut kalau hasilnya jelek dari tadi kepikiran pas perjalanan sendiri,anxious,0.81
waduh yang wangi bayi sih enak kayak zwitsal,happy,0.14
kena razia rok plisket padahal yang ngerazia pakai rok plisket juga kakak tingkat takut kalah saing padahal tidak ada niat menyaingi cuma mencontoh,anxious,0.7
jangan lupa sarapan min karena sedih itu juga butuh tenaga lucu,neutral,0.37
semangat,happy,0.12
wah sedih kawkwakwak ngakak,happy,0.17
lelah sih tapi puas hasilnya bagus tapi ya sudahlah tadi pagi sama teman kantor,happy,0.27
rasanya ingin marah terus pas perjalanan sama dia,angry,0.7
kenapa sih harus bikin masalah terus banget sama dia,angry,0.82
padahal gue tidak stan secret number tetapi kok ikut sedih dengar denise keluar,sad,0.61
rasanya kosong saja hari ini bareng teman,sad,0.62
kehilangan semangat buat kenapa apa serius di kantor sendiri,sad,0.84
aku akan sentiasa akan bapak ang itu selagi aku tak dapat tumbuk muka dia itu bodoh ingat aku nih takdak muka kakak selamani babi betul lah kurang ajaq,angry,0.91
meminta tolong unit barunya langsung dipasangkan semuanya sama dicek flashnya bisa atau tidak sudah worry saja dari awal beli takut ada apa makanya sampai gosend instan taunya benar saja kena apes untung penjualnya baik mau ganti unit baru,anxious,0.86
takut kalau hasilnya jelek bareng teman sama keluarga,anxious,0.81
kalau bisa aku ingin mengulang waktu di tahun benci dengan keadaan sekarang terjebak diantara situasi yang membuat harus berpikir banyak hanya membuat tangisan di setiap harinya apakah bisa memutar waktu kembali,sad,0.72
kecewa banget sama hasilnya hari ini di kampus sama dia,sad,0.76
cemas memikirkan masa depan agak random sih waktu malam,anxious,0.85
ini ini totebagnya hand painted dan dijahit sama anak anak luar biasa lah mungkin teman teman yang mau beli totebag sekalian dukung anak anak disabilitas bisa cek di ignya ya,neutral,0.21
akhir minggu ini seru banget dan kepikiran terus di kantor sama keluarga,happy,0.22
aku cuma ingin istirahat sebentar padahal sudah coba santai pas perjalanan sendiri,sad,0.64
sedih banget obralan begini,sad,0.6
lucu sama aku juga keliling liyue dulu ternyata menyaru kayak npc biasa entar besok di wanwen book store selamat mengobrol sama ayah,neutral,0.34
takut kalau hasilnya jelek sih tadi pagi sama keluarga,anxious,0.92
dari sebuah rumah pinggir jalan seorang pria tua keluar membawa sepiring makanan aku tidak memperhatikan isinya lalu ia meletakkannya begitu saja di gang sempit samping rumahnya tiba tiba ada yang menghampiri kira kira ekor aduh kalian apa tidak pakai jaket,neutral,0.33
lelah enggak sih anjrit tiap hari di teror proposal mulu tertekann,anxious,0.83
dapat kabar baik dari keluarga tadi pagi lucu bareng teman sama dia,happy,0.12
kata saja sih kecewa,sad,0.65
kita saja yang lalai,neutral,0.38
rasanya sedih banget akhir akhir ini sih bareng teman sama keluarga,sad,0.75
semangat say,happy,0.01
wonya dia santai tapi kena ke semua otot mantap,happy,0.02
sepertinya pancake enak ya,neutral,0.33
senang banget hari ini ketemu teman lama banget pas perjalanan,happy,0.29
opini kamu jelek bro menutup keburukan dengan agama kamu benarkan poligami untuk menghindari zina tolol palkon banyak bacot tentang agama ya begini,angry,0.97
khawatir sama kondisi sekarang jujur saja di kantor sama dia,anxious,0.79
mantap banget enak cokk,happy,0.15
rasanya kosong saja hari ini dan kepikiran terus di rumah sama keluarga,sad,0.73
bahagia banget,happy,0.03
kepikiran banyak hal sampai susah tidur agak random sih di rumah sama teman kantor,anxious,0.7
semangat banget,happy,0.14
ya begitu lah hidup di cluster coronces tiap hari panik selalu ada yang positif,anxious,0.85
selalu guru ingat karena kelasnya beda saja vibesnya penyerap energi guru guru karena kayak guru sebelum masuk kelas mipa awalnya santai santai saja ada yang semangat pas keluar kelas saya serasa logging out keserap energinya sama kelas saya,neutral,0.25
hdeuu saya marah yhh tempe dibegitukan padahal tempe makanan terenak di muka bumi inie,angry,0.87
aku tidak bisa rekomendasikan punya aku soalnya ada cacat sedikit terus bau karet nya nyengat banget banyak kok toko yang jual kamu ketik saja sendal beruang,neutral,0.31
kepikiran banyak hal sampai susah tidur dan kepikiran terus di kampus sama keluarga,anxious,0.85
kecewa banget sama hasilnya dan kepikiran terus tadi pagi sama teman kantor,sad,0.61
akhir minggu ini seru banget lucu pas perjalanan sama keluarga,happy,0.21
ada apa ini kok sepi banget cc,sad,0.6
semangat ya aku juga sedih soalnya tapi tetap konsisten saja,sad,0.53
emosi lihat komentar orang tadi lucu waktu malam sama teman kantor,angry,0.83
donut sepi banget sudah minggu ini tetapi keganti sama proyekan suami yang ada terus tidak motor ya mobil semoga selalu dicukupinn dan hati ini terus bersyukur kecil ataupun gede,sad,0.78
lucu wkwk biarkan saja yang penting dia bisa bahagia,happy,0.19
sudah lama tidak dengar suara denise jadi pas dia ngecover lagu day sedih saya jadi,sad,0.51
senyum tak selalu berarti seseorang bahagia kadang seseorang tersenyum hanya karena tak ingin menjelaskan kenapa hatinya t,sad,0.75
takut gagal di presentasi besok agak random sih tadi pagi sama keluarga,anxious,0.77
harga sesuai pasaran kak takut merusak harga pasar lucu,neutral,0.36
itu serius mbak denise keluar sedih banget tolong walaupun gue bukan fannya screenshoot tapi saya ikut sedih,sad,0.53
apa kabar gaaiss sudah mam pagi,neutral,0.27
oh ya enak dong,happy,0.11
kusut belum di hibur sama sayang he,sad,0.7
menjadi biasa itu terlalu biasa,neutral,0.35
sudah ratusan woi apakah baik baik saja ada lubang bekas tambang di kawasan ibu kota negara ikn nusantara dengan luas ribu hektare lubang itu dihasilkan dari total konsesi perusahaan tambang,neutral,0.29
ih kok sedih sabtu jam ku tidak ada excited menonton bad and crazy,neutral,0.34
hari ini berat banget dijalani banget tadi pagi sama keluarga,sad,0.74
kriteria titit yang enak versi rina panjang tebal lurus atau bengkok ke atas kuat gampang tegang lama keluarnya periode refraktori yang singkat bisa beberapa rounde,neutral,0.25
mau ikut komen takut tambah dewasa,anxious,0.77
hari ini berat banget dijalani sih bareng teman sendiri,sad,0.59
hai po di mirfa yuk uang muka ke bookslot ke saja dicicil santai dom tangerang bisa shopee all payment,neutral,0.33
maless orang bego dia soalnya,angry,0.97
akhirnya lolos interview kerja banget asli tadi pagi,happy,0.12
rasanya gugup terus hari ini bareng teman,anxious,0.78
malu japp susah berapa haribulan itu by the way,anxious,0.76
senang banget hari ini ketemu teman lama di kantor sama dia,happy,0.13
sudah sampai di sini bahagia pun menanti,happy,0.07
tidak tau malu tidak tau malu tidak tau malu,angry,0.94
senang banget hari ini ketemu teman lama hari ini di kampus,happy,0.11
lucu wkwk lucu semangat nguli cla,happy,0.07
semangat bar tanpa takut limit,happy,0.14
tapi rasa macam kali guna kalau berhenti kerja sebab senior macam itu itu bukan senior biasa senior warga kota weh,neutral,0.36
takut takut sedep,anxious,0.8
lebih baik di benci tapi menjadi diri sendiri daripada di suka tapi menjadi orang lain,neutral,0.24
oh sepi,neutral,0.4
rasanya kosong saja hari ini padahal sudah coba santai sendiri,sad,0.81
sedih,sad,0.73
ini tadi gue beres gue tidak tau kalau ada plastik yang digantungin di kursi meja makan itu isinya rambutan masih kecil tinggal sedikit gue kira kulitnya doang jadi ya gue buang saja maklum tidak ada yang beres kalau tidak pas gue libur dimarah dong sampai marah banget ya maaf gue rabun,sad,0.8
enak pasti,happy,0.17
anxious banget sebelum meeting tadi hari ini bareng teman sama teman kantor,anxious,0.84
sekarang kalau upf fee di awal saja kali ya takut banget hnr,anxious,0.9
tetapi dimimpi aku akrab sama teman lama aku yang sudah gasaling menyapa sudah tahun yang dia memutuskan gatemenan sama aku ih sedih banget tetapi merasa bahagia bisa seakrab dulu meski di mimpi,sad,0.71
rasanya ingin marah terus tapi ya sudahlah bareng teman,angry,0.65
info warung babi enak malang,neutral,0.38
kalah ya,neutral,0.24
coba sampai ep banyak budak cinta tolol lucu,happy,0.17
lelah sih tapi puas hasilnya bagus serius,happy,0.19
takut gagal di presentasi besok dan kepikiran terus sama teman kantor,anxious,0.88
jangan sedih itu keren karena kemarin juga ada diksh temanku sekotak crosang lucu apa kan biar keceeh,happy,0.15
sudah tahun kerja di bank rakyat indonesia dan tidak bisa santai karena aturan baru setelah tahun tidak bisa ikut job opening langsung di cut,neutral,0.36
rasanya ingin marah terus sumpah di kampus,angry,0.81
santai din,neutral,0.23
emosi lihat komentar orang tadi banget di rumah sama dia,angry,0.87
takut hujan,anxious,0.82
orang itu bikin emosi banget banget bareng teman sama teman kantor,angry,0.72
bingung dan takut ambil keputusan dan kepikiran terus tadi pagi sama keluarga,anxious,0.98
kenapa sih harus bikin masalah terus jujur saja di rumah,angry,0.81
alhamdulillah tidak malu,happy,0.16
lucu ha takut anaknya galak,anxious,0.84
rasanya sedih banget akhir akhir ini banget asli pas perjalanan sama keluarga,sad,0.81
oke kak wulan sama sama ya beyar senang mendengar kabar baiknya selamat menikmati layanan indihome kembali dan selamat berakhir pekan beyar,happy,0.19
kalau ketemu dongkrak antik apa tidak malah takut itu bocah,neutral,0.25
anxious banget sebelum meeting tadi padahal sudah coba santai bareng teman sama teman kantor,anxious,0.79
terpantau balas dendam goro sumpek dik dosen sing sak penake dewe,angry,1.0
ronaldo tidak usah sedih kayak aku ini lah main bagus atau jelek gaji tetap selangit elanga iya di bar ini langsung party saja aku,neutral,0.39
kepikiran banyak hal sampai susah tidur dan kepikiran terus bareng teman sama dia,anxious,0.78
takut gagal di presentasi besok padahal sudah coba santai bareng teman,anxious,0.78
tetap mendukung walau sering kecewa fan mu,neutral,0.32
rindumu sajak sentuhan kalimatku pernah pucat pula sama halnya dengan keriput lengan ibunda mengelus hangat sepi kulitku,sad,0.59
mau dong mutualan sayang akun baru menetes masih sepi banget,sad,0.58
lelah menghadapi orang yang egois banget asli di rumah sama teman kantor,angry,0.91
cemas memikirkan masa depan padahal sudah coba santai tadi pagi sama dia,anxious,0.84
lockey pasti sedih kecewa tetapi sebenarnya yang paling sedih adalah member yang harus kehilangan denise kita tau hubungan denita couple kita tau hubungan dejin best friend kita tau hubungn antar member famili sok lockey harus kuat karena lockey adalah sumber semangat dari secret number,sad,0.62
lelah sama keadaan sekarang padahal sudah coba santai di rumah sendiri,sad,0.68
jujur saya juga panik bikin teringat rasa sakitnya kayak apa selama minggu,anxious,0.86
masih susah pindah on dari kejadian itu jujur saja bareng teman sama dia,sad,0.69
akhirnya lolos interview kerja agak random sih di kantor,happy,0.29
barca sudah mulai negosiasi barang araujo belum sih jangan sampai blunder bikin araujo kecewa,sad,0.57
akhirnya lolos interview kerja sumpah pas perjalanan,happy,0.12
deg degan menunggu hasil pengumuman banget di rumah,anxious,0.95
anxious banget sebelum meeting tadi serius pas perjalanan sendiri,anxious,0.97
tau saja kamu kan jadi malu saya lucu,happy,0.07
pagi semangat,happy,0.06
bingung dan takut ambil keputusan hari ini di kantor sama teman kantor,anxious,0.91
kehilangan semangat buat kenapa apa hari ini di kampus sama keluarga,sad,0.56
marah banget karena pekerjaan berantakan agak random sih di kantor sama teman kantor,angry,0.94
kehilangan semangat buat kenapa apa agak random sih di rumah sama keluarga,sad,0.68
kesal banget hari ini jujur saja tadi pagi,angry,0.81
khawatir sama kondisi sekarang banget tadi pagi sama dia,anxious,0.84
kalau mau saling mengerti lakukan saja setelah membuat lawan mengalami hal yang sama yahiko chapter,neutral,0.21
rasanya kosong saja hari ini sumpah tadi pagi sendiri,sad,0.72
aku cuma ingin istirahat sebentar waktu malam sama keluarga,sad,0.83
lucu sama saya di unfollow orang hari ini kaget banget,anxious,0.71
hari ini berat banget dijalani tapi ya sudahlah di rumah sama dia,sad,0.63
dia mau marah pun lucu banget tapi jika masuk teel orang lain aku maloe,anxious,0.9
semangat ya,happy,0.05
akhirnya syuting lagi semangat sayang,happy,0.01
masih susah pindah on dari kejadian itu dan kepikiran terus di rumah sama teman kantor,sad,0.72
masih paling nanti agak cacat saja sedikit lucu,happy,0.12
goblok adalah goblok sendiri saja buibu tetangga di gresik kemarin begini semua miris punya komunitas bego nan tolol itu hal tergaenak yang pernah gue alami tahunan di sana,angry,0.95
kamu jangan marah marah nanti kamu lekas tua,neutral,0.32
kenapa sih harus bikin masalah terus sumpah tadi pagi sendiri,angry,0.68
duh saya takut ke si,anxious,0.88
good moawwnning let si start this sunny pagi dengan happiness bb don t forget tapi breakfast mandi tetapi masih kepagian jadi nanti siangan saja di have a nice day bffs semangat buat hari ini yuup jangan lupa selalu bersyukur many people love kamu,happy,0.0
saya dulu takut terus kata teman saya tinggal plek nanti dia cuma menempel ke pupil kok kecuali tangan kamu gatal ingin kucek mata ya jangaan nyopotinnya tidak perih sama sekali kayak lagi mencubit begitu caranya,anxious,0.73
kompor induksi tidak cocok untuk masakan asia terutama masakan indonesia contohnya mau bikin nasi goreng tidak bakal enak pakai kompor induksi nasi goreng butuh panas yang membara sedangkan kompor induksi persebaran panas nya saja lama banget,neutral,0.29
emosi lihat komentar orang tadi tapi ya sudahlah pas perjalanan sama keluarga,angry,0.77
alhamdulillah jimin sudah sembuh baru bangun tidur sudah disambut kabar bahagia itu senang banget sehat selalu ya ganteng ku,happy,0.19
alhamdulillah aku di jauhkan dari cowok itu tapi rasa takut dan traumanya masih membekas sampai sekarang sulit di hilangkan ketambahan lagi dulu waktu kelas teman cowok pada suka kan mengganggu cewek nah sih cowok itu pada memegang dada sih cewek kalau nggagguin,anxious,0.88
marah banget karena pekerjaan berantakan agak random sih di rumah sama keluarga,angry,0.87
ya kok marah padahal cuma memberi tau yang benar,neutral,0.31
ah denise nyanyi yeposo saya jadi double sedih sedih karena denise sedih karena jae hdh,sad,0.68
terima kasih ya sudah bikin hariku lebih baik lucu pas perjalanan sama dia,happy,0.07
takut gagal di presentasi besok waktu malam,anxious,0.71
hari ini berat banget dijalani jujur saja di kampus sama dia,sad,0.69
cermin itu telah lama pecah jangan bilang serambi makkah sebut saja aceh,neutral,0.34
sedih,sad,0.73
semangat ayangg,happy,0.2
akhir akhir ini cemas terus lucu bareng teman sama teman kantor,anxious,0.9
aku cuma ingin istirahat sebentar banget waktu malam sama teman kantor,sad,0.62
orang itu bikin emosi banget hari ini di kantor sama teman kantor,angry,0.89
kepikiran banyak hal sampai susah tidur bareng teman sama keluarga,anxious,0.89
sedih banget anna,sad,0.6
senyum sendiri pas ingat kejadian tadi jujur saja waktu malam sama keluarga,happy,0.26
cemas memikirkan masa depan sumpah di kampus,anxious,0.94
tidak mau emosi tahan tahan,angry,0.98
paling sedih bila tengok gambar class diaorg meja diaorg semua full bunga gambar apa semua then student yang selamat sampai sekarang diaorg trauma dengan tragedy itu,sad,0.6
bodoh sekali anda liga spanyol nomor siapa,angry,0.96
pagi hujan enak banget sudah,happy,0.19
ikutan sedih bacanya keputusan berat tapi aku yakin denise pasti sudah pertimbangan hal ini yang terbaik untuk denise semangat juga lockeys,sad,0.72
eh tai takut gue jadi ciize,anxious,0.74
deg degan menunggu hasil pengumuman jujur saja di rumah sama teman kantor,anxious,0.73
dapat kabar baik dari keluarga tadi pagi banget asli di kantor sama dia,happy,0.13
suka banget sama lagu bangtan yang film out itu enak banget di telinga saya ada yang sama tidak jangan lupa streaming di semua platform musik ya termasuk yt i memilih for for at the,happy,0.13
lelah menghadapi orang yang egois hari ini pas perjalanan sama keluarga,angry,0.87
semangat ber kerja walaupun masih begini begini saja,happy,0.1
terkadang tidak peduli berapa banyak orang di sekitarmu kamu merasa sepi hanya karena kamu berharap dia yang kamu cinta ada di sisi karena kamu sangat menyayangi dirinya,sad,0.56
kesal banget sama orang yang tidak tepat waktu banget bareng teman,angry,0.69
betul ah itu aku selalu kena marah sebab tercegat kat depan kuali padahal sementara nak tunggu masak itu boleh buat benda lain lucu lucu,happy,0.13
ada yang bisa hack instagram tidak tolongin banget hati gue sudah tidak enak dari seminggu yang lalu,anxious,0.84
geram banget sama pelayanan tadi dan kepikiran terus tadi pagi sama dia,angry,0.82
dulu gojek ramai banget dan grab juga masih sepi katanya sebagian saham uber di beli grab jadi macam kerja sama mereka ke lucu tetap gue lebih suka uber sendiri weh tidak mau balik lagi apa ya,happy,0.03
siapa saja yang allah kehendaki kebaikan padanya allah akan menimpakan musibah ujian cobaan padanya hari bukhari perjuangan penerapan syariat,neutral,0.26
pelatih sepak bola ini harus berurusan dengan polisi setelah aksi sodomi terhadap tujuh bocah di brebes dibongkar,neutral,0.35
kaget langsung benar,anxious,0.86
kesal banget hari ini tapi ya sudahlah waktu malam sama dia,angry,0.87
februari hari ter shibal banget kenapa begitu kamu di bikin jatuh di depan jalanan mana di lihat banyak orang sakit sama malu nya netral februari prik,angry,0.91
akhirnya lolos interview kerja serius pas perjalanan sama teman kantor,happy,0.23
lelah menghadapi orang yang egois sama teman kantor,angry,0.78
wah libur semesternya sudah habis ya semangat lucu,happy,0.18
serpihan apa sih anis beruntung mewarisi hasil kerja jokowi ahok djarot dia tinggal cengar cengir gunting pita kayak badut goblok mrt sudah jadi busway sudah pakai bis eropa kampung pulo sudah normal kalijodo sudah rata coba sebut saja pembangunan sih anis yang berguna,angry,0.91
terinspirasi dari kekuatan doa yuk zuhur ini kita saling mendoakan saya titip ke teman doakan untuk kesembuhan ibu dan kelancaran program dakwah saja teman teman mau titip apa komen saja di bawah yang malu komen cukup like saja nanti di doakan yang baik baik,happy,0.07
cara terbaik membalas dendam adalah dengan memaafkan nya,neutral,0.36
sudah sabar tapi masih dibohongi sih bareng teman,angry,0.86
bodoh tidak apa tapi jangan dungu om said didu belajar mufon dari sakit hati om,angry,0.99
bangsat saya enjoy bersedih sedih karena saya suka menahan diri untuk tidak bersedih atau menangis cemas relief ku adalah kisah bangsat,sad,0.52
rasanya ingin marah terus banget di kampus,angry,0.7
moodswing banget tidak sayang suka galau kalau disuruh memilih tidak cepat banget berubah pikiran tidak pacar saya sampai pusing kalau menyuruh saya memilih barang,neutral,0.37
takut kalau hasilnya jelek lucu waktu malam sama teman kantor,anxious,0.78
bukan cinta atau suka tapi lebih ke persaudaran yang sempat terjalin jangan sampai lepas begitu saja saya masih mengingatmu dan tak akan lupa kebaikanmu ku tunggu di salatiga meskipun tidak pernah kontaka an semoga kamu baca ini ya,neutral,0.23
huh i know flexi lembap tambah from em tapi wm seller cukup dia post februari baru proses apa pasti sangkutlah sampai sudah lain kali informlah sblom post itu kalau pakai flexi courier lain yang normal if tak inform i tak kisah sebab duration dia tak macam flexi,neutral,0.33
emosi lihat komentar orang tadi agak random sih tadi pagi,angry,0.93
pernah suka pernah sayang tapi tidak jadian,sad,0.77
artinya lagi marah,angry,0.9
lelah sama keadaan sekarang sih bareng teman sama teman kantor,sad,0.56
isu pasal pendidikan yang paling aku tak puas hati dari dulu is kenapa sejak boleh dapat fasiliti lengkap compare dengan sekolah menengah kejuruan ke,neutral,0.37
baru banget beres baca dibawahnya ada bonchap dong enggak bisa ngeclaim lagi l bagus banget au nya aku suka dan jarang banget menemukan au seok jin terima kasih,happy,0.14
khawatir sama kondisi sekarang agak random sih bareng teman sendiri,anxious,0.7
merasa sendirian akhir akhir ini serius waktu malam sama teman kantor,sad,0.83
alangkah bahagia menjadi manusia yang ketika nafasnya terhenti namun aliran pahalanya tidak berhenti apa saja amalan yang dapat dilakukan,neutral,0.3
semangat,neutral,0.28
ke saja kak full garansi dan fast proses ya boleh direct message atau wa,neutral,0.24
bingung dan takut ambil keputusan tapi ya sudahlah sendiri,anxious,0.94
terima kasih ya sudah bikin hariku lebih baik dari tadi kepikiran di kampus sendiri,happy,0.18
makan favorit hari ini bikin bahagia lucu bareng teman,happy,0.12
lebih marah aku kenapa kamu memakai bangun,angry,0.86
malam ini kepikiran terus jadi sedih sumpah sama keluarga,sad,0.84
krisis moral sudah ke sumsum tulang sedih tetapi ini nyata menjadi terasa wajar kita diganjar kepemimpinan seperti sekarang saatnya bangkit perbaiki moral masing kembali ke ajaran agama masing ini satu nya cara mengembalikan sisi kemanusiaan yang bermoral,neutral,0.37
emosi lihat komentar orang tadi agak random sih di rumah,angry,0.85
kepikiran banyak hal sampai susah tidur lucu tadi pagi,anxious,0.8
tapi jus oreo tidak akan enak kalau tidak pakai filling,neutral,0.24
semangat mbak,happy,0.17
masih susah pindah on dari kejadian itu dari tadi kepikiran di rumah sendiri,sad,0.6
kepikiran banyak hal sampai susah tidur tapi ya sudahlah di rumah sendiri,anxious,0.79
anxious banget sebelum meeting tadi banget asli tadi pagi sama teman kantor,anxious,0.86
hari ini berat banget dijalani dan kepikiran terus sama keluarga,sad,0.69
wah suka sama tanaman ya om sama kayak ibu aku kadang memang begitu om kalau sama sibuk atau salah satunya sibuk jarang banget ketemu kalau nanti jadi ketemu sama adiknya titip salam ya om semangat menjalani harinya anw enjoy your day om,happy,0.12
mungkin lain kali dia bisa menyatakannya secara jelas walau begini dia cukup senang semuanya tenang sampai matanya bertemu dengan mata inupi yang baru saja datang inupi terlihat marah dan kesal dari tatapannya saja draken sudah tahu ia berdehem kecil namun draken,neutral,0.27
halloo pagi pagi buka handphone dapat banyak kabar baik,happy,0.02
rasanya kosong saja hari ini banget asli tadi pagi sama dia,sad,0.58
akhir akhir ini cemas terus jujur saja waktu malam sendiri,anxious,0.73
masih susah pindah on dari kejadian itu dan kepikiran terus sendiri,sad,0.69
noblesse di webtoon eng sudah daily pas dulu saya kebut bacanya di eng sebelum dia daily pas lucu tolol banget,happy,0.19
poin ke kayak orang bodoh tidak sih apa sudah nikah berzinah sama wanita lain ya di pikir saja itu adalah memang nafsu kamu yang kayak begitu sok sok an berlindung di balik kata zinah,angry,0.94
rasanya ingin marah terus hari ini tadi pagi sama dia,angry,0.84
hari ini berat banget dijalani sumpah di kampus sendiri,sad,0.7
sedih juga sih sebenarnya mungkin mereka masih punya rasa bersalah maki ulama kcuali partai komunis indonesia asli tetapi karena ekonomi sengaja di rontokkan daripada mencuri di gebuk dan dibakar orang sekampung padahal perut lapar semoga yang masih punya iman cepat menyadari,sad,0.79
anxious banget sebelum meeting tadi sih di kampus,anxious,0.79
pensil warna ketemu tapi tidak yakin takut merusak gambarnya,anxious,0.75
demi allah benci banget sama gwinam,angry,0.88
saya kalau lihat haechan di lini masa itu benaran mellow sudah soalnya benaran kayak rasanya putus baik baik dipaksa putus karena keadaan menangis sudah gue tapi senang juga lihatnya kayak oh dia masih sama kok masih as bright as sunshine masih as sweet as honey sedih,sad,0.79
lelah menghadapi orang yang egois hari ini pas perjalanan sama teman kantor,angry,0.76
mau tya mana lebih tahan donat panggang atau goreng dan lebih enak mana,neutral,0.35
rasanya sedih banget akhir akhir ini lucu bareng teman sendiri,sad,0.61
bingung dan takut ambil keputusan banget di rumah sama teman kantor,anxious,0.75
kehilangan semangat buat kenapa apa sumpah tadi pagi,sad,0.82
eh tergantung kali ya nder di ruangan kan memakai ac biasanya terus sekelas juga sedikit takut ganggu yang lain tidak sih kalau buka fresh care secara wanginya itu nyegrak banget masuk hidung,anxious,0.87
lelah sama keadaan sekarang serius sendiri,sad,0.66
kenapa sih harus bikin masalah terus hari ini bareng teman sama teman kantor,angry,0.88
panik banget tadi ditanya tanyakan guru buku,anxious,0.88
sjshhd ya ampun iya pantas saja ih bego banget aku,angry,0.88
semua hobinya kaget jengkel,angry,0.86
seperti nya akun saya juga dibokir,neutral,0.38
ya kecewa harusnya out bareng cristiano ronaldo kemarin aduh,sad,0.7
biasa saja tau gantengan juga kamu,neutral,0.35
akhirnya tugas selesai juga lega banget agak random sih pas perjalanan sama keluarga,happy,0.09
semenjak bisa belanja online beliau suka beli barang yang sebenarnya tidak dibutuhin banget ujung ujungnya disimpe di sembarang tempat terus ibu ngedumel karena jengkel,angry,0.94
waduh takut takut,anxious,0.79
masih dong wkkwkwtar kalau tidak semangat tidak bisa bucinin bebep aku,happy,0.15
hari ini berat banget dijalani hari ini waktu malam sama dia,sad,0.69
aku cuma ingin istirahat sebentar dari tadi kepikiran bareng teman sama keluarga,sad,0.67
nah kalau begini terus terang sama enak ya mas asal meminta bonus nya tidak gede,happy,0.04
sudah sabar tapi masih dibohongi sumpah di rumah sama keluarga,angry,0.78
lebih mending kecanduan sih jadi enak ngabisin obatnya ya tidak sih,neutral,0.32
seru banget kadang suka rewatch lucu,happy,0.0
kehilangan semangat buat kenapa apa bareng teman,sad,0.64
happy birthday uri maknae semoga bahagia dan sehat selalu ya,happy,0.09
rasanya ingin marah terus banget asli pas perjalanan sama dia,angry,0.72
dikira kaget bisa menyelesaikan masalah anggaran yang membengkak,angry,0.85
sedih melulu nih,sad,0.76
tiba kok jadi takut kuliah offline ya,anxious,0.84
good pagi semangat harus semangat pokoknya semangat mencari rezeki,happy,0.06
saya avail hari besok sampai tanggal saya bukan hantu jadi tak suka ghosting malah suka mencarikan takut kamu hilang vibes saya banyak yang bilang om om dari segi dewasa dan jokesnya juga ditambah selera humor saya rendah jadi ya lucu terus sayanya,neutral,0.33
lucu apa santai dia bestie saya dari sampai orangnya memang begitu tapi sebenarnya dia baik kok,neutral,0.4
kenapa minum teh pagi pagi itu enak banget,happy,0.01
hari ini produktif dan suasana hati bagus banget asli pas perjalanan sama keluarga,happy,0.26
pagi ini terbangun dengan perasaan campur aduk ya emosi ya sedih bingung mau apa rasanya itu lama banget waktu berputar makin tidak betah di rumah,sad,0.77
hai aku mau bertanya sekalipun diminta cv doang juga tetap kasih surat lamaran kerja bedanya body email sama surat lamaran kerja apa ya soalnya aku masih suka susah bedakan dan aku selama ini mengirim file cv di body email kayak lamaran kerjanya takut salah,anxious,0.82
lama lama kan juga terbiasa teknik ke accounting ya kaget dan gugup karena baru awal,neutral,0.24
bingung dan takut ambil keputusan banget asli tadi pagi sendiri,anxious,0.87
jika teman kalian hari ini marah marah mungkin dia fan mu,neutral,0.36
awal khwin dulu lagi hnymoon kemain berani chck ini hotel biasa tetapi biasa pun satu malam tak sampai rm selalu oyo lah yang jadi pilihan aku dengan suami mana apply kad nikah nak apply dekat pjbat agama kulim depan sruh apply dekat pjbat agama pendang renyah sangat aihh,neutral,0.26
rakyat sudah ribut dari kemarin lalu dewan perwakilan rakyat baru kaget sekarang mereka digaji dengan uang rakyat kemarin apa saja bukannya dewan perwakilan rakyat harusnya check balances bikin eksmosi,angry,0.99
lelah sama keadaan sekarang sumpah di rumah sama keluarga,sad,0.56
dimana mana kamu dimana tak tau dimana sedih tidak ada dimana mana,sad,0.63
mode biasa mode mengintai,neutral,0.22
bertahanku bisa saja pasti tetapi kalau di siasiakan mending di evaluasi ayo jalan,neutral,0.35
dulu marah marah sekarang diam saja terus marahnya ke yang dipercaya,angry,0.94
rasanya ingin marah terus agak random sih tadi pagi,angry,0.65
rasanya kosong saja hari ini dan kepikiran terus di kantor,sad,0.76
tidak sedih tapi juga tidak senang lempeng saja nih suasana hati gue,neutral,0.35
wah enak betul baru bangun lucu ayo cepat bangun terus mandi,happy,0.19
langsung swab pacar ya nder tidak usah takut nanti obatnya gratis kok dari pemerintah nothing tapi worries biar tidak menyebarkan ke yang lain juga kalau sudah ketahuan,neutral,0.22
iya anjrott jangan jangan dia punya dendam sama saya ya,angry,0.86
emosi lihat komentar orang tadi agak random sih di kampus,angry,0.93
kecewa banget sama hasilnya hari ini waktu malam,sad,0.69
bangun pagi dengan perasaan bahagia ingat kalau kemarin mark rilis child lagunya disukai banyak orang dan chartnya bagus bikin sender banyak beryukur sama tuhan atas segala hal termasuk hari ini bisa beraktivitas sambil streaming lagu sebagus ini itu kan yang selalu,happy,0.18
kenapa sih harus bikin masalah terus dari tadi kepikiran di kampus sendiri,angry,0.91
hargai orang lain siapapun itu dan jangan pernah menaruh dendam kepada siapapun,neutral,0.4
pull bear atau uniqlo tapi sok far masih paling suka uniqlo sih karena awett pol sudah tahunan dan masih bagus banget kalau p b tak tau kenapa lebih gambar grembel grembel begitu bahannya dan resletingnya rusak terus,neutral,0.38
he semangat,happy,0.04
takut kalau hasilnya jelek banget di kantor sendiri,anxious,0.79
hari ini produktif dan suasana hati bagus sih bareng teman sama teman kantor,happy,0.11
huuh pasti ada dari mereka yang mau menjatuhkan sekian juta orang allah sayang sama kamu allah mau kamu istirahat dulu sekarang tidak apa apa nikmati saja rulesnya tidak boleh marah ataupun sedih semua pasti ada yang lebih indah dari ini,neutral,0.23
takut gagal di presentasi besok banget pas perjalanan sendiri,anxious,0.91
kamu kenapa aku kecewa sakit cemburu menyesal kangen galau ingin kamu peka ingin menangis tidak papa kok,sad,0.53
bangsat masih berani main media sosial,angry,0.9
marah banget karena pekerjaan berantakan di kampus sama keluarga,angry,0.82
besok disuruh ikut acara keluarga di puncak badan rasa rasanya lagi tidak enak dan salah satu saudara juga ada yang gejala mirip covid tapi tetap mau datang dan tidak mau diperiksa sudah bilang ibu biar tidak usah datang eh malah disuruh pakai masker double saja di sana sebal banget,angry,0.97
aku cuma ingin istirahat sebentar sumpah tadi pagi,sad,0.64
senang dan sedih di saat yang bersamaan senang karena di kasih semangat sama abang tapi juga sedih karena jadi ingat sama autumn abang hobi,neutral,0.27
ia menggeleng heran mendengar candaan gori namun masih tetap menanggapi dengan santai yakin lah yakin kalau tidak puas nanti saya jajanin es krim sehari satu selama sehari joshua membersihkan dada gori dengan teliti,neutral,0.21
rasanya sedih banget akhir akhir ini lucu bareng teman sendiri,sad,0.61
cuma mau infoin enak banget,happy,0.05
asuh opung ini tolong hargai ya pung tidak semua orang suka dengan postingan opung ini kara ini sumpah enak banget,angry,0.86
masih susah pindah on dari kejadian itu banget bareng teman sendiri,sad,0.59
rasanya kosong saja hari ini dan kepikiran terus waktu malam,sad,0.65
merasa sendirian akhir akhir ini dari tadi kepikiran waktu malam,sad,0.83
takut kalau hasilnya jelek padahal sudah coba santai di kantor,anxious,0.81
tuhan selalu memilki cara untuk membuka matamu atas orang orang yang berusaha memanfaatkanmu jangan pernah ragu akan hal itu,neutral,0.26
di tengah generasi yang butuh instan gratification ternyata kesabaran itu kunci utama yang dibutuhkan untuk bertumbuh ini ada kutipan dari leo tolstoy yang saya suka banget yang menggambarkan tentang proses dan waktu,neutral,0.33
merasa sendirian akhir akhir ini banget asli di kantor sama dia,sad,0.57
ketika berbuat salah jangan mengeluh jangan marah tetapi pelajari kesalahan kemudian coba kembali dengan cara yang berbeda,neutral,0.32
lelah sih tapi puas hasilnya bagus banget,happy,0.16
pada senang banget menghukum orang sih setiap hari ada saja yang dihujat pentingnya mengajarkan kolaborasi sebelum kompetisi,neutral,0.4
banyak orang bahagia hari ini yang sakit disembuhkan yang sehat dijaga kesehatannya yang sedih semoga cepat bahagia,neutral,0.24
khawatir sama kondisi sekarang sumpah di rumah sama teman kantor,anxious,0.76
oh oh kalau aku malah makin jengkel,angry,0.89
tapi makin banyak yang paham kok kayak saat heboh delta teman ku banyak yang rawat orang tua mereka di rumah saja alhamdulillah sembuh biarkan dibilang hoaks kita tetap bersuara buktinya man temanku yang sudah rasakan kipi vaksin jadi berubah pikiran kok sepertinya harus merasakan dulu,neutral,0.28
aku sudah kali approach semua ke reject sedih siot siap depress itu lah natural killer cukup takut natural killer approach dulu kali lah tetapi effect after approach itu yang prob kalau diterima oke kau kali sedih malu marah semua ada and ini effect kamu life kadang rasa penat sudah natural killer hadap,angry,0.91
khawatir sama kondisi sekarang hari ini di kampus,anxious,0.9
pemilihan umum itu cuma masalah selera ibaratnya ada yang senang pakai toilet duduk yang lain senang toilet jongkok yang keluar sama saja tahi,neutral,0.25
happy birthday mbar sehat dan bahagia terus ya,happy,0.15
rasanya kosong saja hari ini sumpah waktu malam sama teman kantor,sad,0.81
sarapan hari ini dengan seporsi mie instan untuk menemani sunyi setelah kepergian tanpa pesan,neutral,0.32
jika kamu tertawa kamu akan bahagia walau di saat sedih apapun,neutral,0.35
masalah yang kita hadapi akan memberikan efek dan pengalaman terus menerus yang penting adalah bagaimana kita menghadapinya dengan tetap menggunakan pikiran jernih dan tidak emosional karena emosional marah dan dendam hanya akan merusak kita saja,neutral,0.27
kenapa ya orang kok suka banget cari kesalahannya aespa iri bilang sahabat damn kalau tidak suka mending enggak usah dilihat,angry,0.94
masih susah pindah on dari kejadian itu banget asli tadi pagi sama dia,sad,0.72
kehilangan semangat buat kenapa apa dari tadi kepikiran waktu malam sama dia,sad,0.84
indahnya terbang terlalu tinggi walau jujur ku takut jatuh terlalu jauh,anxious,0.82
orang yang mata batinnya baik akan bisa menerima kenyataan sebagai fakta ia akan bahagia,neutral,0.37
aku cuma ingin istirahat sebentar jujur saja sama keluarga,sad,0.83
cemas memikirkan masa depan padahal sudah coba santai di kampus sama dia,anxious,0.89
kesal banget hari ini jujur saja pas perjalanan sama dia,angry,0.72
karena rasa kecewa itu lebih besar dari pada rasa cinta,sad,0.76
biasa terjadi di ekon ekon tidak berpolowers,neutral,0.29
keren semangat,happy,0.03
jangan sedih indonesia merdeka itu karena bersatu bukan berdua,neutral,0.22
selamat pagi happy weekand enjinn semangat buat aktivitas hari inijgn lupa untuk v te stre sama nya ya stay healthy stay aman semuaa dan,happy,0.02
merasa sendirian akhir akhir ini jujur saja bareng teman,sad,0.75
kamu lagi bodoh kalau percaya papagomo yang kamu panggil papa bodoh itu buat video bertaraf hollywood lucu,angry,0.93
akhir akhir ini cemas terus sumpah pas perjalanan sama keluarga,anxious,0.93
sedih banget rasanya aku hatiku rasanya kretek kretek rasanya bagaimana ya di crush ini seseorang yang seperti jeon jungkook jelus banget iya tapi ya sudahlah mau bagaimana lagi semoga aku dapat jodoh yang kayak jungkook,sad,0.79
enak banget,happy,0.04
rasanya gugup terus hari ini pas perjalanan,anxious,0.83
sempat ketika kamu lulus dan saya masih di kelas iya saya coba banget buat terpaksa suka sama orang sampai akhirnya jadian disakiti saat itu saya sudah lupa sama kamu jujur fokus saya sudah ke mantan saya ini karena ya sudah sayang juga lucu jadi saya galauin nih orang lumayan lama lah,sad,0.71
pagi juga mbak e yang cantik cerah seperti surya matahari di pagi hari,happy,0.16
lelah menghadapi orang yang egois dari tadi kepikiran di rumah sama keluarga,angry,0.9
orang itu bikin emosi banget tadi pagi sama teman kantor,angry,0.74
khawatir sama kondisi sekarang serius di kampus sama dia,anxious,0.84
kejer panik takut kebakaran dormnya,anxious,0.86
happy b day adek jiee adik nuna sudah gede tetap jadi maknae yang sabar menghadapi kelakuan abang nya ya nuna sayang jisung bahagia terus ya tenang saja jisung tetap jadi maknae kesaayangan yang paling kiyowok,happy,0.03
kaget benar suka setibanya logout tapi tidak limit,anxious,0.85
be milikku iphone my dream shopee jangan ragu untuk pilih aku sebagai pemenang nya ya aku akan menjaga nya dengan sangat baik,happy,0.02
nelayan sejahtera rakyat bahagia semangat gus ketua umum,happy,0.12
enemy tapi loversnya bukan yang oh my god dulu saya benci dia tapi gara gara dia bantu saya kok saya degdegan sih ternyata dia tidak seburuk yang saya kira tapi yang gue benci sama kamu tapi kalau kamu mati saya bakal ngehidupin kamu lagi dan membunuh kamu dengan tangan saya sendiri,angry,0.86
mulut berkata jalani saja dulu sementara hati ngedumel deg an bisa skip tidak sih,anxious,0.79
huee tertawa that ah lucu lumayan lah suntikan semangat sebelum perform,happy,0.05
makanya baca mbak baca itu disuruh gembira berarti jangan panik kalau panik imun turun tanya yang ahli orang genbira biar imun bagus apa sebaliknya bikin kesal saja,angry,0.97
iya kalau sudah biasa kayak begitu menang makanya harus dibiasain dari kecil deh,neutral,0.23
cuma kaget tok,anxious,0.74
baca saja tulisanku jangan baca hati dan perasaanku itu tak penting,neutral,0.31
sampai jam sgini rumah msie sepi belum ada yang bangun,neutral,0.38
deg degan menunggu hasil pengumuman serius di rumah sama dia,anxious,0.72
sedih bacanya,sad,0.72
bego sama cinta kadang beda tipis ya,neutral,0.39
semangat dong aeril,happy,0.05
malam ini kepikiran terus jadi sedih agak random sih di rumah sama dia,sad,0.59
selamat sabtu dan jangan lupa jaga semangat,happy,0.07
apa kabar semester,neutral,0.3
lelah sih tapi puas hasilnya bagus jujur saja pas perjalanan sendiri,happy,0.26
cemas memikirkan masa depan di kampus sendiri,anxious,0.91
pe yang kamu benci sangat sial gan aku,angry,0.88
dapat kabar baik dari keluarga tadi pagi hari ini di rumah sama keluarga,happy,0.16
hari ini berat banget dijalani lucu bareng teman sama dia,sad,0.75
baru kali ini merasa jadi human resources departement ada orang ngelamar lewat wa cuma mengirim cv berupa foto ada orang mengirim cv tapi surat lamarannya tidak pakai font normal ada orang mengirim cv tapi seadanya banget tapi ya lumayan banyak juga sih yang benernya heran saja begitu,neutral,0.38
tapi child enak banget sih pas sama suara mark lee,happy,0.02
demi tuhan risih banget twitter ada fitur kayak begini di lini masa ih sudah di silang masih suka muncuull,angry,0.88
simpang air putih antrean kendaran normal dikeempat kaki simpang situasi arus lalu lintas lancar,neutral,0.21
marah banget karena pekerjaan berantakan tapi ya sudahlah tadi pagi sama teman kantor,angry,0.7
bersabar itu jauh berbeda dengan tidak bertindak karena pesimis dan takut bersabar itu bertahan dalam sikap baik,neutral,0.27
aaww kamu juga ya semangat dan sehat terus lop kamu itu,happy,0.02
deg deg an tidak bisa pikir kalau sudah gugup tingkat tinggi biasanya tremor,anxious,0.8
mana pas syuting lucu banget suka bercanda bareng jisoo,happy,0.19
budayakan mengeluh jangan semangat,sad,0.68
penonton kecewa,sad,0.65
happy milad ya uni ku insya allah diberikan umur yang panjang diberikan kesehatan selalu keselamatan bahagia dunia akhirat untuk uni keluarga tetap semangat uni ku tetap berjuang bela rakyat jelata,happy,0.05
kamu saja yang tolol bin dungu,angry,0.93
dapat kabar baik dari keluarga tadi pagi banget waktu malam sama keluarga,happy,0.27
jika ada seseorang yang meledekmu jelek santai saja bilang padanya kalau kamu bukan cermin,neutral,0.23
kasih itu menutupi banyak kesalahan kasihilah musuhmu bagaimana engkau dapat mengasihi tuhan yang tidak kelihatan bila manusia yang terlihat saja tidak dapat kamu kasihi,neutral,0.37
sumpah wak malu banget niat untuk praktik efek deterjen ke ikan lah ikan nya malah loncat dari wadahnya saya refleks kaget dong anjir jadi bahan tertawaan murid mana muridnya yang sudah gede lagi,anxious,0.9
lelah sama keadaan sekarang dan kepikiran terus pas perjalanan sama keluarga,sad,0.73
senyum sendiri pas ingat kejadian tadi sama keluarga,happy,0.29
hai kak semangat ya tidak perlu khawatir apa yang belum terjadi semua akan baik saja janani saja apa yang sudah di depan mata,happy,0.19
kalau belum biasa memasukkan pc ke insleeve mending beli united kingdom kali,neutral,0.25
jangan bikin orang khawatir kenapa sih jull,angry,0.93
takut gagal di presentasi besok agak random sih di rumah sendiri,anxious,0.94
lelah sama keadaan sekarang jujur saja di kantor sama keluarga,sad,0.71
rasanya sedih banget akhir akhir ini di kantor,sad,0.57
kepikiran banyak hal sampai susah tidur agak random sih tadi pagi,anxious,0.78
jualan sepi banget,sad,0.56
lagunya enak banget terus liriknya related sama kehidupan kita sebagai anak yang mau mengepoi nih,happy,0.1
jangan khawatir curtis jones ada di list b jadi masih punya kesempatan lihat gocekan maut jones di ucl nanti,neutral,0.33
sedih banget plss get well soon dayeon,sad,0.56
terima kasih allah terima kasih ayah sekarang nih ayah tak pernah pun salahkan mimi sudah kalau porch sepah sebab kucing dan monyet tak marah mimi kalau tak masak sebab ayah akan tolong masak perubahan nih sejak kitaorg kena ujian covid raya lepas ayah masak nasi lemak hybrid nasi ayam,happy,0.09
anxious banget sebelum meeting tadi serius bareng teman sama teman kantor,anxious,0.85
semua harus di bayar dengan balas dendam sasuke uchiha,angry,0.87
jalanan masih luas kamu apa klakson tolol depan belakang kamu tidak ada kendaraan,angry,0.98
dalam cinta jangan pernah meninggalkan seseorang yang kamu cinta hanya untuk seseorang yang kamu pikir kamu suka,neutral,0.35
faq apakah artinya selfpublishing print on demand print on demand adalah sistem yang digunakan oleh artinya kami mencetak buku hanya berdasarkan pesanan saja,neutral,0.21
ya anjir ada itu lagi yang saya suka banget tetapi lupa judulnya apa ya,neutral,0.34
orang itu bikin emosi banget sih sama dia,angry,0.84
kenapa sih harus bikin masalah terus serius pas perjalanan sendiri,angry,0.68
saya juga haha plus kaget,happy,0.19
rasanya ingin marah terus banget tadi pagi sama dia,angry,0.73
nih mengetik ganteng ngentot bangsat anjing kontol biadab berengsek hanceut bereum,neutral,0.21
tapi ini enak banget,happy,0.12
orang itu bikin emosi banget lucu di kampus sama dia,angry,0.83
ingin dirumaah saja kakak lagi sedih kucing aku barusan banget meninggal,sad,0.54
takut banget temenmu nder,anxious,0.75
takut gagal di presentasi besok lucu di kampus sama teman kantor,anxious,0.77
bertahun tahun bertahan hubungan kamu sama pacar kamu aman lancar tak ada kendala sampai kamu budak cinta banget tapi tiap lihat crush kamu langsung kepikiran lagi berusaha ingin tetap dekat tapi takut melewati batas pertemanan,anxious,0.82
masih susah pindah on dari kejadian itu sendiri,sad,0.62
tak tau lagi tidak ada lagi tempat buat kamu curhat tidak ada lagi tempat buat kamu cerita karena satusatunya tempat sudah kamu kamu siain tolol,angry,0.94
deg degan menunggu hasil pengumuman sumpah bareng teman sama teman kantor,anxious,0.95
sedih banget,sad,0.6
rasanya itu enak banget kalau di gadoin apalagi kalau habis dari posyandu begitu suka dikasih terus gadoin bareng sama teman,happy,0.19
kayak apa ya tidak suka sama teman yang memberi tau tapi kayak sambil marah marah begitu apa tidak bisa kalem begitu,angry,0.95
setiap pesan yang kamu mulai menciptakan secercah harapan,neutral,0.26
siap semangat juga,happy,0.09
masa kecil aku belajar puasa dari makan minum dan tak korek hidung lucu h sudah balig sikit baru rajin pergi tarawih dewasa belajar kawal pertuturan emosi dan banyak buat refleksi diri untuk selanjutnya mungkin kena belajar sesuatu dari buku nih pula,neutral,0.34
kepikiran banyak hal sampai susah tidur banget di rumah sendiri,anxious,0.88
sudah sabar tapi masih dibohongi sih waktu malam sama teman kantor,angry,0.91
akhirnya tugas selesai juga lega banget sumpah waktu malam sama keluarga,happy,0.27
marah banget karena pekerjaan berantakan hari ini tadi pagi,angry,0.66
terima kasih ya sudah bikin hariku lebih baik banget asli tadi pagi sama keluarga,happy,0.25
pagi pagi luar biasa,happy,0.03
iya itu bapak emak gue memang bodoh,angry,0.87
huhu pirii kamu hebat keren kerja bagus untuk video musik nya jaga kesehatan ya pirii sedih banget ah gpunya akun twit lu,sad,0.55
aku last seen saja sih sampai kadang lupa kalau wa itu ada last seennya tapi enak saja begitu tak tau kenapa kalau centang biru aku tetap menyalakan biar yang ngechat itu tidak panik dan sudah yakin aku baca kalau hal penting,neutral,0.23
tapi meningkat banget hasilnya bagaimana kalau ditanyain terus kamu pikir dosen cuma bakal lihat dan jadikan laporan evaluasi kita jadi bungkus gorengan ya bakal ditanyain lah bambang bikin naik emosi pagi,angry,0.86
hari ini produktif dan suasana hati bagus jujur saja di rumah sama keluarga,happy,0.09
akhir akhir ini cemas terus banget di kampus sama dia,anxious,0.88
pas mlaku hijau dikon ngucapke habede tau ilopyu jangan marah iya tau tur nek pas oren kok kon ngucapke ini njuk boleh berbicara kepie gek laki laki,angry,0.97
tidak suka saja karena ini hubungan aku ya aku saja yang perlu tau baik buruknya dia mau kayak apa tidak semua juga bisa diceritakan dan aku juga tidak suka kalau ada masalah banyak yang ikut campur mungkin sesekali saja kalau sudah mentok banget butuh solusi dan sudut pandang orang lain,sad,0.51
kesal banget hari ini agak random sih di kampus,angry,0.71
kesal banget hari ini dan kepikiran terus di rumah sama teman kantor,angry,0.68
rasanya sedih banget akhir akhir ini banget bareng teman sendiri,sad,0.73
giliran segala hal yang berbau islam dikebiri dpojokkan dengan alih omikron srius yang muslim tidak marah imannya turun atau emnx pura muslim,angry,0.98
kesal banget apalagi di memasukkan ke grup tidak jelas begini rasanya emosi banget kenal juga tidak aduh,angry,0.92
rasanya ingin marah terus jujur saja bareng teman,angry,0.93
kongkalikong paling enak memang sama beliau saja juaranya,happy,0.04
aku cuma ingin istirahat sebentar lucu tadi pagi sama dia,sad,0.85
semangat kakak tinaa,happy,0.11
enak daring bisa sambilan bersantai di rumah,happy,0.08
aku biasa sarapannya setelah oi menunggu menit pas beres banget oi nya atau sampai tidak terlalu keringetan,neutral,0.28
mending mamanya h serumah sama mereka deh jadi kalau diundang mana mana kan biaa buat alasan tidak enak meninggalkan sendiri mertua di rumah mamamya h juga sayang banget sama f kan jadi aman tidak kayak mertua yang suka recokin menantunya,neutral,0.25
bisnis haram nih artis indonesia yang suka banget bekerja dengan uang haram hindari dan jauhi bisnisnya karaoke dan lain lain biadab banget mengajak masyarakat kepada hal yang negatif jauhi mereka semuanya para artis yang menjerumuskanmu keneraka jahanam naudzubillah mindhaliq,angry,0.94
bisa tidak sih kalau bimbingan itu enggak usah digabung sama ayah si si saya kan jadi jiper malu banget kalau ngang ngong ngang ngong kelihatan begonya,sad,0.68
sedih banget ya jadi wanita,sad,0.52
srs rasa nak main member lucu takut nak mintak,anxious,0.71
takut banget lah,anxious,0.73
kesal banget sama orang yang tidak tepat waktu sih di rumah,angry,0.77
malam ini kepikiran terus jadi sedih sumpah waktu malam sama dia,sad,0.7
gerombolan penjilat tidak tau malu,angry,0.97
akhirnya tugas selesai juga lega banget tapi ya sudahlah waktu malam,happy,0.23
rasanya gugup terus hari ini tapi ya sudahlah bareng teman sama teman kantor,anxious,0.92
serius enak mas jadi nya empuk banget dan waktu di goreng minyak dia tidak minyakan jadi keset begitu,happy,0.05
merasa sendirian akhir akhir ini sih sendiri,sad,0.57
lagi sedih meong ku meninggal,sad,0.59
kenapa sih harus bikin masalah terus padahal sudah coba santai di rumah,angry,0.67
malam ini kepikiran terus jadi sedih banget waktu malam sama dia,sad,0.57
marah,angry,0.91
kakak terima kasih banyak ya ampun denise sedih banget,sad,0.75
alhamdulillah pagipagi dapat kabar baik i sama jadi happyy yayy sayang jimin sudah sembuhh tinggal pemulihan habis operasi nya saja ya,happy,0.1
kenapa hati mu lagi sepi ya karena kalau ramai lanjut part,neutral,0.27
takut tidak lulus komisi penyiaran indonesia kah,anxious,0.75
kaget banget pas menonton yang bagian ini tapi habis itu tertawa karena ekspresi dia gemas kamu,happy,0.12
normal german pro globohomo enggak tau ya tell me,neutral,0.4
sepi aneh kayak ada yang perhatikan tapi tidak ada sapa,anxious,0.82
semangat pagiku bocah cilik,happy,0.06
orang itu bikin emosi banget agak random sih sama keluarga,angry,0.9
makan favorit hari ini bikin bahagia di rumah,happy,0.29
twitter makin sepi apa yang fake sudah pada mati ya,neutral,0.32
takut gagal di presentasi besok serius tadi pagi sama teman kantor,anxious,0.81
marah banget karena pekerjaan berantakan tapi ya sudahlah di kampus sama teman kantor,angry,0.8
geram banget sama pelayanan tadi hari ini di kampus sama dia,angry,0.7
mencoba santai meskipun hectic parah,neutral,0.23
ya terus kenapa tidak suka iri dengki ribet banget ya ada orang asing bikin konten karena lagi pramusim di indonesia terus dikomenin mencari engagement terus harus apa tidak posting kegiatan pramusim mereka manusia ribet anjir,angry,0.89
lelah sih tapi puas hasilnya bagus banget tadi pagi sama teman kantor,happy,0.26
makan favorit hari ini bikin bahagia sih bareng teman sendiri,happy,0.17
malam ini kepikiran terus jadi sedih padahal sudah coba santai di rumah sama dia,sad,0.55
deg degan menunggu hasil pengumuman hari ini di kampus sama keluarga,anxious,0.83
denise saya sedih,sad,0.56
anxious banget sebelum meeting tadi banget tadi pagi sama dia,anxious,0.95
lelah menghadapi orang yang egois agak random sih waktu malam sama teman kantor,angry,0.7
akhir minggu ini seru banget sumpah waktu malam sama keluarga,happy,0.22
kamu harus bahagia ya,happy,0.04
tidak nikah saja aku kalau menuruti ini maaf saya cuma wanita biasa yang kurang ilmu agama,neutral,0.36
rasanya sedih banget akhir akhir ini tapi ya sudahlah waktu malam sama dia,sad,0.66
kesal banget hari ini banget asli bareng teman sama dia,angry,0.91
daddy nih kan saja je kacau kita yela kita biasa kacau dia kan,neutral,0.38
cemas memikirkan masa depan sumpah,anxious,0.91
wedang jahe buatan gue enak banget,happy,0.18
jujur saya malu jadi orang indonesia kok bisa tinggal senegara sama orang bodoh kayak begini semua,angry,0.94
apa sih bawa tahun tolol,angry,0.93
silky drink yang blue citrus juga enak banget,happy,0.12
rasanya kosong saja hari ini tadi pagi sama dia,sad,0.75
kenapa sih harus bikin masalah terus hari ini bareng teman sama dia,angry,0.69
saat paling bahagia menurutnya adalah saat ia tidur,happy,0.1
berani menahan malu demi menyusui anaknya itulah seorang ibu,neutral,0.34
lama menyebalkan banget ya anak hasil keluarga bahagia ini,angry,0.96
welcome back denise sedih banget baca pengumuman dari kamu pagi ini apalagi lihat insta cerita kamu yang foto sama member but walaupun kalian terpisah sekarang aku akan tetap selalu dukung kalian,sad,0.72
semangat snmptn,happy,0.12
masih susah pindah on dari kejadian itu tapi ya sudahlah di kampus sama teman kantor,sad,0.74
marah tidak apa apa nder wajar itu asal jangan berlarut ya jangan juga doakan jelek ke mereka karena apa yang kita tanam itu yang kita tuai jadi tenang saja yang penting kamu tetap jadi orang yang baik ok send love kamu deserve better and the best partner,happy,0.11
kita sering mengira diri ini lemah kadang suka tidak puas atas pencapaian saat ini tapi coba analisis lagi kita juga sudah melakukan hal dengan cukup baik tidak menyerah saja itu sudah point plus jadi mungkin akan baik lagi kalau meyakini kemampuan diri sendiri,neutral,0.25
suka banget menyengsarakan rakyat kemarin mengotot tidak mau menaikkan ump sekarang mau atur atur iuan pekerja yang dipaksa potong dari gaji,angry,0.94
habis lihat berita denise sedih amat sudah padahal vocalnya paling bagus di sn,sad,0.6
makan favorit hari ini bikin bahagia sih di kantor sama dia,happy,0.3
merasa sendirian akhir akhir ini banget asli bareng teman sendiri,sad,0.7
anxious banget sebelum meeting tadi hari ini bareng teman sama teman kantor,anxious,0.96
introvert juga tidak sama dengan pemalu atau takut dengan sosialisasi introvert sama saja kayak orang pada umumnya sosialisasi itu tidak sulit bagi mereka cuma sosialisasi itu menguras energy,neutral,0.25
saya mau alih profesi menarik taksi online jadi sampingan saja jelasnya,neutral,0.24
anxious banget sebelum meeting tadi banget waktu malam sama teman kantor,anxious,0.86
semangat abang,happy,0.17
kecewa banget sama hasilnya banget asli di kampus sama keluarga,sad,0.67
karena mau tidak mau seleksi alam pun akan berbicara tentang siapa siapa saja yang benar benar menganggapmu teman dan siapa siapa saja yang menganggapmu lawan be wise,neutral,0.24
iya lucu tapi jatuhnya kadang malah ngeganggu waktu tidurku sendiri karena sedikit bangun terus tidur lagi oh iyaya ada itu benar sih kalau tidak bangun bakal dibangunkan aampe bangun oh oke untung saja,neutral,0.38
gempa tapi lagu lagi enak enak nya,happy,0.13
jangan melihat masa lalu lebih baik dari saat ini karena hanya buatmu sulit temukan bahagia untuk dirimu sendiri just be happy,happy,0.02
takut kalau hasilnya jelek padahal sudah coba santai di kampus sendiri,anxious,0.75
hai apa kabar gembira pertama kali twitter,happy,0.08
emosi lihat komentar orang tadi sendiri,angry,0.74
memang bangsat para warganet sampai bayi saja dihujat macam itu,angry,0.93
alhamdulillah sepertinya enak itu kak,happy,0.01
dapat kabar baik dari keluarga tadi pagi banget asli di kantor sama keluarga,happy,0.17
rasanya gugup terus hari ini sumpah di rumah sama dia,anxious,0.78
ketemu cowok itu di pekanbaru masih ingat banget semua hal sama dialah walaupun tidak pernah jadian ya sesayang itu dulu sekarang sih dapat yang better tapi dengan kejadian itu aku bisa bilang ke anak perempuanku one day jangan mau di bilang suka terus kamu ambil hati kalau tidak diofficialin,sad,0.72
akhir akhir ini cemas terus jujur saja tadi pagi sendiri,anxious,0.95
hafal yang penting je paling penting accio senang kalau malas amik barang,happy,0.16
kalau orang sudah benci sama orang yang ngroko atau ngevape bahkan pakai pod sepertinya dimanapun tempatnya tetap benci deh,angry,0.9
senang banget hari ini ketemu teman lama pas perjalanan sama dia,happy,0.1
emosi lihat komentar orang tadi banget asli tadi pagi,angry,0.7
ya truee lagi lagi the oldies kan semua macam takut for booster sebab baca news regarding post booster effectsi memang ingat nak walk ini ppv dekat pwtc itu je nanti lucu h,anxious,0.82
biar tidak sedih sedih amat aku harus selalu ingat kalau mereka tidak nyata,neutral,0.37
harus bahagia terus dong,happy,0.15
semangat pagi dan tetap indah kan hari nya,happy,0.12
pagi yang ceria,happy,0.2
iya aku juga jadi takut,anxious,0.79
terima kasihh aku kemarin sempat down banget karena pertama kali jadi komisi orang begitu aku takut orang tidak suka desain ku sampai sempat cemas seharian tapi alhamdulillah dia mau menerima terus dijadikan desain baju jualan dia huhu,happy,0.18
malam ini kepikiran terus jadi sedih dan kepikiran terus di kampus sama keluarga,sad,0.55
ya sudah aku pulang babai kawan kawan semoga kalian bersenang senang,neutral,0.24
wah takut nih sesepuh ternyata,anxious,0.86
sudah masuk perencanan tinggal menunggu saja,neutral,0.35
merasa sendirian akhir akhir ini tapi ya sudahlah tadi pagi sama teman kantor,sad,0.77
makan favorit hari ini bikin bahagia dari tadi kepikiran pas perjalanan sama keluarga,happy,0.08
lelah sama keadaan sekarang jujur saja di rumah sama dia,sad,0.56
kenapa sih harus bikin masalah terus jujur saja tadi pagi sama teman kantor,angry,0.78
aku kalau boleh natural killer buat kerja gila pinjam hair dryer kita dept aku tetapi tulah takut plak kantoi dengan bos,anxious,0.88
kenapa sih harus bikin masalah terus serius waktu malam sama keluarga,angry,0.72
masih susah pindah on dari kejadian itu banget asli bareng teman,sad,0.73
kehilangan semangat buat kenapa apa dari tadi kepikiran di kantor sama teman kantor,sad,0.61
akhirnya lolos interview kerja dan kepikiran terus tadi pagi sendiri,happy,0.07
kak sumpah kalau peningkatan dari hdd ke solid state drive itu tidak akan ngehank begini tidak sih tabunganku cuma cukup buat peningkatan itu tapi takut juga ada kebutuhan praktikum mendadak jadinya aku maju mundur mau peningkatan,anxious,0.88
sudah kayaknya sebegitu saja review pantas disebut review tidak sih atau kesan yang saya rasakan selama menonton snowdrop saya tidak spoiler terlalu banyak jadi semoga pas menonton tetap bisa kaget dan kesal lucu sejak ini one of must watch drama too,happy,0.17
sebaiknya di kasih penghargaan saja,neutral,0.28
dimana mana hatiku senang,happy,0.06
baunya busuk banget sumpah tak tau kucing gue nih punya dendam apa sama saya pokoknya tiap dia kentut pasti dekati dan sok manja aslinya kentutt,angry,0.88
rasanya gugup terus hari ini banget asli tadi pagi sama dia,anxious,0.83
akhir akhir ini cemas terus banget asli sama teman kantor,anxious,0.79
soalnya takut ada yang macam macam kalau bawa teman kan seenggaknya ada yang bisa bantu,anxious,0.86
takut gagal di presentasi besok serius di kantor sama dia,anxious,0.79
geram banget sama pelayanan tadi dan kepikiran terus,angry,0.9
kepikiran banyak hal sampai susah tidur banget asli bareng teman sama teman kantor,anxious,0.85
khawatir sama kondisi sekarang lucu bareng teman sama dia,anxious,0.87
lucu wkwk can relate antara senang apa sedih tak tau senang awet muda apa sedih dikira anak kecil,neutral,0.22
semangat katanya,happy,0.18
kenapa ya perasaan ku tidak enak mau pergi padahal nanti,anxious,0.83
masih susah pindah on dari kejadian itu agak random sih waktu malam sama dia,sad,0.65
lelah sih tapi puas hasilnya bagus serius sendiri,happy,0.28
gm gm keep streaming guys semangat,happy,0.1
lagi di fase sedih banget tidak punya siapa buat cerita,sad,0.74
akhirnya tugas selesai juga lega banget tadi pagi sama keluarga,happy,0.24
kecewa banget sama hasilnya sih bareng teman sendiri,sad,0.65
sebuah pengalaman luar biasa untuk menyaksikan bahwa teknologi masih belum ada apa apanya dibandingkan gejala alam,neutral,0.27
yang suka doang adalah banyak tidak saya pungkiri nah yang sayang dan cinta tidak ada bwankk lucu gue,sad,0.62
malu anjing line saya uh jijik dan kesal,angry,0.9
merasa sendirian akhir akhir ini padahal sudah coba santai di kampus sama dia,sad,0.79
mamakku itu memang cantik banget mamaku dulu mamaku suka porotin duit cowok lucu sekarang alhamdulillah tidak mendukung ke anaknya,happy,0.16
bukannya yang sudah malah dihimbau untuk dilindungi dari yang belum karena ada khawatir bagi yang sudah akan jatuh sakit oleh kehadiran mereka yang belum belum lagi wacana meski sudah tetap masih bisa pandemi ini memang sebuah tes intelligence quotient,neutral,0.39
pantas saja ada istilahdek cinta tidak enak padaku sih adik bilang cintamu abang terus sih babang bilang adik ku kalau kamu cinta pada ku usir bapak mu,happy,0.07
terima kasih ya sudah bikin hariku lebih baik banget pas perjalanan sendiri,happy,0.26
kesal banget sama orang yang tidak tepat waktu jujur saja bareng teman sendiri,angry,0.82
senyum sendiri pas ingat kejadian tadi sumpah bareng teman sama teman kantor,happy,0.16
hari ini produktif dan suasana hati bagus padahal sudah coba santai di kampus sama teman kantor,happy,0.16
kesal banget sama orang yang tidak tepat waktu hari ini di kantor sama dia,angry,0.94
malas bikin emosi,angry,0.96
semangat lesnya,happy,0.16
nih ayam kampung kenapa suka banget ribut sikk,angry,0.94
masih susah pindah on dari kejadian itu padahal sudah coba santai waktu malam sama keluarga,sad,0.83
edan takut nyuak memang,anxious,0.89
bekmya masih tolol tolol,neutral,0.37
cemas memikirkan masa depan agak random sih pas perjalanan sama teman kantor,anxious,0.8
sedih sih aku kan malam handphonenya sudah disita lagi dahal sedihnya cemas nya malam terus bagaimana,sad,0.78
rasanya kosong saja hari ini banget di kampus,sad,0.8
bismillah tetap semangat jangan menyerah yakin pasti bigwin,happy,0.15
kesal banget hari ini jujur saja di kantor sendiri,angry,0.78
yang tak suka kesukaan masing masing,neutral,0.4
lelah menghadapi orang yang egois lucu sendiri,angry,0.65
lucu apa betul sekali aku saja susah kalau sudah tidak suka sama orang benci nya sampai lama banget,angry,0.96
ya allah baru bangun dengar kabar denise,sad,0.74
pagi ujaann enak banget buat tidur,happy,0.11
bilangnya realistis butuh duit sebenarnya lebih ke oke saya cari yang banyak duit begitu tidak sih orang materialistis itu iinget segalanya butuh uang tapi uang bukan segalanya agak emosi memang sis kalau sok sok realistis tetapi ternyata materialistis,angry,0.88
keberpihakan akan ke tidak adilan ini yang senantiasa diperjuangkan gus muhaimin semangat terus gus,happy,0.14
lelah menghadapi orang yang egois hari ini pas perjalanan sama keluarga,angry,0.87
yang dilihat itu progress nya bukan stuck pada cerita silam bagaimana kamu bisa menilai orang lain berubah jika pandangan mu saja masih pada cerita lama,neutral,0.31
ini boleh tidak sih aku kecewa orang marah sama dia lucu cuma karena aku beli acrylic frame terus majang pc bareng sama polaroid ortuku dia bilang begini apa aku doang yang sensitif nih ya dikira nge korea pop bikin lupa semua hal bahkan orang tua sendiri kamu bikin saya makin tidak mau kenal spesies cowok dasar idiot,angry,0.89
lelah sih tapi puas hasilnya bagus waktu malam sama teman kantor,happy,0.06
bukan cuma orang tua yang memotivasi hidupku tapi kamu cileng kamu buat hidup aku lebih cerah teens shieren,happy,0.11
rasanya ingin marah terus sih waktu malam sama keluarga,angry,0.89
pagi suka sudah ada ai ai bangsat malas ini,angry,0.93
tidak enak rasanya,sad,0.71
yakin hilangkan mie ayam kok aku ragu,anxious,0.79
lelah menghadapi orang yang egois hari ini waktu malam sama dia,angry,0.92
semangat puasanya an,happy,0.18
nah selingkuh itu penyakit tidak ada kata khilap kamu selingkuh kan dalam keadaan sadar sudah salah masih saja bela diri please jangan suka jajan di luar atau sex sembarangan kamu sakit yang kena orang rumah kamu anjing mbak nya kuat banget ya allah semoga selalu sehat mbak,angry,0.95
akhirnya lolos interview kerja sih pas perjalanan sendiri,happy,0.24
mu tolol,angry,0.94
ingin tetap jaga komunikasi sama teman yang sudah nikah tetapi pas sekali ngechat akunya tanya kabar eh dia malah tanya kapan aku nikah pertanyaan yang cuma bisa kujawab dengan senyum atau berujung dengan tidak kubalas,neutral,0.36
tetaplah santai meski hari ini ada olimp,neutral,0.24
saya malu banget salah tag jenonyaa,anxious,0.71
benci tau rasanya harus bertengkar sama perasaan diri sendiri,angry,0.91
orang tua kita selalu bahagia melihat kita selalu tercurah kasih sayangnya buat kita tanpa batas,happy,0.02
mendengar handphone bunyi teh sekarang malah takut takut dapat kabar buruk,anxious,0.79
tidak tau ya aku up lagi kapan lagi tidak enak badan dari akhir januari di tambah bulan ini banyak ujian praktik,happy,0.11
cewek merasa bahagia ketika pasangan meng anggap dia ada meng anggap dia penting dan meng anggap dia cewek satu satunya,neutral,0.37
aku hanya manusia biasa yang tak sempurna adn kadang salah,neutral,0.32
aku lagi hari terakhir di bali suwepi sudah kayak kota mati belum banyak aktivitas sejak pandemi benar sepi pol,neutral,0.34
selamat pagi dari pku tante baru bangun nyenyak banget bobonya tidak gerak semalaman semoga sehat dan happy selalu teman se alter yakin selalu ada rejeki untuk kita hari ini ya camilan dari momo juga ikut menemani tante mengunjungi pku memang begitu tante suka bawa,happy,0.18
kecewa banget sama hasilnya banget asli bareng teman,sad,0.76
iya nih mau aku jemur di rumah kalau tidak mama marah,anxious,0.86
indeks prestasi kumulatif itu sudah bagus tidak sih takut banget mau kasih tau ayah kalau indeks prestasi kumulatif sebegitu,anxious,0.9
emosi lihat komentar orang tadi sih di kampus,angry,0.71
terima kasih ya sudah bikin hariku lebih baik sumpah bareng teman sama dia,happy,0.25
akhir akhir ini cemas terus sumpah sama dia,anxious,0.85
makan favorit hari ini bikin bahagia jujur saja bareng teman sendiri,happy,0.29
rasanya gugup terus hari ini dan kepikiran terus tadi pagi sendiri,anxious,0.8
malam ini kepikiran terus jadi sedih agak random sih waktu malam sama dia,sad,0.8
masih pagi bikin emosi saja,angry,0.96
dia takut kali aku tidak jadi balik gess padahal niatku baik buat belikin mereka ikan udang dan lain lain buat lauk mereka tapi di sambut begitu ya ampun aku masih belum sadar di situ,neutral,0.38
kepikiran banyak hal sampai susah tidur serius di kampus sama keluarga,anxious,0.95
geram banget sama pelayanan tadi dari tadi kepikiran di kampus sama teman kantor,angry,0.69
lucu apa lebih enak pakai nalar daripada pikir hitung hitungan,happy,0.02
masih susah pindah on dari kejadian itu dan kepikiran terus di kantor sendiri,sad,0.57
kaget takut karena kemarin mintanya kurang banyak,neutral,0.27
pagi tiba tiba baca banyak berita di lini masa cebong mengamuk mengamuk dan cari banyak alasan tentang dewa nya tidak di hargai luhut saat pidato cebong menghibur diri pura pura bahagia cebong cebong bodoh idiot kalian itu permanen mentang mentang gratis kamu ambil semua bodoh nya idiot,angry,0.85
serius jadi kaget saya,anxious,0.7
dulu setiap lahan kosong bisa disulap jadi lapangan sekarang kita memilih sewa untuk senang,neutral,0.21
kepikiran banyak hal sampai susah tidur lucu sendiri,anxious,0.7
rasanya ingin marah terus di kantor sama keluarga,angry,0.69
sampai asma kambuh tapi bela ini tidak minum obat karena takut teler di kantor,anxious,0.73
bisa dicipratin air kak bagian belakang badannya saja juga tidak apa apa kalau muka kasihan takut kaget,anxious,0.8
senang banget hari ini ketemu teman lama tapi ya sudahlah tadi pagi sama teman kantor,happy,0.23
lucu tidak apa apa kok sedih kayak begitu wajar mending menonton momen bawa sudah sekarang lucu gue kalau tidak rewatch getheer,neutral,0.26
emosi lihat komentar orang tadi tapi ya sudahlah waktu malam sama teman kantor,angry,0.84
geram banget sama pelayanan tadi tapi ya sudahlah waktu malam sama keluarga,angry,0.89
bingung takut panik,anxious,0.84
alhamdulillah ya allah jimin sembuh semoga ini yang terakhir juga asli aku benci dapat notifikasi halo this is bighit musik,happy,0.19
makanya cewek pada senang sama dia kalau suga ada yang mengisengi pasti cewek di kelasnya langsung pada maju semua dia juga sama anak cowoknya klop banget kalau jam kosong suka main futsal di lapangan pokoknya dia kesayangan semuanya deh soalnya anaknya sama siapa saja cocok,neutral,0.29
lagu ngegalau kelas pas lagi jaman zamannya galauin cowok yang seharusnya tidak saya galauin lucu dasar bodoh,angry,0.86
a kita tidak bisa menerima begitu saja orang yang telah mempermainkan kepercayaann kita terhadapnyaa,neutral,0.39
saya masih jengkel ya sama teman teman sekelompok saya,angry,0.91
jual app premium dari netflix spotify disney viu iqiyi wetv youtube hbo go dan lain lain harian bulanan payment via ovo gopay spay dana full garansi affordable price trusted oh jangan ragu buat tanya dan direct message ya,neutral,0.36
hukum bangsat hanya buat bangsat,angry,0.89
aku tidak kepikiran sampai kesitu kakak soalnya aku buru buru karena itu walau aku takut keduluan orang,anxious,0.9
bagaimana tidak makin sayang ya dia berarti ingin orang mengapresiasi karya dia bukan lewat penjualan album dia juga tau kalau album fisik nct memang paling bikin melarat wkwk setaun normal album jenis per unit ada unit belum yang proyek besar nya wkwk,neutral,0.33
ah kabar baik pagi ini thanl kamu besar hit terima kasih kamu jimin terima kasih kamu allah alhamdulillah jimin,happy,0.13
bohong ya biasanya marah marah itu saya lihat,angry,0.98
bukan tidak suka sih suka banget dulu beli buku banyak sampai menumpuk dirak tetapi sekarang sayang saja begitu habis baca tumpuk tumpuk karena jarang banget baca ulang paling cepat juga bulan tahun itu baru baca ulang jadi sekarang sistemnya beli baca jual lagi yang penting baca yang orisinal,neutral,0.29
kakak sedih,sad,0.69
dikasih tau adik simbah menanyakan ini bajunya tidak pernah lihat dipakai keluar dipakai di kamar ya baju tidur tali spageti yamasa ku pakai keluar kan malu ini kalau beli lingerie yang aneh ya jelas jadi pertanyaan sudah paling benar beli daster midi saja,anxious,0.86
sore sore harusnya bisa tenang ini malah deg an gara gara dikagetin tidak jelas,anxious,0.79
kecewa banget sama hasilnya sumpah waktu malam,sad,0.61
kadangkala dirimu berhenti memberikan sebuah perhatian pada seseorang hanya untuk menyadarkannya akan ketidakhadiranmu akan membuatnya sepi,sad,0.59
kalau bocah koar koar kasih bukti saja biar diam gue tidak suka kedamaian,angry,0.98
semangat iya yang lain ueueu,happy,0.1
segerin dulu biar semangat,neutral,0.21
alamat palsu,neutral,0.38
takut tidak ada yang mau pembesan sama saya maybe,anxious,0.71
aku cuma ingin istirahat sebentar banget bareng teman,sad,0.76
anxious banget sebelum meeting tadi sih di kantor sama keluarga,anxious,0.9
bahkan jika itu palsu terima kasih telah membuatku merasa penting,sad,0.74
arghh emosi lihat bang ziel,angry,0.95
hari ini berat banget dijalani hari ini pas perjalanan,sad,0.56
uwah semangat besok lusa ya,happy,0.1
kenapa sih harus bikin masalah terus serius di rumah sama dia,angry,0.72
kehilangan semangat buat kenapa apa hari ini di kampus sama keluarga,sad,0.56
yang joonyong sedih banget cibee kajaa,sad,0.75
jenius banget sih makasihh kamu belajar darimanaa,happy,0.02
a lucu benar pagi pagi sarapan saja jangan marah marah nanti lekas tua,angry,0.96
senang banget bangun tidur dapat kabar jimin sudah sembuh dari covid,happy,0.04
lucu gue ya begitu nder ldr susah lucu dia dari awal nge direct message cewek saja sala lah ini malah marah sama kamu marah balik lah jangan diam doang,happy,0.12
senang banget hari ini ketemu teman lama hari ini pas perjalanan sendiri,happy,0.1
bingung dan takut ambil keputusan lucu sama dia,anxious,0.86
akhirnya lolos interview kerja serius pas perjalanan sama keluarga,happy,0.18
sedih banget,sad,0.73
pakai rasa bukan pakai logika tolol cara berpikirnya ngajio seng jeru ojek online mung neng kamu tube,angry,0.87
akhirnya tugas selesai juga lega banget agak random sih pas perjalanan sama dia,happy,0.19
masih susah pindah on dari kejadian itu hari ini waktu malam sama teman kantor,sad,0.85
pagi pagi sudah rusak suasana hati lah thial nak orang tolong kamu tak payah lah marah marah elok orang ikhlas jadi terpaksa pula alah,angry,0.89
akhir akhir ini cemas terus sih tadi pagi sendiri,anxious,0.82
sedih dari sebegitu banyak yang lihat twit ku tidak ada yang mau bantu hanya beberapa orang yang sudah bantu aku bisa dihitung terima kasih semoga allah ganti lebih banyak,sad,0.59
senang banget hari ini ketemu teman lama sama dia,happy,0.27
bingung dan takut ambil keputusan jujur saja di kampus sama dia,anxious,0.75
emosi nya sampai ke kita ya nder pas menonton,neutral,0.31
semuanya sudah diatur kan pasti tinggal menunggu kabar baiknya,neutral,0.36
bisa gue jelaskan hyung jangan jangan marah,neutral,0.2
senyum sendiri pas ingat kejadian tadi jujur saja di rumah sama keluarga,happy,0.08
kurang suka kadang lucu kalau sudah cerita berarti sudah bingung banget mending di mengomongkan langsung ke pacar di cari solusinya sama sama kadang kalau bertengkar itu kalau kita sebagai pacar pasti bisa maafkan dan ngebucin lagi tetapi kalau cerita ke teman belum tentu mereka bisa,sad,0.62
masih susah pindah on dari kejadian itu di kampus sama teman kantor,sad,0.59
akhirnya lolos interview kerja padahal sudah coba santai bareng teman sama keluarga,happy,0.07
khawatir sama kondisi sekarang sih di kampus sama teman kantor,anxious,0.91
kamu bego banget deh asli,angry,0.9
mon jangan cerita sedih muluu,sad,0.55
itu perkara biasa sudah,neutral,0.29
hari ini produktif dan suasana hati bagus agak random sih bareng teman sama keluarga,happy,0.16
akhirnya tugas selesai juga lega banget hari ini tadi pagi sama keluarga,happy,0.16
malam ini kepikiran terus jadi sedih tapi ya sudahlah di kampus sama teman kantor,sad,0.58
lucu banget kakak tertua takut sama saya,happy,0.12
sedih ya,sad,0.56
me di padang sudah biasa gempa soalnya wkwk,neutral,0.32
tak tau anjing kesal,angry,0.98
takut tetapi tetap percaya diri,anxious,0.78
bingung dan takut ambil keputusan hari ini di kantor sama dia,anxious,0.72
rasanya gugup terus hari ini dari tadi kepikiran di kampus sendiri,anxious,0.93
apa itu semangat,neutral,0.25
aku lebih takut lihat biru japan ketemu bam,anxious,0.84
hari sabtu memang biasa libur memang ada apa,neutral,0.23
mau genre apapun kalau ceritanya bikin sedih aku pasti menangis ini tadi aku nangisin zombie di all of us are dead,sad,0.8
kadang hanya dengan satu senyuman palsu kita bisa menyembunyikan begitu banyak rasa sakit,sad,0.63
apa kabar kalian di hari sabtu ini baik kan ya,neutral,0.33
lelah sama keadaan sekarang tadi pagi sama keluarga,sad,0.55
seperti biasa,neutral,0.26
work hari ini last day aku resign sedih banget pisah sama teman tetapi satu sisi bebas dari bos toxic nekat sebenarnya resign lebih dahulu belum dapat pengganti tetapi sudah tidak kuat sama bos toxic,sad,0.69
start your day dengan marah scammer ingat aku ada masa nak layan hutang kamu itu duit pun tak ada nak hutang apa,neutral,0.21
alhamdulillah dia sehat baik baik saja mau titip salam nanti saya sampaikan,neutral,0.22
ini kok orang komennya dia pada softie ya galak woi dia galak amat apalagi kalau aku belum tidur weh kena marah lucu dia baik selalu jadi penyemangat terus kalau aku merasa insecure semoga kita bisa ketemu iya ingin fangirling bareng ann,happy,0.03
hem imo seni itu untuk dinikmatin tidak harus menguasai dasar nya sama kayak kamu tidak harus paham hukum elektromagnetik buat main handphone paham hukum aerodinamika buat ngayuh sepeda and lastly hal yang mereka lakukan ini tidak merugikan orang lain kok biarkan mereka bahagia,happy,0.18
jangan khawatir kalau gavi araujo yang dikhawatirkan pindah dapat tawaran dari chelsea dengan gaji gede itu,neutral,0.32
makan favorit hari ini bikin bahagia tapi ya sudahlah di kampus,happy,0.21
alhamdulillah jimin sembuh dan sudah pulih ini kabar yang indah,neutral,0.31
oh jangan kantor polisi punya banyak orang yang asing akan wajahnya hubungi orang dalam saja,neutral,0.23
wah sekolah semangat ya,happy,0.12
eh kamu tidak pernah merancang kejatuhan orang kamu benci dengan perempuan lain kah,angry,0.96
akhirnya lolos interview kerja sih pas perjalanan sendiri,happy,0.24
ayo semangat mekipun tidak keluar air susunya,neutral,0.29
kalau kok sanggup sewa bilik hidup apa adanya makan roti orang maggi je hari kahwinlah kalau sudah biasa hidup selesa tak mau hidup susah simpan lah duit dulu,neutral,0.31
kasih saya satu alasan kenapa pada tidak suka matcha hem,neutral,0.26
kalau cewek sudah ngeblokir mute akun orang tapi masih mengintip akun orang itu konsepnya bagaimana itu sis definition of munafik kangen tetapi malu dia bro lucu,happy,0.1
joonyoung paling merinding sama sedih jadi,anxious,0.79
kelisa itu memang marah sampai berasap hidung,angry,0.97
berharap ada yang cancel nendo bokuto dan akaashi yang di kyou biar bisa cowok langsung di web kyou saja mau ambil opslot tetapi takut karena harga nya tidak murah dan rilisnya masih lama menunggu sampai ina lebih lama lagi tetapi takut juga sih kalau tidak dapat lagi karena pasti war lagi lucu,anxious,0.75
iya apa begini gara gara lagi kecapaian tetapi ya biasa saja ingin saja begitu tidur cepat,neutral,0.34
anjing ada saja yang bikin emosi baca begini pagi,angry,0.87
deg degan menunggu hasil pengumuman sumpah sama dia,anxious,0.98
mantan istri bongkar trik cinta ferry irawan ke saya masih suka kirim,neutral,0.26
astaga temannya glo ada di mana mana rasanya malas banget tidak sih buat ngelanjutin gambar gambar lama wkwk hem yupi ya dulu aku suka beli yupi ulet apa cacing ya pokoknya yang kayak ulet itu tapi sekarang sudah tidak pernah beli lagi lucu,happy,0.16
jangan jatuh cinta dan suka daripada sakit hati,anxious,0.72
sudah hari ke pun still kena marah pasal panadol,angry,1.0
semalam habis menonton dew dew ini remake bungee jumping of their own korea aku sudah menonton yang versi korea dan memutuskan menonton yang versi thailand karena katanya lebih sedih dan juga karena yang main ohm pawat dan benaran memang sedih sih aku lebih suka yang versi thailand dari pada yang versi koreanya,sad,0.66
alah tai pagi dibuat emosi gue support sistem support sistem tatai anjingan,angry,0.99
semoga hari ini ada kabar baik ya,neutral,0.37
kalau di slack suka takut chatnya capslock semua,anxious,0.89
hem semangat kerja,neutral,0.34
otak kaum kamu yang tolol pakai sumber yang nasional drun,angry,0.89
nanti tunggu free saja biar enak sleepkol dan video call nua,neutral,0.38
lucu benar dit jangan pasang muka judes begitu dong nanti kalau dilihat sama mas anu kan tidak enak dia kan suka sama kamu kaget banget coy dia lo temannya pada cakap semua kok bisa sih sampai menaksir sama remahan roma kelapa kayak aku begini kan agak tidak memakai sense,anxious,0.86
banyak yang bertanya memangnya apa yang perlu saya cemaskan semuanya terlihat sempurna dan saya memiliki segalanya tanpa mereka tahu bahkan saya cemas untuk sekadar tetap hidup lima menit setalah ini,anxious,0.74
lagian mengirim kok cuma pesan mengirim itu duit lumayan bisa beli kuota buat balas pesannya,neutral,0.32
saya suka kucing tapi sedih saya tidak boleh pegang atau pelihara kucing karena punya alergi kalau tidak salah suga rl punya alergi sama bulu meong kan,sad,0.67
kita tunggu saja kedepannya semoga handphone ku masih kuat,neutral,0.32
rasanya gugup terus hari ini banget,anxious,0.78
aku malu sst yang sudah lihat selamat kalian pernah memandang wajah istri kak andrew,anxious,0.8
orang di rumah sakit sudah biasa ketemu dokter lah aku malah takutan,anxious,0.73
akhir minggu ini seru banget hari ini bareng teman sama keluarga,happy,0.07
kesal banget sama orang yang tidak tepat waktu di kantor sama teman kantor,angry,0.74
lelah sama keadaan sekarang banget asli bareng teman,sad,0.63
makan favorit hari ini bikin bahagia dan kepikiran terus sendiri,happy,0.11
rasanya sedih banget akhir akhir ini jujur saja pas perjalanan,sad,0.65
is astaga ingin beneh mencok kakak sesantap is asinan enak jua gaknya sabar len masih belum buka puasa masih lama,happy,0.1
kecewa sedikit,sad,0.71
baru saja mengirim foto bonn cafe,neutral,0.27
geram banget sama pelayanan tadi jujur saja waktu malam sama teman kantor,angry,0.67
record of youth walau saya benci banget sama akhirnya,angry,0.96
melodyjkt meski ada hal sedih ataupun hal yang memberatkan tak apa asal yang bahagia lebih banyak,neutral,0.39
benar banget saya exol dari jaman overdose pas orang tau saya exol pada bingung begitu kok saya masih suka sama mereka padahal mereka sudah tidak terkenal dan sudah tua ingin banget saya sumpel mulutnya pakai kaos kaki saya tidak jawab karena takutnya jadi ribut langsung saya tinggal saja,angry,0.88
segar selamat pagi sabtu basah sabtu ceria ayo ngeroom,happy,0.08
semangat nona,happy,0.09
awalnya badmoodd parah tetapi habis dengarkan ini langsung semangat lagi,happy,0.01
sarapan pakai nasi goreng enak tidak ya,neutral,0.35
luci aww jadi malu lucu wkwk,happy,0.01
rasanya kosong saja hari ini jujur saja tadi pagi,sad,0.74
rasanya sedih banget akhir akhir ini sumpah pas perjalanan sama teman kantor,sad,0.85
tumben banget pagi pagi sudah semangat biasanya lelah letih lesu,neutral,0.28
tahajud dhuha tiap hari saja powernya di aku sudah luar biasa nder,neutral,0.21
lelah sih tapi puas hasilnya bagus banget asli di rumah sendiri,happy,0.19
terima kasih banyak kak derza amin amin terima kasih atas semua ucapan dan doa baiknya semoga semua doa baiknya berbalik ke kamu ya terima kasih sudah menyempatkan mengucapkan selamat ulang tahun ke aku lucu terima kasih juga atas hadiah kue dan bunganya aku suka banget,happy,0.12
our time deh best banget sih saya rewatch berapa kali tetap saja menangis mana ost nya juga enak lagi,happy,0.13
rasanya kosong saja hari ini tapi ya sudahlah tadi pagi sendiri,sad,0.64
lelah sih tapi puas hasilnya bagus sih bareng teman sama teman kantor,happy,0.08
lebih murah dan lebih enak ini daripada si ri r t,happy,0.04
ini twitter kenapa sih suka banget nyesi tidak,angry,0.97
semakin sakti manusia maka semakin bodoh akalnya semakin tidak punya apa kesaktian maka semakin kencang sandaran pada al aziz allah subhanahu wa taala,neutral,0.26
sudah solo stan masih saja dukungnya stengah stengah lucu apa rasanya faves kalian lebih sayang sama member yang kalian tidak suka wkwk lucu wkwk,happy,0.14
acheol aku ikutan sedih cepat sembuh ya,sad,0.51
rasanya ingin marah terus dari tadi kepikiran pas perjalanan sendiri,angry,0.89
ini famili your trust terlihat harmonis belum tentu sebuah keluarga akan baik baik saja meninggalnya sang kakek membuat sebuah keluarga besar hancur hingga membuat pembunuhan berantai lantas siapa dalang dari perpecahan ini,neutral,0.29
innalillahi wah ini ilaihi rojiun semoga almarhumah ibu diterima amal baik nya dan diampuni segala kekhilafannya yang sabar ya jayen pasti sangat sedih kehilangan orang tua,sad,0.66
sudah di tampar keras oleh ketidakpastian masih saja memeluk erat sebuah harapan,neutral,0.21
untung bukan kereta api nya yang kaget,neutral,0.35
karena kalau malu bakal malu banget ini lebih lebih dari orenji untung benaran iri jongu,anxious,0.73
anak muda harus semangat jangan letoy,happy,0.15
marah banget karena pekerjaan berantakan sumpah di kantor,angry,0.71
malam ini kepikiran terus jadi sedih banget pas perjalanan sendiri,sad,0.81
agak takut ya apalagi stranger begitu,anxious,0.75
sudah sabar tapi masih dibohongi dan kepikiran terus di rumah sama dia,angry,0.9
rasanya sedih banget akhir akhir ini waktu malam sama teman kantor,sad,0.7
tetapi tidak boleh panikk nanti kalau panik kamu ngeblankk nanti malah tidak bisa mengerjakan tidak boleh panik,anxious,0.88
rasanya gugup terus hari ini banget asli di kantor sama dia,anxious,0.91
kecewa gue bangsat,angry,0.98
aku sebenarnya panik tetapi tetap cantik,neutral,0.2
kesal banget sama orang yang tidak tepat waktu banget bareng teman,angry,0.69
rasanya sedih banget akhir akhir ini sumpah waktu malam sendiri,sad,0.62
malu memalukan anjrit sinyal begini katanya doang kencang tai,angry,0.96
gembira dengan keadaan,happy,0.18
kehilangan semangat buat kenapa apa di kampus,sad,0.73
aku meriang jadi tidak menonton juga sedih,sad,0.68
lah adik saya sudah lulus kuliah juga masih saya panggil adik adek adek saja kamu iya pagi pagi bikin emosi nih maaf,angry,0.97
sumpah sedih banget denise,sad,0.53
geram banget sama pelayanan tadi tapi ya sudahlah sama keluarga,angry,0.8
tolong author masa tidak mau bikin yang mature version sedih,sad,0.67
kasih garam biar enak,neutral,0.28
hari ini berat banget dijalani hari ini waktu malam sama teman kantor,sad,0.78
rasanya kosong saja hari ini dan kepikiran terus tadi pagi,sad,0.7
bisa jadi itu kak di sini juga kemarin begitu benaran masih abang ini sih tapi semoga hari ini cerah,happy,0.0
sayang bagaimana cara mainkan perasaan cowok dan nantinya sih cowok kayak menyesal sudah meninggalkan ceweknya begitu kata temanku sih begitu biar berpikir sih cowoknya meninggalkan sih kali adalah pilihan bodoh,angry,0.99
good pagi prendd lagi mau keluar gua bentar pak kabar,neutral,0.29
lihatnya saja sudah panas tetapi tidak apa apa semangat meski emosii,angry,0.97
ada kelas lagi nanti jam nanti kalau tidur takut kelupaan jamm,anxious,0.79
gemas kalau lihat kamu malu malu mau saya kekepin seharian,happy,0.07
dangdut enak,happy,0.11
malu oi,anxious,0.8
saya tidak ngestan sn tapi ikut sedih denise out dari grup semoga sukses terus ke depannya buat denise,sad,0.76
oh iya mau menambahkan lagi meskipun cara anaknya ambisius tapi dia anaknya tidak kaku dan galak justru cara itu orangnya ramai suka spam sticker tuyul dan tiktok jelek memang manusia tidak sempurna maka dari itu ketidaksempurnaan cara adalah humornya minus banget,happy,0.09
iya anjink ngakak sampai harus menampar diri sendiri terus kayak hidup kamu bego,angry,0.96
hari ini produktif dan suasana hati bagus hari ini pas perjalanan sendiri,happy,0.14
akhir akhir ini cemas terus dan kepikiran terus tadi pagi sama keluarga,anxious,0.8
ya ampun pagi pagi sudah bikin emosi lucu,angry,0.89
takut kalau hasilnya jelek banget asli di kantor sendiri,anxious,0.74
gue sudah menyusun jadwal dosen enak jadi pas di buka tinggal pilih kelas yang sudah gue catet,neutral,0.37
minum kopi pisgor pagi begini enak kali ya,happy,0.19
rasanya ingin marah terus padahal sudah coba santai waktu malam,angry,0.76
yang bikin makin sedih itu denise masih mengetik for my lockeys and member gue sudah berhenti menangis malah makin menangis,sad,0.53
kenapa kalau dengarkan lagu sendirian suka cepat banget bosan saya hshss,angry,0.87
kepikiran banyak hal sampai susah tidur agak random sih,anxious,0.9
meme tidak jelas tangganya ki step by step proses begitu harusnya masa random bego banget,angry,0.87
takut ada tommy shelby sama pak tony stark,anxious,0.79
grup b se takut itu ya allah,anxious,0.71
ketika ragu menghampiri ikuti kata hati beri pertanyaan rasakan jawaban terkadang kamu harus belajar untuk memercayai hati,neutral,0.26
sedih,sad,0.73
deg degan menunggu hasil pengumuman sih di rumah sendiri,anxious,0.98
sebab dia ekstra shot awak espresso shot dia sama banyak dengan americano sebab itu rasa pahit kalau tak biasa,neutral,0.33
khawatir sama kondisi sekarang sumpah bareng teman sama dia,anxious,0.8
maauu aku sudah sebulan sepi banget spes app prem,sad,0.76
buat bass ada kak raska kak raska ini dari dulu suka banget sama bass makanya pas ada rencana bikin band langsung deh dia gerak cepat buat ikut sebagai bassist,neutral,0.26
lepaskanlah hati dan pikiranku dari keterikatan yang menjadikanku mudah marah dan berkecil hati,angry,0.87
hari ini berat banget dijalani sih di rumah sama teman kantor,sad,0.73
kita sangat khawatir ada orang yang melihat dan mendengar maksiat yang kita lakukan di balik dinding sampai kita lupa bahwa ada allah maha melihat di mana pun kita berada dan malaikat nya yang selalu berada di sisi kita punya pena,neutral,0.38
huuh pasti ada dari mereka yang mau menjatuhkan sekian juta orang allah sayang sama kamu allah mau kamu istirahat dulu sekarang tidak apa apa nikmati saja rulesnya tidak boleh marah ataupun sedih semua pasti ada yang lebih indah dari ini,neutral,0.23
marah banget karena pekerjaan berantakan dan kepikiran terus bareng teman sama keluarga,angry,0.92
pagi yang normal dan sejuk,neutral,0.21
senyum sendiri pas ingat kejadian tadi serius di kampus sama dia,happy,0.09
takut kalau hasilnya jelek sih tadi pagi sama keluarga,anxious,0.92
ajarkan kepada anak lelaki anda menundukkan pandangan terhadap lawan jenis terlebih lagi saat sudah memiliki istri cukup lah istri saja karena poligami bukanlah hal yang mudah tidak boleh kdrt baik secara fisik verbal jangan memiliki pola pikir seperti orang di atas,neutral,0.39
pebenda lah orang penuh dengan emosi last episode time itu juga dia nak sumbat ppl,angry,0.94
merasa sendirian akhir akhir ini banget bareng teman sama dia,sad,0.6
dapat kabar baik dari keluarga tadi pagi lucu bareng teman sama dia,happy,0.12
enakk banget suka rasa kuah pedesnya apalagi kalau lagi emosi makan ini auto hilang emosi ku,happy,0.18
sudah sabar tapi masih dibohongi dan kepikiran terus bareng teman sama teman kantor,angry,0.76
gue kaget pc gue ternyata sudah termasuk yang on the way ke ina maybe untuk ukuran kolektor gue termasuk paling sedikit soalnya ini digabung sama pc grup lain cuma ya paling sekitar pc sih dari grup lain,neutral,0.38
sumpah ini receh banget dan not bts related cuma jujur gue magang padat banget dikasih proyek lumayan banyak terus kemarin ada senior gede presentasi begitu dan keeren banget menangis parah terus aku ingin chat blio ingin tanya meminta nomornya ke human resources departement dapat tetapi mau chat tidak jadi soalnya takut,anxious,0.8
senyum sendiri pas ingat kejadian tadi padahal sudah coba santai pas perjalanan,happy,0.17
khawatir sama kondisi sekarang dan kepikiran terus di rumah sama teman kantor,anxious,0.79
baru juga reda emosi nya sudah emosi lagi,angry,0.87
tetapi di dunia yang sekarang ini kayak nya malah jadi ancaman deh buat para cewek dan sekali lagi kalau ada cowok di luaran sana yang masih suka cat calling cewek kamu itu freak banget anjj,angry,0.9
kenapa pagi pagi begini sudah ada yang bikin emosi,angry,0.95
oke pertama tama ulangi kalimat enih cih kudaranai watashi bangun di dan belum menjadi character anime serta belum tinggal di isekai ck watashi sangat kecewa,neutral,0.22
kecewa banget sama hasilnya agak random sih tadi pagi,sad,0.6
biasa nya begitu kalau habis ke lock bakal balik kok,neutral,0.39
sorot matanya tidak bersinar seperti yang dulu ini terlihat sedih ya,sad,0.76
scorpio sekalinya sudah suka atau sayang sama orang tidak harus pacar teman pun berlaku semua bakal dia kasih tapi sekalinya orang itu ngecewain dia dia bakal ingat terus kesalahan itu dan dendam,neutral,0.22
lah lepa kata sup lagi best kat padang brown,neutral,0.27
kaget lagi ke toilet sudah banjir ternyata di langsung cek flow dan wah ternyata benarr akurat juga flow ya selama ini saya pikir saya haid selalu mundur atau kecepetan seminggu,anxious,0.87
sekarang sudah normal deng,neutral,0.4
malam ini kepikiran terus jadi sedih padahal sudah coba santai pas perjalanan sama dia,sad,0.8
ya di akan saja mana yang baik kalau saya sebagai masyarakt hanya bisa berdoa a bila ada kecurangan dan tidak adil semoga di hari akhir azab nya diksh sepediha nya dan dimasuki ke neraka jahanam walaupn kelak dia taubat amin,neutral,0.25
lelah sama keadaan sekarang tapi ya sudahlah di kampus sendiri,sad,0.76
orang itu bikin emosi banget agak random sih di kantor sama keluarga,angry,0.81
jangan apa kebanyakan diumbar melulu kalau tidak jadi malu gila,anxious,0.78
kecewa banget sama hasilnya sih tadi pagi,sad,0.75
saya baru bangun tidur dan semalam tidur cepat karena tidak enak badan batuk pilek tau bangun dengar denis bikin pengumuman kontrak sudah habis makin menambah sakit vine masih diam sampai sekarang tidak mengeluarkan pengumuman juga kah agensi anehsemoga baik saja,neutral,0.36
kenapa sih harus bikin masalah terus dari tadi kepikiran tadi pagi sama teman kantor,angry,0.76
semangat kyoo,happy,0.18
senang banget hari ini ketemu teman lama banget bareng teman,happy,0.22
kan tolol tidak baca berita yang terdahulu malah terlihat tololnya juga tidak baca rpjmn kamu kan juga tolol,angry,0.95
akhir minggu ini seru banget padahal sudah coba santai di rumah,happy,0.2
chaeng kaget tidak ya berasa di surga begitu tidak sih disamperin bidadari,neutral,0.37
dapat kabar baik dari keluarga tadi pagi dan kepikiran terus waktu malam sama keluarga,happy,0.11
bingung dan takut ambil keputusan lucu di kantor sama dia,anxious,0.86
hari ini berat banget dijalani hari ini di rumah sendiri,sad,0.7
memfilter orang orang yang toxic yang suka mengurus hidup orang parah banget ngerinya,anxious,0.76
semangat mboll saya support therapy kayak a blessing begitu buat hidup saya goblgoblhlblb by the way info tadi itu semua psikolog ya bukan psikiater okter sapa kj jadi tidak pakai medikasi begitu treatment nya kcuali diarahin ita meminta arahan terus cocok an memang jadi kalau belum cocok jangan menyerah mbol,happy,0.02
akhir akhir ini cemas terus lucu di kantor sama keluarga,anxious,0.74
hai sasa apa kabar jangan lupa sarapan ya minum air putih banyak banyak jaga kesehatan ya kalau keluar rumah jangan lupa pakai masker cuci tangan dan jangan lupa jaga jarak have a nice day semangat untuk hari ini,happy,0.01
aku sangat sedih karena membayangkan nasib anak cucu kita kelak mengalami kesengsaraan yang amat karena kekayaan alamnya habis sementara dampak bekas kerusakan eko sistem harus diperbaiki plus hutang yang melangit,sad,0.62
kata saya mimpi paling buruk itu mimpi jadi pembunuh sumpah saya sepanjang mimpi kayak cemas sendiri ini saya harus nyembunyiin mayatnya di mana terus saya harus buat script apa sedih takut menyesal panik jadi satu anjirlah stressful mampus,anxious,0.79
alamat palsu apa harapan palsu,neutral,0.27
orang itu bikin emosi banget tapi ya sudahlah di kampus sama teman kantor,angry,0.72
rasanya ingin marah terus tapi ya sudahlah di kampus sendiri,angry,0.83
malah takut tidak sih,anxious,0.71
kesal banget hari ini dari tadi kepikiran sama dia,angry,0.81
hidup di negara isinya kenthu doang bangsat,angry,0.9
kehilangan semangat buat kenapa apa waktu malam,sad,0.69
hai guys maaf ya dadakan aku meminta maaf banget sama kalian kalau aku punya salah selama ini maaf banget kalau aku suka bandel tidak ikut nakal dan lain sebagainya sebenarnya aku menulis ini cuma kurang kerjaan ya guys,neutral,0.38
seronok plus takut ada juga natural killer tengok sejauh mana kebolehan diri bismillah,anxious,0.74
tapi keselnya sih ya itu ada pertanyaan dari base yang mewakili saya banget tapi kok sepi banget saya sudah menunggu padal,angry,0.96
di rumah sepi karena lagi pada pergi tanpa diriku,sad,0.63
dulu benci banget sama picknava eh malah dimanja terus tiap bulan,neutral,0.28
takut disomasi sama klien,anxious,0.82
deg degan menunggu hasil pengumuman jujur saja tadi pagi sama dia,anxious,0.71
senyum sendiri pas ingat kejadian tadi jujur saja bareng teman sama teman kantor,happy,0.14
agama harusnya bebas dari urusan yang buka urusan agama tetapi para pemain barisan sakit hati ini tetap memaksakan segala cara termasuk melibatkan seolah olah urusan agama saja pantas saja dulu dipecat jokowi karena tidak ada yang beres rupanya karena cuma bisa nyinyir tetapi kerja,neutral,0.38
kata kasar harsh word bismillah anjing babi bajingan celek jancuk kontol monyet tahi anjing ngentot goblok tolol asu astaghfirullahalazim maaf,angry,0.88
twit gue mulai tidak jelas nih sepertinya mulai sedih marah kesal nyinyir lambe lebih bukan kind human lagi oke let si go ke pak ayi aku mengobati mental ku dulu gais,angry,0.93
iya p santai,neutral,0.35
lelah menghadapi orang yang egois sih tadi pagi sama teman kantor,angry,0.74
tidak jadi sedih tolong inimah bikin semangat mengerjakan skripsi,happy,0.14
vitamin susu makanan yang enak,neutral,0.33
kenapa ya saya sering banget punya pikiran yang kontras kalau lagi sedih lucu gue saya selalu menyalahkan orang kalau saya sedih tapi pas sudah tidak sedih i feel like i wantto cherish them,neutral,0.34
sedih bggt,sad,0.6
aku tau ini telat tapi welcome dear waa senang banget dengarnya kalau kamu suka maafkan ini authornya lagi bingung sama cerita sendiri gara gara chapter baru tokrev jadi menunggu lama doakan semoga ada hidayah ya anyway terima kasih kamu for reading,happy,0.02
semangat jangan menangis eiya air mata kamu lebih berharga dari apa iya saya juga tak tau tapi saya juga sedih sih mana tidak bisa ngedadahin,sad,0.62
takut gagal di presentasi besok padahal sudah coba santai sendiri,anxious,0.77
takut banget ini orang sebelah gue,anxious,0.71
kala brown keong cup cocok banget nih buat kalian yang suka barang cantik dan unik,happy,0.19
paddy mcnair luar biasa kami memulai babak pertama dengan sangat lambat tetapi kami pantas menang secara keseluruhan mereka tidak memanfaatkan peluang mereka dan itu memberi kami dorongan kami berada dalam performa yang sangat bagus,neutral,0.32
luffy selain bodoh kamu juga pengecut aku tidak menyukaimu,angry,0.87
selama perintah suami tidak melanggar syariat hormat tapi tidak tolol makanya islam buat orang yang mau berpikir,angry,0.91
pejabat kaget itu budaya kumpulan orang bego bermain drama prestasi menjilat korupnya tidak kira,angry,0.86
mornin pagi pagi ada kabar bahagia,happy,0.1
takut gagal di presentasi besok banget di rumah sama teman kantor,anxious,0.85
khawatir sama kondisi sekarang padahal sudah coba santai bareng teman,anxious,0.85
eh denise gue baru bangun tidur dapat kabar kayak begini apapun yang terbaik deh buat denise,neutral,0.25
ya itu binghe memangnya siapa lagi kakak aku tak tau siapa ya buat kamu sapa lagi coba mutualku kalau mau kasih teman juga tidak mungkin mereka lebih suka dikasih boba daripada gambaran ku lucu,happy,0.14
diann ayangg uee semangat belajarnya sayaangg jaga kesehatan ya,happy,0.19
nonton sis masih on pergi emosi mulu ya sekarang nntonnya sudahlah ikuti saja,angry,0.96
karena dia punya keinginan niatan kuat iya kan dia ingin balas dendam ke cheong san,neutral,0.34
tapi saya takut awkard,anxious,0.81
sedih,sad,0.77
emosi lihat komentar orang tadi sumpah tadi pagi sama keluarga,angry,0.84
masih susah pindah on dari kejadian itu dan kepikiran terus di kantor,sad,0.59
sehat selalu panjang umur amin,happy,0.18
sebab aduu tegang begitu iya lucu,happy,0.06
kenapa sih harus bikin masalah terus dan kepikiran terus sendiri,angry,0.77
kalau pasangannya tau bakal marah tidak ya,angry,0.96
happy birthday semoga tidak sedih dihari ulang tahun nya malah gagal penati,happy,0.15
sudah biasa banget akhir dari sebuah kesabaran itu air mata maksudnya orang yang kebanyakan sabar ujung nya pasti menangis,neutral,0.38
malu banget tadi menangis dipergokin ibu,anxious,0.74
haalooww bocah cilik sunuu selamat hari sabtuu selamat akhir pekan jangan lupa senyum dan bahagia selalu hari ini jangan lupa sarapan terus minum air putih yang banyak biar kuat have a wonderful day todayy,happy,0.09
bingung dan takut ambil keputusan tapi ya sudahlah bareng teman sama dia,anxious,0.73
gm zamm selamat banyak betul lah tembak tak kena semalam lucu badape lucu wkwk,happy,0.17
makan favorit hari ini bikin bahagia hari ini waktu malam sama teman kantor,happy,0.07
ini maksudnya malu shy apa malu palu sih yang jelas dong,angry,0.87
takut sekarang di kantor ada sisi televisi yang bisa berbicara,anxious,0.71
ini other hand belum berani menonton aku kira kamu rumah meskipun suka banget lagu dan musikalnya karena selain omicron juga takut mental health jadi bagian dari plot saja,anxious,0.7
selamat pagi juga pak suryo salam sehat penuh semangat,happy,0.14
takut kalau hasilnya jelek sumpah pas perjalanan sama keluarga,anxious,0.77
emosi lihat komentar orang tadi jujur saja di rumah sama keluarga,angry,0.9
pernah dijelasin memang takut sih vi tetapi ingin tahu banget lucu,anxious,0.7
ruhut kader terbaik dalam hal menjilat bego di pelihara tidak punya urat malu,angry,0.98
hari ini produktif dan suasana hati bagus padahal sudah coba santai di kampus sama keluarga,happy,0.12
terbunuh sepi bukan lagu boyband tapi dibawain mereka jadi keren banget dengan harmonisasi yang wowow bikin mrinding di sini benar menunjukkan kualitas vokal mereka sih,sad,0.56
lelah menghadapi orang yang egois serius sama dia,angry,0.9
kasih sangsi sosial saja,neutral,0.24
ke jurang saja,neutral,0.22
sedih banget jadi luvies miskin tidak bisa bela member langsung di saat kayak begini,sad,0.69
i made itu akhirnya minggu berat kemarin terlewati dan puas banget sama hasilnya minggu depan lebih berat tetapi setelahnya libur yuk bisa yuk,happy,0.08
the day seleksi daerah kompetisi matematika hai hai para pejuang komet ke hari ini banget lah yang ditunggu tunggu telah tiba semangat untuk peserta seleksi daerah kompetisi matematika ke,happy,0.01
kalau gugup itu rasa nya kayak sudah mau mati gra tidak bisa nafas,anxious,0.89
manjakan mata biar puas,happy,0.05
akhirnya tugas selesai juga lega banget padahal sudah coba santai tadi pagi sama keluarga,happy,0.07
mana pulangnya kan malam ya eh jalannya tiba tiba sepi tidak ada lampu jalan agak bagaimana begitu,anxious,0.72
takut kalau hasilnya jelek tapi ya sudahlah sendiri,anxious,0.86
dulu saat gus dur dijatuhkan bukan tidak sedikit yang mencintai dia tapi dia pergi dari istana dengan kondisi serendah mungkin agar yang mencintai dia tidak marah pada yang menjatuhkannya,neutral,0.28
kenapa sih harus bikin masalah terus sumpah di rumah sama teman kantor,angry,0.91
bagaimana ya rasanya hidup saya tidak bergairah saya tinggal dengan orang yang saya gkd rasa tapi saya menggantungkan ekonomi sama dia meski dia pas an dan orang yang saya suka di rupiah bokek terus bego dan pengkhianat entah rasa saya masih ada apa tidak saya juga tidak berharap ketemu yang lebih menarik tidak mungkin,sad,0.78
lucu wkwk iya benar emosi kalau lihat nino dibanding irvan lucu dengan ketidak tahu diri dan magadirnya itu buat gedek,angry,0.9
iya bestie tetapi saya kaya orang bego kalau online ini karena banyak yang positif soalnya,angry,0.96
tidak biasanya subuh nlpon dengan semangat bilang semua pegawai dikantornya hari ini wajib di pacar swab saya yang dengarnya spontan jawab semoga semua masuk sorga auto menyolot maki gue anti rezim dan labeli kadrun cebongmah memang begitu kayak pentol korek digosok langsung marah,angry,0.95
ini pasti tipe buyers yang ribet aku tidak kasih proof kok bilang aneh lagian setiap seller punya si ke sendiri kali kalau tidak suka adalah tinggal skip ribet banget bikin kesal dulu,angry,1.0
seperti tenaga kerja indonesia yang kaget dengan germerlap kota kuala lumpur,neutral,0.35
anxious banget sebelum meeting tadi dan kepikiran terus pas perjalanan sama keluarga,anxious,0.79
maksudnya apa ya orang ke begini sengaja atau memang bego presidennya anjing,angry,0.94
kaget banget tiba tiba jamet,anxious,0.73
iyalah ci aku yakin pas aku ribut sama akun saja dia ada direct message mengakui mantanku terus tujuannya apa coba kalau tidak jualan cerita palsu dia babikk benar orang itu dan laporan buat sih sudah tak pergi tak suruh dia buka direct message nya dulu yang mengakui mantanku kesal,angry,0.91
tidak biasa banget akhir pekan padahal suami bangun pagi jogging menawari aku mau makan apa dan langsung dibelikan lanjut sarapan bareng kesambet apa dia,anxious,0.77
deg degan menunggu hasil pengumuman pas perjalanan sendiri,anxious,0.71
rasanya sedih banget akhir akhir ini padahal sudah coba santai pas perjalanan,sad,0.71
begitu juga tidak masalah sembuh sendiri kah sama sekali didiamkan dan dibawa untuk aktivitas biasa hati hati nanti bisa radang akhir pekan ayuning sudah ada rencana apa,neutral,0.38
ya allah marah betul tengok video nih,angry,0.9
dapat kabar baik dari keluarga tadi pagi sumpah pas perjalanan sama keluarga,happy,0.17
fh aku open nih no fee no target kalau mau nanti direct message saja,neutral,0.23
rasanya ingin marah terus serius bareng teman sama teman kantor,angry,0.69
hari ini produktif dan suasana hati bagus hari ini tadi pagi sama keluarga,happy,0.15
itulah pukimak nya cebong sudah dia yang di bodohin teteep juga bilang orang yang bodoh kepala botak kau lah ceby,angry,0.97
bingung dan takut ambil keputusan serius pas perjalanan sama keluarga,anxious,0.9
kesal banget sama orang yang tidak tepat waktu lucu di kampus sendiri,angry,0.94
terima kasih buat pemilik akun cantik sudah selalu hadir mampir singgah di saat sedih di saat letih di saat suka dan gembira,happy,0.08
akhir akhir ini cemas terus banget asli sama teman kantor,anxious,0.79
lucu banget jisuung twibinyaa happiest birthday sayangku wishing kamu anything but only the best one ini your life jangan lupa mam yang enak ya hari ini,happy,0.18
rasanya kosong saja hari ini sih bareng teman,sad,0.55
kesal banget hari ini dari tadi kepikiran waktu malam,angry,0.93
kasihan dan ikut sedih cari aman tanpa foto tanpa unggah dan lainnya kalau tidak jangan di dunia homo,sad,0.58
diet paling enak disukai semua orang turun bb cepat orderwa bahan bakar minyak di coba a,neutral,0.27
tbl tbl tadi di cek darah akunya lagi degdegan takut hasil nya suruh transfusi tolong tolong semoga langsung operasi malam ini,anxious,0.74
malam ini kepikiran terus jadi sedih jujur saja di rumah sama dia,sad,0.55
sedih dijual semua,sad,0.77
mengakui saja lah bego mengajak tidak nder yang menganggap adik cuma anak kecil kamu doang,angry,0.93
ikutan sedih,sad,0.58
pengabdian yang terpuji meskipun terlihat biasa,neutral,0.34
aku suka kepipinan muda yang diisi oleh orang muda tetapi sayang kenapa join ph,sad,0.79
lelah sama keadaan sekarang hari ini waktu malam sama keluarga,sad,0.58
kamu semisal tak antem batu begitu marah tidak,neutral,0.24
sesungguhnya ada dua hal pada dirimu yang dicintai oleh allah yaitu sikap lemah lembut dan tidak mudah marah hari muslim,neutral,0.25
senang banget hari ini ketemu teman lama serius tadi pagi sama keluarga,happy,0.14
aku tau ini pasti terdengar tidak nyaman tapi ya bagaimana kalau sop nya memang begitu tapi aku kalau dipanggil ibu suka kaget dan ekspresinya kelihatan begitu jadi dipanggilnya mbak tidak apa apa tidak apa apa kamu harus terbiasa,neutral,0.37
semangat ya tim jangan lupa doa dulu setiap sebelum tanding kalian yang tanding saya yang takut ini soalnya pokoknya semangat terus jangan merasa terbebani ok enjoy your match,happy,0.03
sudah semua nder dan aku suka semuanyatp tidak tau kenapa yang bebas laktosa lebih enak dari pada yang full cream,neutral,0.26
akhir nya fandom tidak jadi malu,neutral,0.2
diaku tidak banget jerawat makin meradang sampai sekarang on off mulu sedih banget aku,sad,0.72
hari ini berat banget dijalani sumpah di rumah sama dia,sad,0.77
yakaann sedih tidak sih padahal ingin pakai juga karena lucu gemass,sad,0.68
malam ini kepikiran terus jadi sedih lucu di kampus sendiri,sad,0.66
khawatir sama kondisi sekarang lucu di rumah sama keluarga,anxious,0.82
sabtu rasanya memang kayak akhir pekan tetapi tidak bisa santai ya ingat tagihan menanti,neutral,0.2
marah banget karena pekerjaan berantakan sumpah bareng teman,angry,0.72
kehilangan semangat buat kenapa apa pas perjalanan sama keluarga,sad,0.71
dan hebatnya titik mematahkan semangat berada di keluarga sendiri,happy,0.14
tetangga yang saya anggap dekat banget karena baik ke bangetan dan royal banget eh taunya dpo investasi bodong hampir sama bangkai jadi takut soalnya banyak orang datang terus direct message saya mencari info bikin males anjir,angry,0.92
senang banget hari ini ketemu teman lama banget asli waktu malam sendiri,happy,0.18
pagi sudah dibuat jengkel heran,angry,0.93
masih susah pindah on dari kejadian itu sumpah tadi pagi sama keluarga,sad,0.77
apa aku coba gambling seperti biasa ya ngetest napas lagi lucu,neutral,0.37
rasanya sedih banget akhir akhir ini banget tadi pagi sendiri,sad,0.6
a lucu betuls takut kayak yang waktu kemarin sudah percaya diri salah nah yang sekarang benar,anxious,0.87
kepikiran banyak hal sampai susah tidur banget di kampus sama dia,anxious,0.83
lama tidak ada kabar,neutral,0.35
umurku sekarang sama kayak kamu nder dan dekat sama cowok terakhir itu tahun lalu kayaknya sekarang tidak pernah ada yang dekati lagi lucu paling sedih dikata perawan tua,sad,0.59
hari ini produktif dan suasana hati bagus tapi ya sudahlah bareng teman sama keluarga,happy,0.21
rasanya sedih banget akhir akhir ini serius,sad,0.62
akun baru sepi amat,sad,0.69
akhir minggu ini seru banget banget asli di kantor sendiri,happy,0.09
jangan deh kalau balikan nanti takut muncul perang dunia lagi,anxious,0.86
coba dilihat lagi alasan dia sedih kenapa biar tidak menyesal nantinya,neutral,0.39
aslinya aku orang yang jarang banget menelpon orang tua kalau lagi jauh tetapi belakangan ini ingin dengar suara mereka terus walaupun mewek kalau lagi telfon tetapi sedikit bikin tenang sehabis selesai telfon cemas lagi,anxious,0.9
akhir akhir ini cemas terus banget asli bareng teman sama teman kantor,anxious,0.96
antara senang sama sedih senang nya dapat skin harga jutaan rupiah sedihnya tidak dapat skin yang dipengen ya allah bukan hamba tidak bersyukur tetapi hoki seumur hidupnya kok mode on sih,neutral,0.31
anjing saja min aku sudah mau sedih sialan kamu ngetiknya kayak lagi mati saja tidak jelas kamu ji sudah lah lagi tidak usah di kasih jatah bulan saja,angry,0.9
bingung dan takut ambil keputusan padahal sudah coba santai,anxious,0.91
kepikiran banyak hal sampai susah tidur dan kepikiran terus di kantor sama keluarga,anxious,0.89
loka open verifikasi dijamin amanah trusted juga mastip maret ramah kok pren tidak galak jangan ragu langsung direct message wa di bionya ya yang mau verifikasi lainnya juga bisa fast respon,neutral,0.28
enak banget,happy,0.05
no jangan begini ku malu bbt sama masa lalu ku sedih soalnya kalau diinget,sad,0.6
takut dewasa,anxious,0.7
rasanya kosong saja hari ini tapi ya sudahlah di kampus sama dia,sad,0.73
takut ah sebegitunya cari perhatian sampai jelek ini orang lain biar dipandang oke,anxious,0.87
pedri atletico mereka akan keluar untuk menekan seperti biasa dan mencuri bola dari lapangan lawan mereka memberikan banyak intensitas dalam permainan kami berharap untuk menguasai bola dan memainkan permainan kami,neutral,0.31
takut dan dag dig dug bacanya tetapi bermanfaat banget,anxious,0.77
anjing saya kan memakai dan puasa gelar kenapa pada bilang semangat puasa bikin sakit hati saja,angry,0.92
takut kalau hasilnya jelek tapi ya sudahlah tadi pagi sama teman kantor,anxious,0.97
jangan begitu menambah sedih nih,sad,0.5
tak perlu bersusah payah untuk membalas dendam cukup maafkan setiap kesalahan karena memaafkan adalah pembalasan yang terbaik,neutral,0.25
dapatkan buku pesan di chat dan temukan kesayanganmu di toko daring kami di shopee tokopedia,neutral,0.3
khawatir sama kondisi sekarang sih waktu malam sama dia,anxious,0.89
cemas memikirkan masa depan agak random sih pas perjalanan,anxious,0.97
rasanya gugup terus hari ini agak random sih bareng teman sama keluarga,anxious,0.71
rasanya gugup terus hari ini sumpah sama keluarga,anxious,0.8
senyum sendiri pas ingat kejadian tadi sih di rumah sama keluarga,happy,0.12
salah dap jadi tidak suka,happy,0.16
senyum sendiri pas ingat kejadian tadi jujur saja sendiri,happy,0.16
kalau sudah dekat hari ulang tahun bawaannya makin panik makin cemas,anxious,0.89
rasanya kosong saja hari ini tapi ya sudahlah tadi pagi,sad,0.56
pagi saya sudah di sambut tangis bunda,sad,0.75
cemas memikirkan masa depan banget asli di rumah,anxious,0.84
perghh santai betul favorit breakfast food kamu di,neutral,0.21
kemarin menangis kangen jimin sekarang dapat kabar dia sembuh puji tuhan banget,happy,0.1
masih susah pindah on dari kejadian itu banget tadi pagi sama teman kantor,sad,0.8
kamu sedih tidak saya sih iya,sad,0.53
mari tahun semua bangsa ini pilih partai keadilan sejahtera agar negara indonesia bisa seperti syiria irak yaman iran afganisthan karena sebagai bagus indonesia bosan kan kalau adem ayem saja kan bahagia kalau lagi bercinta sebelah kita bom meledak terus ada yang jual anak gadis kita bisa beli idiot,angry,0.93
orang itu bikin emosi banget serius,angry,0.81
rasanya ingin marah terus agak random sih waktu malam,angry,0.94
tidak suka banget orang sembarangan naik ke kasur aku pas keringetan atau kakinya tidak dibersihin dulu padahal habis dari luar terus berpasir naikan kaki seenaknya badan lengket sama keringet kamar aku apek kan jdinya aku mesti bersihkan ulang dilarang ke kamar dibilangnya rahasia an,angry,0.93
sudah dong sekarang akunku aman banget tapi kadang masih suka takut kalau mentwit tiba tiba tidak bisa kekirim sih tapi kayaknya itu mah sinyal anyway semangat untuk hari ini,happy,0.06
takut gagal di presentasi besok dari tadi kepikiran di rumah sama teman kantor,anxious,0.85
bego banget kenapa memaksa ya,angry,0.91
kenapa sih harus bikin masalah terus padahal sudah coba santai di kampus sama teman kantor,angry,0.76
lucu gue malu banget anjing bilang kangen kangen tapi tidak ada yang peduli,anxious,0.71
merasa sendirian akhir akhir ini dan kepikiran terus di kampus,sad,0.77
sudah sabar tapi masih dibohongi jujur saja pas perjalanan sama dia,angry,0.71
yang bawah raja palsu bikin eksmosi,angry,0.94
alhamdulillah set lagi pagi ini dengan nafas ngos ngossan sebab kata adinda melawan sih umi harus dengan olah raga istirahat cukup dan makan enak ya kan,neutral,0.34
sudah sabar tapi masih dibohongi di kantor sama keluarga,angry,0.82
ayo semangat,happy,0.0
pernah pas berbicara sama dua kali aku bilang teman ku suka sama exo ke nayeon goblok banget anjing exo adalah ke grup exo ya bukan ke dua kali mana nayeon mangut mangut kayak bangga,angry,0.95
biasa dia yang belikan makanan sekarang tidak ada siapapun,neutral,0.29
ah alibi siamah bebeja weh tau bisa menahan sange embung coli jadi weh predator emosi pagi pagi,angry,0.88
ini sebenarnya pak richi ada rasa sama ibel tapi takut,anxious,0.77
anxious banget sebelum meeting tadi lucu bareng teman sama dia,anxious,0.79
semoga bisa tercapai ya kak semangat untuk temannya,happy,0.02
takut kalau hasilnya jelek hari ini bareng teman sama dia,anxious,0.92
aku cuma ingin istirahat sebentar waktu malam sama keluarga,sad,0.83
rasanya ingin marah terus sumpah sendiri,angry,0.75
sebenarnya sederhana saja untuk bisa langsung pada suatu kesimpulan manusia dilahirkan dalam keadaan fitrah suci orang tua nya lah yang akan menentukan warna kehidupan sih anak kedepannya jika orang tua merawat anaknya berdasarkan buku petunjuk kitap suci maka anak akan cenderung baik,neutral,0.28
barusan lihat tren denise katanya keluar dari sn ya ampun sedih banget baru bangun baca beginian,sad,0.6
langit tau banyak yang lagi sedih makanya turun,sad,0.62
merasa sendirian akhir akhir ini di kantor sama keluarga,sad,0.68
enak tidur saja,neutral,0.21
iya amin coba terus saja kalau tidak begitu nanti maleman biasanya bisa soalnya yang akses tidak banyak jangan panik okeyy,neutral,0.34
shade cushion memakai over lebih cocok yang mana ya kalau warm ivory keterangan tidak aku baru pertama kali mau beli bingung memilih shade takut salah,anxious,0.81
realita mengagakan tidak anak moeda kita turuti saja,neutral,0.24
hal yang paling saya benci dari sebuah proses adalah menunggu dan lebih menyakitkan adalah menunggu hasil di kala badan masih belum membaik lelah banget tiap hari harus bergantung sama ibuprofen dan obat obat lainnya biar sakitnya berkurang,angry,0.95
khawatir sama kondisi sekarang sih pas perjalanan sendiri,anxious,0.73
saya tidak sakit atau sedih gara foto itu sih gue percaya sama bawa siapa pun kapal mereka di series mereka akan always together cuma saya sedih gara komen yang ngedrag gue sama membandingkan momen bawa sama kapal sebelah yang jelas bedahnya itu jauh banget dan tidak sama,sad,0.52
lucu wkwk mana uah mau end kan memang sih adnan suka banget bikin kita kepikiran lucu gue,happy,0.15
bentar lagi ya riin kalau rumah sepi langsung pergi,neutral,0.28
di tempat biasa,neutral,0.28
kenapa sih harus bikin masalah terus dan kepikiran terus waktu malam sendiri,angry,0.84
sudah bodoh sudah relax nanti sendiri sakit,angry,0.99
enak banget aku kayaknya maret sudah ujian tengah semester tbl tbl,happy,0.14
takut kalau hasilnya jelek dan kepikiran terus tadi pagi sendiri,anxious,0.87
semangat nge tidak,neutral,0.28
sampai selama rezim berkuasa baju merah super kebal hukum apa kabar koruptor berbaju merah bansos,neutral,0.34
keluarga gregory diberkati dengan anak yang luar biasa samidare adalah anak yang cepat tanggap dalam pelajaran sihir membuat kedua orang tuanya berharap terlalu besar agar anaknya kelak akan menjadi penyihir hebat,neutral,0.36
masih susah pindah on dari kejadian itu banget sama teman kantor,sad,0.63
akhir akhir ini cemas terus jujur saja tadi pagi,anxious,0.8
geram banget sama pelayanan tadi agak random sih pas perjalanan sama dia,angry,0.86
ya allah sampai tidak ekskul gara gara tidak dibangunkan sedih,sad,0.71
tidak berani mengucapkan happy birthday ke cowok yang saya suka anjing kalau saya pikir pikir sekarang kayak dulu saya bego banget anjing padahal itu kesempatan emass,anxious,0.74
diberi keistimewaan malah memalukan apa kabar komisaris ahok cc,neutral,0.3
senyum sendiri pas ingat kejadian tadi dan kepikiran terus waktu malam sama dia,happy,0.29
jangan memancing emosi pagi pagi,angry,0.89
serius saya kangen banget lucu gue sampai menangis kadang kepikiran tapi sekarang saya lagi benci banget sama itu agensi sadar tidak sih kalau kamu diam saja nih idol kamu yang kena imbasnya percuma diam buat redain masalah pastinya di sepanjang karir jake nih masalah bakal di ungkit,angry,0.89
rasanya kosong saja hari ini sih di kantor,sad,0.81
kita ikuti saja wan abud mentok sampai dimana,neutral,0.26
terima kasih ya sudah bikin hariku lebih baik hari ini pas perjalanan sama dia,happy,0.17
huaa bagus aunya aku suka simple lucu sedih ada semua tidak apa apa tidak dapat maliknata jadian lucu,happy,0.12
kehilangan semangat buat kenapa apa waktu malam sama dia,sad,0.63
kecewa rage wi,sad,0.78
sepi banget busyet lucu,happy,0.17
marah banget karena pekerjaan berantakan banget di kantor,angry,0.76
kamu luarnya kalau ada mbak as kebersihannya enak jadi ada yang bersihkan tiap minggunya ya karena bareng jadi kurang privasi saja kamu dalamnya privasi terjaga kalau malam tidak usah keluar kamar kalau kamarnya kecil jadi lembab rawan binatang kecil bau huhu kalau tidak rajin bersihkan ya,anxious,0.86
satu keluarga suka kucing tapi ada orang yaitu nenekku yang benci banget sama kucing kalau ketahuan main kucing pasti diomelin diperingatkan toxo penyakit terus bulu menempel kesal banget apaan sih,angry,0.95
sangat tolol bahan bakar minyak langka beras mahal cuma sarapan jagung dan ubi sebelum berangkat sekolah itu sekitar sampai,angry,0.93
selamat pagi mots karena lagi tidak enak badan makannya beginian semangat,happy,0.12
lagunyaa monyet sedih banget,sad,0.56
iya sedih banget padahal aku suka dia banget di sn,sad,0.67
amin allahumma amin doa yang sama buat emak ya sehat bahagia selalu ya emak,happy,0.04
grub b takut kali,anxious,0.82
anxious banget sebelum meeting tadi di kampus sama teman kantor,anxious,0.77
takut kalau hasilnya jelek banget bareng teman sendiri,anxious,0.84
bangsat tribute no bencana no mau mengalahkan ini sepertinya,angry,0.97
sedih banget pagi pagi lihat saldo ada rebu,sad,0.62
khawatir sama kondisi sekarang hari ini sama keluarga,anxious,0.89
takut kalau hasilnya jelek padahal sudah coba santai bareng teman sendiri,anxious,0.71
cemas memikirkan masa depan dan kepikiran terus di rumah sendiri,anxious,0.74
moj yukks boleh off r sesuai budg t saja,neutral,0.38
akibat fauzan terlalu kecewa dengan sang ayah yang memaksanya untuk mengikuti jejaknya menjadi seorang akuntan itu bukan mimpinya sama sekali dirinya tak memiliki bakat di sana,neutral,0.35
semoga hasilnya negatif ya kak sha semangat,happy,0.03
ayah melarang anak istri menunjukkan rasa jengkel also ayah kalau jengkel nada mengomongnya ketus banting pintu menaruh barang kasar,angry,0.94
tidak apa apa nak gala ibu tahu kamu di jakarta pasti punya banyak urusan a saya menunduk meratapi bagaimana seharusnya saya bertindak alih alih dua hari lalu saya justru tidak bertukar kabar dengan embun,neutral,0.38
khawatir sama kondisi sekarang agak random sih bareng teman sama dia,anxious,0.93
sama sedih berarti jodoh,neutral,0.28
tolong panik ini melanda lagi,anxious,0.83
karena saya bego,sad,0.73
akhir akhir ini cemas terus tapi ya sudahlah di kampus sama teman kantor,anxious,0.88
senang banget hari ini ketemu teman lama sih waktu malam sama keluarga,happy,0.12
jadi takut lucu,anxious,0.87
guys kalian harus menonton mpua army sumpah gemas bngttkontennya itu mencoba eksperimen hng ada di tt atau video eksperimen buat sesuatu begitu kalau wksperimennya bohong atau tidak berhasil pasti dia langsung meong kayak marah begitu terus kabur,happy,0.05
geram banget sama pelayanan tadi sumpah di kampus sendiri,angry,0.82
merasa sendirian akhir akhir ini jujur saja bareng teman sama dia,sad,0.79
masih susah pindah on dari kejadian itu dari tadi kepikiran di kantor sendiri,sad,0.8
lah kenapa jadi bawa susilo bambang yudhoyono bro pada hakikatnya sah saja apabila ada orang yang muji maupun benci asal alasannya konkret dan tidak munafik berbicara apa memberi gambar apa jaka sembung bawa kembang tidak menyambung sayang,angry,0.97
orang itu bikin emosi banget sumpah di kampus sama teman kantor,angry,0.7
monggo yang butuh tempat untuk santai bersama kawan dan saudara warung makan buka mulai pukul lo jangan sampai kehabisan masakan ayamnya yang lezat di laburi dengan sambal bawang yang lezaat,neutral,0.26
akhirnya lolos interview kerja,happy,0.05
rasanya kosong saja hari ini padahal sudah coba santai di kantor sama keluarga,sad,0.71
baru saja mengirim video,neutral,0.36
biasa nya jam sgini sudah auto bid,neutral,0.4
anjing nih episode sedih banget bangsat saya menangis sampai hidung mampat,sad,0.69
stop saja sudah stop yang sini tiap hari mandinya pakai air juga biasa saja,neutral,0.33
bukan lockey tapi ikutan sedih lihat denise keluar dari sn dan tidak perpanjang kontrak sama agensi terus memberi ini buat fannya,sad,0.66
marahku tak ku jual murah aku marah padamu lalu ditanyai siapa yang menyakitiku entah makhluk langka apa yang berhasil menyakitiku cinta,neutral,0.33
percaya saja supaya yang bohong senang,neutral,0.31
takut kemalingan,anxious,0.86
wta kalau begini bagaimana biar kayak normal lagi uang,neutral,0.27
rasanya kosong saja hari ini sih waktu malam,sad,0.59
semangat ya dirimu tak takut tetap berjuang,happy,0.09
iya semangat sabtuu,happy,0.08
cuma karena kyohei tidak banyak disorot di truth ada yang tidak mau beli dvdnya lucu aku paham dia kecewa aku pun kemarin sampai mencari mencari keberadaan kyohei tapi kan isi dvd katakon tidak cuma truth doang bambang di spl misalnya kyohei banyak disorot kok,neutral,0.27
oh pahamm agak kaget iya bunda,anxious,0.73
senyum sendiri pas ingat kejadian tadi serius di kampus sendiri,happy,0.29
takut kalau hasilnya jelek serius di kampus,anxious,0.84
pusing banget tapi suka sedih jadinya ya tidak kesampaian,sad,0.59
dilihat jaehyun kalau dekat jungwoo itu bawaannya tertawa bahagia terus jungwoo lagi diam saja tiba jaehyun bisa mencubit pipinya atau nepokin pantatnya jungwoo,happy,0.16
masih pagi saya sudah emosi,angry,0.95
bagaimana bisa memahami kalau hanya hafal saja sedang yang menerjemahkan orang lain yang belum tentu benar,neutral,0.4
semangat biyaa,happy,0.05
kakak kesal banget anjing dia sudah di bandaraa gift saya belum siap ya allah sedih banget saya sudah gbsa nepatin janji buat meet up dari desember terus hari ini gbsa mengantar dia ke bandara memberi gift juga tidak,angry,0.94
kesal banget sama orang yang tidak tepat waktu serius pas perjalanan sama keluarga,angry,0.87
terima kasih ya sudah bikin hariku lebih baik sumpah di kantor,happy,0.26
mjb itu janji jiwa nya biar sudah dua hari masih enak rasanya tidak basi,anxious,0.71
kenapa natural killer dengar cakap orang commitment kamu di orang settle kan ke i tanya je kalau natural killer puas hati manusia memang tak kamu sebab manusia sifat dia tak pernah puas,happy,0.18
sekuat kuatnya orang yang selalu riang tertawa dan bahagia setiap harinya kalau sudah sendiri kadang suka sedih dan netesin air mata,sad,0.75
kurang tolol apalagi coba nih agama tuhannya tidak memberi hukum cerai malah yang nikah lagi dianggap zinah dan gobloknya masih ada saja yang mau jadi kristen memang sih setolol tololnya monyet saja tidak menyembah sesama monyet lah ini manusia dikasih akal kok menyembah sesama manusia,angry,0.94
yang enak ya,neutral,0.23
hari ini produktif dan suasana hati bagus lucu di rumah sendiri,happy,0.08
ada dua pengaruh rasa sakit rasa sakit yang membuatmu kecewa dan rasa sakit yang mengubah dirimu,neutral,0.3
anxious banget sebelum meeting tadi banget sama dia,anxious,0.8
kok sepi rep nya tidak kayak pas masa masa penjilat,neutral,0.28
semoga hari ini ada kabar baik,neutral,0.33
geram banget sama pelayanan tadi sih di rumah sendiri,angry,0.75
gue kalau mimpi mengomongnya pakai b ing atau lainnya selain indonesia pas bangun suka lelah banget kepala pusing apa banget sudah,sad,0.57
jadi kalau banjir macet polusi jangan menyalahkan gubernur lagi ya kak mau kim jong ujian nasional jadi gubernur ya tetap begitu jadi salahkan saja dirimu sendiri kenapa masih mau tinggal di jakarta salahkan saja tuhan kenapa menciptakan anda,neutral,0.4
allahumma sholli ala sayyidina muhammad semoga hari ini penuh keberkahan untuk kita semua pekerjaan dan diperlancar rezekinya semangat pagi,happy,0.19
takut ya canda nya,anxious,0.71
oke jangan berlebihan sewajarnya saja,neutral,0.29
ingin cuddle tapi malu aku karena takut kalau tidur ngorok,anxious,0.75
jinjin rocky tidak bisa minum tidak apa apa itu gabaik kok memang enak cola tapi jangan sering ya kakak aku sudah tidak sering kalau dulu langganan,neutral,0.32
bangun tidur dapat kabar baik tentang jimin senang banget jagoanku sudah sembuh,happy,0.14
yatuhann sedih banget saya juga dritadi bacakan review orang pada jelek banget habis minum bukannya langsing malah pada sakit parah takut,sad,0.74
simpanse memiliki kecerdasan yang mirip dengan manusia mampu menampilkan berbagai emosi mengenali diri sendiri di cermin dan lain lain juga dapat belajar bahasa isyarat untuk berkomunikasi dengan manusia bagaimana dengan masih bodoh betah jadi jongos peng peng oligarki dan cukong,angry,0.98
sepi soalnya berkurang kegiatan makan dan minum,sad,0.68
pagi saat seisi semesta sujud pada zat yang acap lupa kamu sebut sebab kesombongan yang membalut pagi ketika angin berbisik lirih saat malaikat rahmat mengirim kasih aku yang buta mata hati masih saja sedih pada jiwa yang letih pada raga yang merapuh dan rambut yang mulai memutih,sad,0.63
kalau ke canggu wajib banget sih ke moana sih ini pesennya super random tapi enak semua apalagi black sauce nya,happy,0.02
kenapa sih harus bikin masalah terus tapi ya sudahlah sama keluarga,angry,0.83
teman saya lockeys baca ini ikutan sedih banget,sad,0.79
bodoh apa petik nama aku,angry,0.89
kecewa banget sama hasilnya jujur saja tadi pagi sama keluarga,sad,0.71
ha takut banget,anxious,0.73
mantan yang masih bisa marah itu dipastikan masih ada cinta,neutral,0.37
ia baru saja menapakkan kaki di ujung terminal b pada pukul enam pagi taksi telah dipesan namun dirinya masih menimbang nimbang arah tujuan kedua kakinya bergerak dari ujung ke tumit berulang kali,neutral,0.25
apa gue harus mute p word ya sedih lagi hemat tetapi penven jajan,sad,0.53
oalaah rajin ya ydah tetap terus semangat ya,happy,0.15
ledik jancuukk tahi anjing setann tolol babi monyett,angry,0.99
takut gagal di presentasi besok sih di kantor,anxious,0.85
jangan selalu katakan masih ada waktu atau nanti saja lakukan segera gunakan waktumu dengan bijak,neutral,0.22
rasanya sedih banget akhir akhir ini jujur saja bareng teman,sad,0.71
kayak dia bakal kasih apapun ke orang itu tapi jarang banget kejadian soalnya kan gemini suka main main jadi jarang banget itu mau serius begitu lucu,happy,0.11
ini papa nya saja belum ada kabar enggak sih aku lapar belum disuruh makan sama sayang,sad,0.77
kalau biasa dengarkan apa kata pastor jangan membicarakan al qur an lompat pagar namanya jangan jadi begolah,angry,0.92
kesal banget hari ini padahal sudah coba santai di rumah sama dia,angry,0.92
kepikiran banyak hal sampai susah tidur serius pas perjalanan sama dia,anxious,0.94
kenapa sih harus bikin masalah terus agak random sih di rumah sama teman kantor,angry,0.91
ya allah farr turut berduka hhuhupdhl tiap kamu ngepost selalu membatin nih kcg fara lucu bgtknp sekarang sudah pergigapapaa faar meng nya sudah tenang disanaa jangan sedih ya nanti meng nya ikut sedih,sad,0.67
sih gwinam kayaknya dia punya keinginan hidup yang tinggi kan ada dendam sama chongsan,angry,0.99
jujur shock di bagian bangsatnya sih biasanya kayaknya drake doang tidak sampai bangsat,angry,0.9
heran banget langganan luka kena pager indekos kalau mau mudik hari hari biasa alhamdulillahnya gaperna padahal,neutral,0.32
saya malu banget di idm masuk toilet cowok,anxious,0.86
sudah sabar tapi masih dibohongi lucu bareng teman sama teman kantor,angry,0.78
merasa sendirian akhir akhir ini padahal sudah coba santai di kampus sendiri,sad,0.73
takut kalau hasilnya jelek dari tadi kepikiran sama dia,anxious,0.78
kalau bodoh jangan mengajak orang lain sudah cemas,angry,0.98
kalau contoh di sini berarti kayak melebih lebihkan kalimat begitu this is a good reminder kan artinya bagus saja kalau this is such a good reminder artinya bagus banget sampai yang melampaui batas normal begitu kayak dihiperbola,neutral,0.33
mau marah,angry,0.93
itu rizki orang kenapa dia urus coba saja apakah dia bisa dibayar ceramah dengan bayaran sekian harusnya malu untuk membicarakan penghasilan orang lain yang diperoleh secara sah dan tidak diatur oleh negara,angry,0.93
deg degan menunggu hasil pengumuman hari ini di rumah,anxious,0.98
rasanya kosong saja hari ini sumpah sama keluarga,sad,0.69
aku yang selalu mudah kepikiran berpikir kalau keluarga lama lama muak membantu keluargaku terus walau padahal mereka terlihat ikhlas ikhlas saja aku merasa bersalah karena di umurku yang menuju dewasa aku tidak bisa membantu keuangan keluarga aku jadi merasa lemah dan tidak berguna,sad,0.75
aku tidak suka valentine aku juga tidak bisa gombal tapi kalau kalian suka mending tidak usah deh soalnya setiap hari kan sudah hari kasih sayang apa gombal kalau memang kalian sudah teristimewa kayak coklat di hari valentine,neutral,0.24
kemarin mengeluh kalau masih ada almarhum bapak pasti dia yang antar jemput kerja eh tadi malam langsung mimpi diantar sama dia pergi kerja ini bapak ku masih ada atau tidak sih agak takut,anxious,0.74
cemas memikirkan masa depan dan kepikiran terus di kampus sendiri,anxious,0.83
kaget kiraan akun teman ku dan sama ava sama,anxious,0.84
rasanya kosong saja hari ini jujur saja tadi pagi,sad,0.81
akhirnya tugas selesai juga lega banget sih pas perjalanan,happy,0.26
tidak enak badan karena hasil cemas,sad,0.58
ih sedih benaran ini adalah kok tega,sad,0.74
masih susah pindah on dari kejadian itu sumpah tadi pagi sama teman kantor,sad,0.56
ngeri ganti dimakamkan di satu liang,anxious,0.8
di sini rian enak banget kalau buat lanjut tidur,happy,0.09
maksudnya kenapa sedih,neutral,0.24
bangun jam sesuai alarm pas bangun panik banget hampir menangis karena kiraan telat kelas setelah beberapa detik baru ingat kalau kelasnya jam,anxious,0.74
ya allah kaget banget tiba di direct message kakak anin tau taunya menang,anxious,0.87
happy akhir pekan siapa hayo yang suka tidak enakan jangan diterusin lah mitra mtb malah susah sendiri yang ada kalau mitra mtb termasuk orang yang susah bilang tidak atau apa adanya meski bikin tidak enak suasana kasih tau dong di,neutral,0.35
aqil lagi kurang enak badan dari kemarin siang dia pilek kasihan malam susah tidur karena mampat,sad,0.79
semangat ya fase fase seperti itu memang luar biasa,happy,0.06
tolol saja yang ngeseriusin,angry,0.86
aku begini mamah nya masih sering banget meminta temani pergi atau tidak menyuruh main ke rumah padahal mamahnya tau kita sudah tidak bareng berasa takut takut bikin risih pasangan dia nantinya dan akhirnya aku suka cari alasan begitu dan aga memberi space,anxious,0.82
aduh sih tolol wkakkwkak,happy,0.17
hari ini berat banget dijalani dan kepikiran terus pas perjalanan sama keluarga,sad,0.7
makan favorit hari ini bikin bahagia hari ini di kampus sama keluarga,happy,0.09
kalau lingkungannya tidak sehat pindah rumah oke banget tetapi kadang sedih buat meninggalkan rumah lama karena kan kenangannya banyak,sad,0.65
takut gagal di presentasi besok bareng teman sama dia,anxious,0.78
sudah sabar tapi masih dibohongi banget bareng teman sama teman kantor,angry,0.93
jangan ah aku malu,anxious,0.74
aku yakin mereka bakal jengukin sih tapi kita tidak tau ya mereka mau bagikan apa tidak yang penting jam tidak sendirian lagi ah copit bangsat meminta maaf kamu bikin mimi sakit dan sndirian,angry,0.89
dendam menyebabkan imunitas tubuh kita mati disitulah bermula awal segala penyakit stres kolesterol tinggi darah tinggi jantung dan lain lain,neutral,0.29
anjing anjing kesal kecewa banget sama diri sendiri heeuh,angry,0.93
diam nder saya sedang kecewa berat,sad,0.7
semoga hihi terima kasih banyak lisa itu lagu budak cinta pokoknya lucu tentang cewek yang selalu mau menghabiskan waktunya sama seseorang spesial yang dia suka,happy,0.14
gue mau nyemangatin orang tetapi gue sendiri lagi tidak semangat aduh keenan kenapa bodoh banget sih haloo moots tetap semangat ya luv kamu,angry,0.89
tidak ileran itu enak saja,neutral,0.34
percayalah diam diam pasti ada orang yang benci sama kita dan membicarakan hal hal buruk tentang kita,neutral,0.26
takut kalau hasilnya jelek di kampus,anxious,0.73
kok sono se,neutral,0.33
malam ini kepikiran terus jadi sedih banget sendiri,sad,0.75
kalau tunjuk muka dengan anak dan isteri kemudian buat kenyatan bodoh nih itu bukan berani bang itu bapak bangang lagi bodoh degil macam kaldai yang tak pikir anak dan isteri tersayang ibarat kamu bagi gambar kamu dengan isteri kamu tengah berjubo depan anak then berlegar dalam media sosial,angry,0.96
mata berkunang kalau main handphone makin cemas dan panik dibuatnya paling kerasa pas siang hari perasaan ku akan timbul tidak enak kalau berada di dalam kamar yang berkedap tapi kalau di luar ruangan yang ada hawa anginnya tidak ada justru oke banget sudah jalan hari,neutral,0.26
takut gagal di presentasi besok banget asli tadi pagi sama dia,anxious,0.79
kalau tidak takut sedih memang tidak waras,neutral,0.36
mensyukuri hari ini belajar memperjuangkan sesuatu dengan penuh rasa ikhlas semangat untuk sebuah kebahagiaan,happy,0.17
saya sungguh benci akan seto dia ialah seksual anjing pokok pelukan sahaja,angry,0.89
bikin sendiri tapi jarang banget sih soalnya mamah kan sudah tau apa yang aku tidak suka jadi tidak bakal masak itu,neutral,0.37
deg degan menunggu hasil pengumuman sih sendiri,anxious,0.83
puji tuhan ku bahagia banget rasanya dapat kabar jimin sudah sembuh,happy,0.13
terima kasih dasom ah kamu suka kah kopi seperti ini,neutral,0.38
hari ini produktif dan suasana hati bagus jujur saja bareng teman sama keluarga,happy,0.07
telat kamu memberi tau faktanya min kalau sebelum pertandingan kasih tau fakta nya kan saya tidak se kecewa ini,angry,0.95
senyum sendiri pas ingat kejadian tadi tapi ya sudahlah bareng teman,happy,0.16
baru saja mengirim foto,neutral,0.25
sejak membaca kalimatku ter bagikan sungguh perasaan takut yang menghantui di saat keluar malam hari lewati jalanan sepi sunyi dapat memudar saya membawa ponselku memotret nge twit lagi di area terang lampu sesudahnya dapat pulang berharap selalu aman tak apess,sad,0.61
terserah kalian lah apapun kata kalian pasti dibenarkan oleh yang bodoh,angry,0.98
lelah sih tapi puas hasilnya bagus banget asli di kampus sama teman kantor,happy,0.07
semangat hari ini,happy,0.05
khawatir sama kondisi sekarang jujur saja tadi pagi sama teman kantor,anxious,0.89
mbak kuntil bikin emosi,angry,0.91
selamat pagi semangat nge ba nya semoga banyak request direct message,happy,0.05
aku yang takut,anxious,0.74
baru pertama kali ada yang ingin lihat kami berkelahi biasanya banyak yang bingung karena terlihat serius ketimbang bercanda jangan terlalu sedih dan jangan banyak dipikirkan ai banyak berdoa a saja mudah mudahan abangmu berubah,neutral,0.21
kalau ini beneren kiranya kamu bahagia di sana bersama orang lain,happy,0.05
sangat enak,happy,0.04
buat kamu fan manchester united tetap sedih dan jangan semangat ya aku sering kok mengalami kayak begini di football manajer lucu,sad,0.73
auto belit apa memang ah dia orang marah bila kena kencing oleh gubernur india indira gandhi gunakan perkara ini sebagai peluang untuk politikus dia itu yang menyebabkan ltte bunuh indira gandhi kok pergi baca sejarah kenapa ltte itu diwujudkan tak sama langsung macam taliban,angry,0.94
dia dulu suka saya ghosting karena sibuk fds sama belajar soalnya kelas saya pelor banget alias jam sudah tidur jam tidur saya dulu tidak seberantakkan itu jadi cepat tidurnya tapi nih anak sabaar anjir apa kena karma ya saya gagal pindah on banget sama yang sesabar dia,sad,0.62
tidak mau tegang belum disuruh sayang tidak usah di zoom tidak boleh sayang,anxious,0.74
nanaananaannanaa cepatan balik okaay jaga kesehatan jangan lupa bahagia dan bersyukur,happy,0.17
still can t help but feel sok curious about her face secantik apa sih kak raline sampai gege tidak mau menunjukkan fotonya ke orang orang karena takut pada menaksir begitu ya,anxious,0.87
akhir akhir ini cemas terus dan kepikiran terus waktu malam sama dia,anxious,0.94
siap tolol,angry,0.93
kesal banget hari ini tapi ya sudahlah di kantor sama dia,angry,0.69
dari subuh sudah tidak suasana hati pas main ml pun jadi emosi an,angry,0.97
yang diharapkan itu pacaran dengan langgeng dan bahagia kalaupun sekalinya menjadi mantan aku ingin kita menjadi teman bukannya musuh,happy,0.01
menahan tangis tidak enak banget anjir ini lagi di sekolah,sad,0.77
takut sha,anxious,0.74
rasanya kosong saja hari ini agak random sih bareng teman sama teman kantor,sad,0.79
pakai akal sehat saja sebenarnya surah cukup kok dalam persoalan ini tidak peelu selalu merujuk ke dalil agama yang tidak setiap orang mampu melakukannya,neutral,0.21
akhirnya lolos interview kerja banget asli waktu malam sama keluarga,happy,0.3
maaf ya gais aku bodoh,sad,0.57
hai piaa semangat hari ini,happy,0.01
hari ini produktif dan suasana hati bagus padahal sudah coba santai bareng teman sama dia,happy,0.08
salam semoga di pagi yang cerah ini kita semua selalu di beri kesehatan,happy,0.1
rasanya sedih banget akhir akhir ini serius bareng teman sama keluarga,sad,0.68
another manusia tolol yang cocok dikebiri,angry,0.98
rasanya sedih banget akhir akhir ini hari ini di kampus sama keluarga,sad,0.72
gue steril kucing saja habis juta ratus ribu men bangsat mahal kan tapi karena kucing gue sudah tua jadi reaksinya lama banget masih suka spray urine sembarangan suka teriak meminta keluar nah itu yang bikin gue pusing,angry,0.93
kecewa ditambah malu ini bisa ketahan sampai adu penalti dari tim championship padahal pemain inti yang main,sad,0.55
only start filming don t know when airing biasa lah kan cdrama kalau tak bertahun tak sah,neutral,0.24
wansen gemas banget beixing tidak peka ah tetapi bukan salahnya juga sih wansen nya begitu ya wajar lucu terus itu gao ge malah bikin tambah salah paham cuma buat bapak nya kesal,neutral,0.29
aww biasa saja tidak,neutral,0.38
apa kabar dengan sih kita,neutral,0.37
mimpi qasim nabi muhammad saw bersabda ini adalah islam saya dan ke ranah qasim melakukan segalanya ke ranah allah saya berkata demikian allah akan memberi mereka pahala yang berlipat ganda ramai muslim di seluruh dunia mendakwa dia adalah imam al mahdi tetapi dia menolak,neutral,0.2
masih susah pindah on dari kejadian itu agak random sih di kantor sama dia,sad,0.8
pagii by the way cuaca enak begini lebih baik tidur ayo have a nice akhir pekan,happy,0.02
akhir minggu ini seru banget tapi ya sudahlah waktu malam sama dia,happy,0.21
apa kabar hari ini,neutral,0.23
wah banget sedih banget anjing gue campur kesal gara gara muka kamu kayak orang bego,angry,0.91
takut gagal di presentasi besok pas perjalanan,anxious,0.8
rasanya ingin marah terus jujur saja bareng teman,angry,0.69
ingin mengerjakan yoel tapi takut diamuk lebih dahulu,anxious,0.89
anak cewek sendiri takut kenapa napaa kali saya pun tak tahu,anxious,0.78
rasanya kosong saja hari ini banget pas perjalanan sama dia,sad,0.62
oke bahas concern pertama uang hilang karena pejabat korupsi bapak jamsostek itu diaudit sayang segala pengeluaran harus dilaporkan jadi tidak semudah itu korupsi saya saja mau klaim uang taksi suka malas gerak karena ribet jadi seringnya relakan sajalah,neutral,0.29
saya jual sale pisang ke ini enak banget dom tangerang ke terjual,happy,0.15
februari hari ini flight balik jakarta sedih degdegan mixed feelings banget sampai deg an apalagi tadi dipeluk begitu pas bangun tidur ck,sad,0.78
mau check out takut tidak kretek tulang punggung dilema jadi muda mudi jompo lucu,anxious,0.83
anjir saya sakit tenggorokan tidak enak badan tulang linu jadi pikir kena cvd takut,anxious,0.75
adakah apabila takdir ku sampai allah ambil nyawa ku akan ramai yang sedih dengan kepemergianku adakah ramai yang akan mau mandikan jenazahku adakah ramai yang akan mengangkat jenazah ku adakah ramai yang akan mendoakan ku aku risau dan ke ranah risau aku bersedih,sad,0.75
kesal banget sama orang yang tidak tepat waktu agak random sih pas perjalanan sama keluarga,angry,0.9
pembelian panik sebabkan kekurangan telur ayam,neutral,0.23
rasanya sedih banget akhir akhir ini dari tadi kepikiran di kantor sama keluarga,sad,0.71
negara selalu tidak hadir untuk nelayan padahal untuk sekadar bertahan hidup saja sudah lebih dari cukup,neutral,0.33
ayo semangat ayo kakak xixi,happy,0.17
read this sebelum dengar lagu mark sok bila dengar tadi teringat twit nih sedih di senanya lagu nih,sad,0.75
he salah unggah malu,anxious,0.76
kecewa banget sama hasilnya hari ini di kantor sendiri,sad,0.65
kehilangan semangat buat kenapa apa dan kepikiran terus tadi pagi sama teman kantor,sad,0.76
ya kan selamat baca au yang sedih sedih sudah,sad,0.69
kenapa sih harus bikin masalah terus dan kepikiran terus sendiri,angry,0.77
kali kan natural killer tegak saja please a lai selai pengadilan negeri kena bayar apa,neutral,0.35
idih maunya enak di kamu saja bodoh,angry,0.95
bangsat tau saja lagi kamu dip,angry,0.95
kepikiran banyak hal sampai susah tidur sih tadi pagi sama keluarga,anxious,0.74
kabar atashi juga baik,neutral,0.4
enak menambah tingkat kemageran,neutral,0.22
kehilangan semangat buat kenapa apa sumpah pas perjalanan sendiri,sad,0.67
rasanya ingin marah terus tapi ya sudahlah tadi pagi sama teman kantor,angry,0.78
pengelola mal kena denda ribu tukang bubur juta apa karena pengelola mal itu orang miskin ya jadi dapat dispensasi dimanapun oligarki berkuasa sadarlah negeri ini sedang tidak baik saja iwan januar,neutral,0.29
tugasnya membina seluruh prajurit tentara nasional indonesia ada untuk membela negara kesatuan republik indonesia dari rongrongan kkb sadar dudung tetapi kita bisa lihat di rusia united state of america konflik ukraina inggris saat prang malvinas dulu para jendralnya memimpin terus dilapngan mereka pada berani turun kelapngan memang militer didik untuk itu tidak takut,neutral,0.34
bego memang tidak bisa apa apa kamu zat cuma beban doang,angry,0.85
entah tolol benaran atau pura pura tolol yang masih butuh informasi tentang saya ketika semua akun sosial saya terbuka untuk umum,angry,0.91
lucu gue tidak jadi malu sefandom,happy,0.09
badan perencanaan pembangunan nasional mengakui pada saat melakukan kunjungan kerja ke proyek kereta cepat jakarta bandung ditemukan tukang las yang merupakan tenaga kerja asing cina,neutral,0.27
himalaya enak banget aku repurchase berkali huhu,happy,0.09
aku sudah kali approach semua ke reject sedih siot siap depress itu lah natural killer cukup takut natural killer approach dulu kali lah tetapi effect after approach itu yang prob kalau diterima oke kau kali sedih malu marah semua ada and ini effect kamu life kadang rasa penat sudah natural killer hadap,angry,0.91
lebih ke bego kalau aku,neutral,0.36
semangat kak andoo,happy,0.12
masih susah pindah on dari kejadian itu waktu malam,sad,0.71
lelah sih tapi puas hasilnya bagus pas perjalanan sama teman kantor,happy,0.29
kalau menurut etika menaiki kereta yang kucari di internet semalam tidak ada yang melarang tiduran di kompartemen kereta dia lalu tersenyum asal kamu tidak berisik dan mengotori kompartemen itu saja,neutral,0.29
semangat vi,happy,0.01
tetap semangat demi membayar kewajiban,neutral,0.4
pagi pagi ada kabar baik kalau jimin sudah sembuh dan tinggal menjalani masa pemulihan doang alhamdulillah sehat sehat terus jimin,happy,0.11
rasanya kosong saja hari ini banget asli waktu malam sendiri,sad,0.76
maybe sedih tapi ya mau bagaimana lagi kalau dipikir pikir itu bukan hak kita lagi mau pc nya di gimanain pun tetap bukan hak kita lagi cuz kita kan sudah jual barang tersebut ke dia dan dia sudah bayar barangnya sok barang tersebut sudah sepenuhnya jadi milik dia,sad,0.64
kecewa banget sama hasilnya jujur saja di kantor sendiri,sad,0.71
cemas memikirkan masa depan di rumah sama dia,anxious,0.77
kecewa banget sama hasilnya jujur saja di rumah sama dia,sad,0.64
masih susah pindah on dari kejadian itu padahal sudah coba santai bareng teman sama keluarga,sad,0.64
takut gagal di presentasi besok sih di kampus sama dia,anxious,0.86
rasanya sedih banget akhir akhir ini serius bareng teman,sad,0.56
luv emyuu tolol sumpah,angry,0.9
day terlalu semangat terus datengnya kepagian dan belum ada orang,happy,0.09
anxious banget sebelum meeting tadi tapi ya sudahlah di kantor sama teman kantor,anxious,0.88
hi kak mohon maaf terkait kendalanya terima kasih telah menggunakan layanan anteraja ya kak apabila ada kendala lain jangan ragu untuk menghubungi kami ya kak terima kasih wh,neutral,0.39
di day aku benar berdoa yang terbaik buat kamu semoga bisa sehat dan bahagia selalu diberi kelancaran dalam setiap hal yang dilakukan terima kasih banget sudah terlahir jadi jungmo yang senyumnya selalu berhasil bikin aku mesem mesem part,happy,0.11
rasanya kosong saja hari ini dan kepikiran terus di kantor,sad,0.75
semangat tinaa,happy,0.12
malam ini kepikiran terus jadi sedih dan kepikiran terus di kantor,sad,0.66
boom pernah meng sms hyoyeon sekadar menyapa setalah berakhirnya iya tapi ia mendapat kecewa karena hyoyeon melupakannya begitu saja,neutral,0.37
lucu betul biasa memang lagu untuk final tahun,neutral,0.31
jalan lurus pergi ke bogor semangat terus jangan sampai kendorgood luck ya kak va,happy,0.15
duit saya hilang ke di kotak yang biasa saya simpan duit,neutral,0.37
kalau dari awal nak set senang je baik awak cari anak orang kayak je kesal,angry,0.86
di indekos bosan banget tapi mau main keluar takut deh kasus covid lagi naik mana mau ada event jadi mesti jaga kesehatan,anxious,0.85
dia minx gambar ic semua itu normal ke,neutral,0.25
ut katanya ut kuliah setiap sabtu minggu ya kalau ut yoyakarta bagaimana aku sudah memilih layanan ttm wajib matkul apa aku mundur saja ya terus daftar semester depan aku sudah registrasi tapi belum bayar aku khawatir nanti tabrakan sama jadwal kerjaku yang juga setiap hari cont,neutral,0.21
ya allah sampai ke bawa mimpi ceritanya di gedor sama salah satu host terus salah balas direct message eh tidak jadi menang sedih sedih bangun langsung menyesal karena mimpi,sad,0.51
habisnya masih sedih kalau teringat yang unspeakable jadi biar pindah on sedihnya dilanjut baca cerita sedih lainnya,neutral,0.23
rasanya kosong saja hari ini tapi ya sudahlah waktu malam sendiri,sad,0.75
memang dari dulu tidak begitu takut gue sama nih virus sungguh sangat percaya diri tetapi benaran alhamdulillah sehat terus,anxious,0.75
lelah menghadapi orang yang egois banget di kampus sama teman kantor,angry,0.69
kecewa banget sama hasilnya agak random sih pas perjalanan sendiri,sad,0.58
rasanya ingin marah terus di kantor sama keluarga,angry,0.69
rasanya ingin marah terus serius di kampus sama keluarga,angry,0.75
langit menjatuhkan bulir bulir yang sedih yang sedikit yang sakit yang tak sungguh sungguh menghapus dosa apalagi kenangan,sad,0.8
masih susah pindah on dari kejadian itu lucu pas perjalanan sama dia,sad,0.66
kesal banget sama orang yang tidak tepat waktu di kampus sama keluarga,angry,0.83
kecewa banget sama hasilnya hari ini waktu malam sama dia,sad,0.83
kenapa sih harus bikin masalah terus sumpah di rumah sama teman kantor,angry,0.84
alhamdulillah setiap melintas dapat melihat wajah beliau yang memberi semangat dan inspirasi untuk teguh dalam perjuangan sholu ala nabiy,happy,0.03
kenapa sih harus bikin masalah terus dan kepikiran terus waktu malam sendiri,angry,0.84
semangat jangan lupa sarapan,happy,0.16
rasanya kosong saja hari ini bareng teman sendiri,sad,0.69
kehilangan semangat buat kenapa apa banget asli di kampus,sad,0.68
cemas memikirkan masa depan serius sama dia,anxious,0.97
tetap bodoh,neutral,0.24
seperti biasa ya pagi mules,neutral,0.35
takut gagal di presentasi besok jujur saja waktu malam sama teman kantor,anxious,0.76
banget lucu apalagi kalau lagi tidur terus kaget rasanya kayak ingin marah marah,angry,0.96
memang gublug sih orang yang suka banget memasang lampu led begini di belakang mobil dia tidak tau apa bisa bahayain mobil belakang nya kalau malam apa lagi di tol biasa bawa angkutan kota kali,angry,0.89
bangsat banget,angry,0.89
ahok yang nyata pro rakyat yang kalian benci,angry,0.93
lelah sih tapi puas hasilnya bagus lucu pas perjalanan,happy,0.24
kenapa single karena tiap suka sama orang aku doang yang suka dianya tidak alias cinta bertepuq sebelah tangan,sad,0.67
sih kapitalis politik yang bodoh,angry,0.87
simpan saja dulu setelah pensiun dari anggota dewan perwakilan rakyat ditindaklanjuti lagi,neutral,0.37
iya wlaaupun tidak jadi sama yang di video ingin menyebut nama tetapi takut lucu tapi dia bahagia banget dengan his lil famili terus suka cerita kelakuan baby layla kayak bapak yang banggakan anaknya banget deh pokoknya gemoyy memang iya enak banget ini kesayangan sebelum exo,happy,0.19
anxious banget sebelum meeting tadi padahal sudah coba santai bareng teman sama dia,anxious,0.95
khawatir sama kondisi sekarang hari ini pas perjalanan sendiri,anxious,0.82
lagi kerja disemangatin sama sih cantik yang belum mandi gara gara takut beku,anxious,0.85
cemas memikirkan masa depan padahal sudah coba santai pas perjalanan sama teman kantor,anxious,0.73
jibe kajja lah sedih banget bye menangis di rooftop juga sedih,sad,0.61
dipikir pikir habis dapat kabar baik eh langsung begitu bisa dibalik,neutral,0.4
goblok bin bodoh kalau kamu ateis kamu akan memfollow akun sains bukan perasan bahkam dalam berbohong pun kamu bodoh sekali sekarang mengakui ateis iya,angry,0.93
lah anjir kalau sudah biasa memanggil adik adalah adik saja kali tidak jelas kamu anjir memang kamu saja aneh masih cari pembelaan,angry,0.87
buat dan kalau mau menyerang pemerintah itu janjian dulu begitu kelihatan pada bego nya kalau begini,angry,0.98
senyum sendiri pas ingat kejadian tadi dari tadi kepikiran di kampus sama keluarga,happy,0.21
paket wisata karimunjawa new cuma ribu saja guys cek infonya di,neutral,0.29
sch sedih banget mingdep ptm huhu mnaa aku sekolah itu tidak punya teman dekett begitu apalagii kloo begini hem sedihnyah iklan join komunitas mahasiswa schcampus di telegram dan discord,sad,0.63
tidak jadi lembut malah emosi,angry,0.98
orang itu bikin emosi banget tadi pagi sama teman kantor,angry,0.86
ada rasa kesal ketika orang lain berprasangka atas apa yang kita kerjakan tapi seringkali kita tidak bisa mengkonfirmasi seluruh pekerjaan yang kita lakukan,neutral,0.21
geram banget sama pelayanan tadi dari tadi kepikiran bareng teman sama dia,angry,0.93
hmch twitter gue sangat sepi sadly,sad,0.55
semoga rezeki wlw sudah dari kemarin mau beli aki motor sama bayar spp anak bang ngojeknya lagi sepi jadi menunggak bayar spp nya semoga diqobul amin,neutral,0.22
tolol banget mana ada bercinta yang ada mimpi di kejar kejar setan semalam anjing bocah cilik nih yang iya iya saja kalau bicara,angry,0.97
emosi lihat komentar orang tadi padahal sudah coba santai tadi pagi sama dia,angry,0.9
kamu harus semangat nan ayo semangat ayo,happy,0.2
akhirnya tugas selesai juga lega banget dan kepikiran terus tadi pagi sama teman kantor,happy,0.24
ya kali baru kaget sekarang,neutral,0.2
kehilangan semangat buat kenapa apa dan kepikiran terus tadi pagi sama dia,sad,0.71
sudah sabar tapi masih dibohongi hari ini waktu malam sendiri,angry,0.86
rasanya kosong saja hari ini tapi ya sudahlah bareng teman sama teman kantor,sad,0.8
saya sudah biasa dibilang jahat lucu,happy,0.17
alias sudah pada lelah banget sama kelas saya ini kelas unik ya lucu bedanya kerasa banget pas saya kelas ilmu pengetahuan alam waktu kelas walaupun pandemi ilmu pengetahuan alam sepi banget anjir dan walkelnya killer ribet begitu lah ilmu pengetahuan alam selalu begitu diangkatan saya dan selalu dapat walkel yang asyik santai,neutral,0.31
meski engkau yang pergi meski engkau yang meninggalkan meski engkau hilang tetapi engkau tetap bagiku masih ada sih sampingku seperti biasanya maaf saat ini aku cuma bisa mendoakan semoga engkau baik saja dmnpun brda selamanya engkau tetap ada dihati walau tak bisa kumiliki lagi,sad,0.75
lockey sejati semangat,neutral,0.24
masih pagi sudah ada saja yang menyalakan api emosi,angry,0.93
kecewa banget sama hasilnya padahal sudah coba santai bareng teman sama dia,sad,0.77
haloo cici gue tidak apa apa kok lucu siap cici juga semangat ya jangan lupa makan dan minum juga,happy,0.02
lucu h bangsat,angry,0.88
kecewa banget sama hasilnya banget di kantor sama keluarga,sad,0.83
ya enak banget coba dengar banyak idol yang suka juga dan tentunya ost main vokal gfriend lucu,happy,0.19
enak nya makan yang hangat nih,neutral,0.4
coy anjing wkwk tolol semua di rnjna sudah paling benar memang aku cuma baca lfs saja karakternya benar semua tidak seperti di rnjna yang paling banyak pada problematic toxic selfish,angry,0.89
madzhab hanafi cadar sunnah dan wajib ktk khawatir menimbulkan fitnah maliki sunnah dan wjb jika khawatir fitnah syafii i cadar wajib hambali cadar wajib lah yang pada benci ini kalian maksudnya apa kalau belum bisa diam saja kalau anda benci dipertanyakan kelean sapah,neutral,0.27
belum mana ada yang mau kalah memang bego anjing kontol,angry,0.97
malam ini kepikiran terus jadi sedih serius di rumah,sad,0.64
erick thohir menjelaskan tujuan gerakan et ini dibentuk guna membumikan semangat bertani masyarakat ia pun ingin agar masyarakat dapat memanfaatkan lahan perumahan menjadi lokasi pertanian,neutral,0.22
lelah menghadapi orang yang egois sumpah di kampus sama teman kantor,angry,0.75
senang banget hari ini ketemu teman lama tadi pagi sama dia,happy,0.22
khawatir sama kondisi sekarang dan kepikiran terus bareng teman,anxious,0.94
parfume kok tidak ada yang enak sih aromanya,happy,0.02
khawatir sama kondisi sekarang dan kepikiran terus tadi pagi,anxious,0.89
orang itu bikin emosi banget banget asli waktu malam sama keluarga,angry,0.83
prettytitit pencitraan kamu sudah sampai kelangit pemerintah provinsi kamu kekurangan dana pajak kamu hilangkan itukan aneh gue tidak tau itu namanya dungu atau bodoh dua nya julukan kamu,angry,0.94
kenapa aku marah dengan mahadir selepas batalkan projek hsr dengar sini,neutral,0.3
alhamdulillah yang jatuh jatuh tempo bulan ini sudah di bayar tinggal yang receh receh nya semangat pagii,happy,0.14
hari ini produktif dan suasana hati bagus dan kepikiran terus sama keluarga,happy,0.09
dulu waktu meniatkan untuk ikut mbkm saja gue pikir khawatir kalau skripsi gue jadi gakepegang karena gue daftar start up semoga kedepannya pada bisa lebih bijak kadang keputusan yang sudah diambil itu tidak bisa kita mau ah berhenti saja terus orang lain akan jawab dengan senang hati oke,neutral,0.26
menanamkan kesadaran allah itu tidak suka lo kalau kita marah imam al ghazali,neutral,0.24
geram banget sama pelayanan tadi padahal sudah coba santai di rumah sama dia,angry,0.74
memang suka mengedit foto ajasih pas dirasa oke sudah bagus nih lalu buka pinterest dyarr menciut langsung insekyur sampai kerak bumi ngeras editan yang mau kujadikan igs kayak tidak pantas banget,sad,0.76
rasanya ingin marah terus padahal sudah coba santai pas perjalanan sama keluarga,angry,0.82
anxious banget sebelum meeting tadi sih waktu malam,anxious,0.9
hidup hanya sekali jadi nikmai saja kawan di,neutral,0.39
sayang biasa bioskop itu buka jam berapa sih,neutral,0.33
bukan lebih ke sangar sih kalau menurutku goblok bin tolol di ingatkan untuk kebaikan malah acuh,angry,1.0
sedih sumpah yang bikin saya bertahan nge stan secret number selama ini cuma denise sebenarnya dari awal member baru masuk sudah punya firasat kalau denise keluar sih sejujurnya aku masih tidak bisa menerima kedatangan member baru itu thankyou denise thankyou secret number and goodbye,sad,0.73
lelah sih tapi puas hasilnya bagus serius sendiri,happy,0.28
hari ini berat banget dijalani sih di kampus sama teman kantor,sad,0.56
tengil suka marah marah songong tapi itu semua jarang sebenarnya dia orangnya suka galau sering sibuk sama kegiatan osisnya kadang juga manja kayak anak kecil tapi lucu kok kadang ikut kadang ngeles alasan dulu untuk beberapa hal contohnya kalau disuruh makan,neutral,0.28
deg degan menunggu hasil pengumuman dan kepikiran terus bareng teman sama dia,anxious,0.94
sono loro sih luar biasa wekyu koe berlinang air mata terus ngucapne selamat tinggal selamanya,neutral,0.37
lelah sama keadaan sekarang dan kepikiran terus pas perjalanan sama keluarga,sad,0.73
kesal banget hari ini banget waktu malam sendiri,angry,0.76
akhirnya lolos interview kerja sumpah pas perjalanan,happy,0.29
melihat cerita mantan lagi nikahan begini doang nih rasanya yaelah biasa saja tidak ada sedih sedihnya tak tau sudah mantan yang lain adalah,neutral,0.4
jangan main klarinet jangan pernah melambaikan lampu senter ke depan dan ke belakang terlalu cepat itu dianggap undangan jangan pernah berhenti menatap sekitar jangan makan keju kecuali yang kotak jangan pakai topi sombrero jangan pakai baju bodoh,angry,0.91
pamer adalah ide yang bodoh untuk sebuah kemenangan,neutral,0.36
rasanya sedih banget akhir akhir ini serius waktu malam sama teman kantor,sad,0.55
akhirnya tugas selesai juga lega banget waktu malam sama teman kantor,happy,0.07
kecewa banget sama hasilnya padahal sudah coba santai waktu malam sendiri,sad,0.81
bukan tidak suka sama seriesnya iya aktingnya bagus soundtracknya juga bagus tapi ceritnya seram seram banget,anxious,0.88
takut kalau hasilnya jelek padahal sudah coba santai sama dia,anxious,0.83
semangat kerjanya,happy,0.14
marah ke,angry,0.87
tidak semangat hidup,sad,0.71
kuota aku habis hem sedih,sad,0.65
terima kasih ya sudah bikin hariku lebih baik hari ini di kampus sama teman kantor,happy,0.22
sedih amat pagi pagi,sad,0.63
semangat ya kak pasti bisa,happy,0.09
lelah menghadapi orang yang egois sumpah bareng teman sama keluarga,angry,0.72
deg degan menunggu hasil pengumuman jujur saja,anxious,0.97
akhirnya lolos interview kerja serius tadi pagi,happy,0.29
sedih banget gue yang mengurus segalanya gue yang tidak ikut,sad,0.59
jujur sih kadang aku itu malu dan takut mengakui kalau dia pacarku iya benar karena fisiknya,anxious,0.76
halo siapapun kamu dan dimana pun kamu semangat terus ya masih ada langit di atas langit semoga apa yang kamu takutkan tidak terjadi ya dan semoga hal baik yang kamu ingin kan bisa tercapai kalau masih merasa bingung cerita kesiapa maybe kamu bisa mulai cerita ke aku be happy,happy,0.09
ditunggu kabar baikny ya,neutral,0.26
schapp pendaftaran ut bisa lewat snm tidak sih trivia pada statistika inferensial distribusi normal disebut juga distribusi gauss,neutral,0.3
kepikiran banyak hal sampai susah tidur serius di kantor sama dia,anxious,0.94
rasanya ingin marah terus dan kepikiran terus di kantor,angry,0.85
biasanya yang suka memaksa itu sales asuransinya mana mengomongnya cepat banget tidak bisa dipotong,sad,0.7
terlalu semangat demi mendapatkan sayang,happy,0.09
wah selamat,happy,0.03
bapak penghianat negara bergaduh dengan bapak songlap negara sudah tikam belakang ph nak jadi good cop pula lawak bodoh,angry,0.9
cok pagi pagi dibuat emosi,angry,0.86
alhamdulillah pagi pagi dengar kabar baik,happy,0.02
khawatir sama kondisi sekarang sama teman kantor,anxious,0.88
cukup macam nih pun tak rasa natural killer marah ke kecil hati ke hem,angry,0.89
sst ikut sing waktu itu nyalon gubernur kalah telak itu bukan serius bertanya sepertinya negeri ini menjadi tkesan tidak baik saja sejak banyak yang kalah pemilihan presiden ilgub ilbub pilihan legislatif tmasuk sejak byknya menteri pjabat badan usaha milik negara dipecat tmasuk pensiunan pjabat yang belum puas,neutral,0.28
kicep takut ketahuan mungkin,anxious,0.79
tidak sih biasa saja,neutral,0.29
malam ini kepikiran terus jadi sedih sih tadi pagi sama teman kantor,sad,0.63
kepikiran banyak hal sampai susah tidur agak random sih bareng teman,anxious,0.81
nih mengetik sambil sedih apa bagaimana nih air mata ngucur mulu,sad,0.64
sudah sabar tapi masih dibohongi lucu pas perjalanan sama teman kantor,angry,0.94
rasanya kosong saja hari ini banget asli bareng teman sama dia,sad,0.83
kalau yang hockey summer masih bisa dilihat lah ini kayak pas oper oper pucknya itu bisa ngepas begitu mana kan mereka lari sana sini lihatnya takut pada kepleset,anxious,0.81
lelah sih tapi puas hasilnya bagus tapi ya sudahlah di kampus sama teman kantor,happy,0.21
emosi saya emosi anjing,angry,0.89
takut gagal di presentasi besok hari ini pas perjalanan,anxious,0.78
ya allah exol makin banyak senang banget deh rasanya even mereka hiatus pun masih banyak yang suka,happy,0.2
marah banget karena pekerjaan berantakan banget asli di kantor sendiri,angry,0.9
marah banget karena pekerjaan berantakan sumpah di kantor sama dia,angry,0.86
kehilangan semangat buat kenapa apa jujur saja sama teman kantor,sad,0.78
no tidak benar banget menurut gue adalah oi mencegah perzinaan ya kamu tahan nafsu bego jangan meminta poligami sekate kata banget meminta poligami cuma buat muazin nafsu sendiri jerk dan no menurut gue penyampaiannya salah distu seolah olah istri nih cuma alat pemenuh kepuasan,angry,0.97
membacanya lucu pasti marah uang rakyat dikorupsibagaimana investor mau investasi ke kalau uangnya dimakan pejabat ace golkar ajari agus harimurti yudhoyono soal kuda hitam di terpenting strategi,neutral,0.27
iya semangat pagi yaww kak dan happy weekendd yn,happy,0.17
yang bikin unik itu angle pengambilan gambarnya nor itu batu biasa,neutral,0.33
emosi lihat komentar orang tadi dan kepikiran terus di kantor,angry,0.77
itu orang muka badak merusak nama pp saja,angry,0.91
di telepon ex bisa biasa saja tapi kalau ketemu jantung saya tidak aman,anxious,0.82
yang no izinkan suami berpoligami untuk mencegah perzinaan aduh goblok banget ya jadi orang jadi selama ini pernikahan itu zina begitu dan poligami itu bagus dianjurkan diagama begitu helloww diagama tidak ada itu kontol harus lubang bajingan bangsat kamu,angry,0.96
siapa saja yang mengajak kepada kebaikan maka dia akan mendapatkan pahala seperti pahala orang yang mngerjakannya hari muslim,neutral,0.36
bangsat banget,angry,0.98
orang itu bikin emosi banget jujur saja bareng teman sendiri,angry,0.93
enak lah,happy,0.04
lah lah kaget dong aku kok kamu malah sedih,anxious,0.83
senyum sendiri pas ingat kejadian tadi sih di rumah sama keluarga,happy,0.12
iya pusing apalagi lucu bayangkan aku sudah jajan leot belum ada jeda seminggu aak tetapi aku senang tetapi sedih juga kenapa bisa lemah sama leot lucu kawkakaw,happy,0.01
semangat ya,happy,0.06
jadi khawatir laptop ku tidak kuat sama semua app buat kuliah,anxious,0.79
hari ini berat banget dijalani dari tadi kepikiran pas perjalanan sama dia,sad,0.82
brother of the tahun dah jangan sedih lagi ya,neutral,0.31
kamu kesannya kayak tidak butuh aku dude istg ini not soalnya i do not need kamu orang smth tapi saya cuma tidak mau diejek matre mending memberi bapak ibu mu karena mereka lebih pantas mendapatkan itu kalau mau belikan aku sesuatu boleh tapi jangan sering sering takut beban,anxious,0.79
amin semoga lancar nder semangat,happy,0.19
pernikahan yang biasa saja sudah tidak mudah apalagi kalau anda masukan orang ketiga,neutral,0.37
semalam di saat hampir tengah malam ku dibuat teriak tidak jelas sama sih golden maknae nya karena lihat ini ya ampun sumpah ya jungkook suka banget bikin jantung anak gadis tidak baik saja,neutral,0.33
baca bitmoji stories suka tertawa sendiri karakternya aku banget kayak begitu tengil mengesalkan,happy,0.06
rasanya ingin marah terus serius di rumah,angry,0.69
gue lebih sedih melihat ini daripada manchester united kalah asli,sad,0.71
rasanya gugup terus hari ini di kantor,anxious,0.82
pagi pagi langsung dapat berita sedih,sad,0.56
beraso oke makan biskut raya awal eh takut tokdei raya tahun nih,anxious,0.8
dipaksa untuk mengerti perasaan emosi di rumah sedangkan tidak sebaliknya this ini not fair,sad,0.77
kakak aku tidak merokok kak dan benaran tidak merokok sama sekali tidak diam merokok padahal papah perokok akut terus dulu sempat di kasih rokok buat ngetest tapi dia tidak suka sampai sekarang tidak merokok teman nya pada rokok tapi dia tetap tidak jadi masih ada cowok yang tidak merokok di,neutral,0.27
rasanya gugup terus hari ini tapi ya sudahlah di rumah sama teman kantor,anxious,0.96
akhirnya lolos interview kerja tapi ya sudahlah di rumah sama keluarga,happy,0.2
pagi pagi dapat kabar bahagia,happy,0.01
awalnya gue sangat kesal dengan nj tetapi lama lama malah kasihan,sad,0.63
semangat pagi semoga hari ini dilimpahkan banyak rejeki amin,happy,0.08
enak banget tapi hanya bisa melihat,sad,0.78
kiraan jumat lah vibesnya kayak hari jumat sepi begitu,neutral,0.29
lelah sama keadaan sekarang agak random sih tadi pagi sama keluarga,sad,0.82
merasa tidak sih orang yang dekat banget sama kita sekarang satu per satu jauh banget sama kita sekarang jadi merasa asing begitu kadang diam diam suka ingin lari saja kalau ketemu orang itu apalagi kalau tidak sengaja ketemu di luar jadi canggung banget buat menyapa lebih dahulu,sad,0.62
kalau ada yang direct message ada yang marah tidak,neutral,0.28
takut,anxious,0.77
pemipin yang penting banyak ide bukan diberi ide terus menerus disetir bagaimana caranya bisa dalam jangka kurang tahun indonesia jadi super power rakyat makmur gampang kok kuncinya tanpa perlu menghukum koruptor segala tanpa hutang tanpa exploitasi sumber alam sanggup,happy,0.13
bangsat dikira saya hidup cuma apa buat suami apa gila ya,angry,0.98
paling suka sih sama line guardiannya yang terakhir kali seingat saya yang di versi thailand guardiannya juga bilang begitu after all life is a merely long term homestay itu benar benar kayak astaga mixed feelings banget pas dengar itu,happy,0.01
kehilangan semangat buat kenapa apa padahal sudah coba santai sama teman kantor,sad,0.6
takut gagal di presentasi besok tapi ya sudahlah waktu malam sendiri,anxious,0.87
halo cantik kebetulan aku sering di curhatin soal per pindah on an dan aku bisa kasih advice dengan jujur dan tegas but still ini a gentle way aku sering dijuluki counselor sama teman teman aku jadi jangan ragu ya buat cerita sama aku,neutral,0.34
akhirnya lolos interview kerja lucu di rumah sama keluarga,happy,0.22
terima kasih sudah belii semoga suka dan berguna dan membawa berkah ya,happy,0.19
pesan semangat mangkalnya kakak perempuan,happy,0.11
rl ku sumpah messed up ku kira yang online sudah fine fine saja jir taunya ya sudah kecewa banget tidak sih,sad,0.63
break dulu soalnya tidak mau kecewa untuk yang kedua kalinya sebelum ketemu yang benar benar tulus,anxious,0.89
kucing hilang lps sih chi nih hilang cha sudah xselera natural killer makan istri bgtw yang cha sudah kurus mknn favorit dia pun langsung sudah kali makan rindu sangat kita chi sebab dulu dia lah yang selalu jilat sih chi nih sebab chi nih adek masalah cket dia xblh jalan dengan normal adek masalah saraf kaki blka,neutral,0.3
sabtu ceria,happy,0.05
tidak sedih biasa saja kesal juga tidak tapi air mata tiba tiba keluar padahal feeling lagi kosong lucu gilss,neutral,0.25
sedih ya wak,sad,0.67
bingung dan takut ambil keputusan serius tadi pagi sendiri,anxious,0.9
makanya pada mengaji yang benar biar tidak bego,angry,0.92
malu kat fattah amin berlakon kayu pun dia tak tengok kamera tau,anxious,0.82
pagi kok sepi,neutral,0.25
jangan lupa bahagia,neutral,0.32
rasanya ingin marah terus banget di kantor sama keluarga,angry,0.73
baru menyadari dulu kenapa suka banget beli boneka babi jadi menumpuk di lemari begini astaga,anxious,0.73
jepang sgp takut gila,anxious,0.88
lelah sih tapi puas hasilnya bagus sih di kampus sama dia,happy,0.27
suka banget tapi tidak pernah tercantol,sad,0.7
sementara untuk sampel diambil relatif dekat transportasi massal di bawah kamu tergantung posisi rumah smtr lokasi jauh kamu atau tanpa opsi transportasi massal kecuali citra raya cikupa ada bis feeder swasta dari lokasi saja tentu sudah condong ke non transit,neutral,0.22
takut kalau hasilnya jelek dan kepikiran terus pas perjalanan,anxious,0.75
kalau akhir pekan begini adalah sudah biasa ganti dan alias budak event,neutral,0.34
tlku sepi mari cari moots baru,neutral,0.4
respect sama mu mampu menahan tim tebaik bornmounth adu penalti saja lucu,neutral,0.21
bahagia adalah ketika dapat bersama saling mencinta tanpa mempermasalahkan kekurangan yang kita punya,neutral,0.26
mimpinya kayak nyata diakhir akhir dia pergi menangis aku sedih benaran anjir rasanya sedih pakai banget,sad,0.57
kehilangan semangat buat kenapa apa tapi ya sudahlah di kantor sendiri,sad,0.81
sudah sabar tapi masih dibohongi padahal sudah coba santai di kampus,angry,0.81
program makmur dukung pertanian indonesia go petani sejahtera,happy,0.0
lelah sama keadaan sekarang sama teman kantor,sad,0.62
kalau emak ku koleksi kopi top yang gratis gelas kata mas kopi nya enak ya sudah ibuk beli sekalian dapat gelas nya,neutral,0.23
makan favorit hari ini bikin bahagia tapi ya sudahlah,happy,0.05
hari ini berat banget dijalani agak random sih waktu malam sendiri,sad,0.74
perubahan emosi dalam sehari,neutral,0.29
handphone aku rusak sksk sedih,sad,0.78
kesal banget sama orang yang tidak tepat waktu banget asli di kampus sama keluarga,angry,0.76
aku cuma ingin istirahat sebentar agak random sih di rumah sama teman kantor,sad,0.74
ini aku belum bilang ibu wkaka takut tidak diboleih,anxious,0.81
jangan terlalu banyak memikirkan sesuatu pikirkan saja apa kepentingan mu dan apa yang menjadi tujuanmu sisanya lupakan saja,neutral,0.3
ibuku sering bilang kalau kita menyisakan butir nasi saja tuhan akan menghukum kita genta kojima,neutral,0.33
masih susah pindah on dari kejadian itu padahal sudah coba santai bareng teman sama keluarga,sad,0.64
soalnya tiap ketemu yang mengakui suka banget sama muse kalau ditanya oh suka muse suka lagu muse apa supermassive dan starlight mas pergi jauh kamu,angry,0.92
kucing apa anjing bangsat,angry,0.91
dokter ngmongin pola pikir sama treatmentnya di sebelah mana mati semua ini saya masih hidup saya ngmong orang tua saya bahagia setelah mati karena saya ikhlas tidak saya mengajak debat biar pro pemerintah tidak najis reply saya baca lagi yang gagal menangani pandemic tidak indonesia cuma indonesia kok,angry,0.94
deg degan menunggu hasil pengumuman hari ini tadi pagi sendiri,anxious,0.96
sedih banget ketika orang tua ekonomi nya lagi susah tapi berusaha keras untuk kebutuhan anaknya maafkan aku ya pak yang selalu menyusahkan semoga nanti bisa berkali kali lipat buat bahagia ibu dan bapak,sad,0.68
rasanya ingin marah terus dari tadi kepikiran di kampus,angry,0.91
takut kalau hasilnya jelek di rumah sama teman kantor,anxious,0.92
akhirnya tugas selesai juga lega banget jujur saja pas perjalanan,happy,0.09
betul orang cakap kalau tak bodoh bukan bn namanya,angry,0.99
merasa sendirian akhir akhir ini dari tadi kepikiran,sad,0.8
itu maksud pengirimnya alhamdulillah tidak malu begitu yorobun,neutral,0.36
takut kalau hasilnya jelek tapi ya sudahlah di kampus sama keluarga,anxious,0.96
orang itu bikin emosi banget serius di kampus sama dia,angry,0.83
kenapa sih harus bikin masalah terus sama keluarga,angry,0.8
lagi berada di fase ingin menangis tetapi tidak tau kenapa bawaanya sedih saja padahal tidak ada yang menyedihkan,sad,0.66
lebih enak sahabat dulu baru jadian terus nikah,neutral,0.3
dopinge jo lali massee semangat mugo lancar berkah,happy,0.17
tim yang suka banget lihat angka tabungan menambah tetapi tetap tidak pelit sama diri sendiri apalagi buat makan tidak pelit juga buat beli beli kado dan lain lain kalau barang mahal ya menabung dulu atau menunggu ada bonus baru deh beli tidak tiap bulan belanja barang mahal berkedok self reward,neutral,0.24
akhir minggu ini seru banget sumpah bareng teman sama dia,happy,0.17
takut kalau hasilnya jelek padahal sudah coba santai bareng teman,anxious,0.78
kesal banget hari ini dan kepikiran terus waktu malam sama dia,angry,0.7
ya allah ya balik atuh sepi tidak ada kakak,sad,0.61
kehilangan semangat buat kenapa apa dari tadi kepikiran di kantor sendiri,sad,0.79
jangan sekali sekali memasuki wilayah apapun sembarang termasuk yang belum tahu sekalipun karena kita tidak tahu ada apa saja didalamnya,neutral,0.21
kenapa ya kalau tengah malam itu suka sedih sendiri berlarut larut terus semuanya kayak berkelebat di kepala mulai masa lalu masa sekarang masa depan itu whyy,sad,0.61
akhirnya tugas selesai juga lega banget sumpah tadi pagi sama keluarga,happy,0.09
oh hari ini tumben masih sepi lucu gue,neutral,0.34
aku waktu sekolah tidak suka nebeng ke teman cowok bahkan tidak pernah sepertinya soalnya tidak nyaman saja begitu kalau tidak ada kendaraan mending pakai kendaraan umum atau menelpon orang rumah meminta jemput,neutral,0.22
lelah sih tapi puas hasilnya bagus banget asli bareng teman sama keluarga,happy,0.08
berapa episode siapa takut jatuh cinta,neutral,0.29
harusnya sudah ketebak akan banyak kayak begini tapi tetap saja emosi bacanya,angry,0.94
kesal banget hari ini lucu di rumah sama dia,angry,0.65
merasa sendirian akhir akhir ini padahal sudah coba santai tadi pagi sama keluarga,sad,0.74
senang banget hari ini ketemu teman lama banget asli di kampus sama dia,happy,0.22
lucu wkwk santai saja ayo mutualan sini,happy,0.07
jangan jadi orang tolol lah anjing semua orang tau kalau kamu melakukan salah semua orang tau kalau kamu sampah kamu bajingan jadi jangan mengharapkan belas kasih dari orang yang sudah kamu kecewain,angry,0.98
ini itu berdasarkan pengalaman pribadi saya by the way memang memalukan and bodoh,neutral,0.3
kehilangan semangat buat kenapa apa dan kepikiran terus di kampus sendiri,sad,0.7
sedih banget kok ada orang kayak begitu rasanya mau ku ulek tau manusia bukan sih,sad,0.59
rasanya gugup terus hari ini banget asli pas perjalanan sama dia,anxious,0.8
tapi menurut gue kamu juga jangan terlalu cuek atau kecewa sama orang lah soalnya kamu harus sadarkan juga tidak semua orang harus mengerti kamu dan orang yang datang kehidupan kamu juga tidak selalu mau kamu kayak bagaimana sikap orangnya setiap individu memiliki karakter yang berbeda,neutral,0.32
semoga bisa jadi perempuan yang mandiri semoga bisa terus mencari duit sendiri semoga bisa tetap sayang sama diri sendiri biar orang tua dan keluarga bisa bahagia dan kalau suami banyak tingkah atau suka selingkuh bisa mantap meninggalkan mampu hidup sendiri,happy,0.14
di instagram cuma sesekali doang bikin cerita itu pun random isinya cuma biar kelihatan masih hidup saja takut dikira sudah mati,anxious,0.8
dan apa bila triliun saja uang di sumbangkan untuk pendidikan membantu siswa siswa yang belum bisa bayar sekolah tentunya bermanfaat sekali meringan kan pungutan liar di sekolah negeri agar tak terbeban kan kepada siswa tak mampu biaya pembangunan ruang kelas biaya guru honorer dan lain lain dan lain lain,neutral,0.24
hari ini produktif dan suasana hati bagus banget waktu malam,happy,0.13
akhir akhir ini cemas terus serius waktu malam sama keluarga,anxious,0.95
iya juga tidak ada dia dunia lini masa sepi,sad,0.61
deg degan menunggu hasil pengumuman jujur saja bareng teman sama dia,anxious,0.72
terima kasih ke dosen terima kasih ke orang yang tidak suka maaciw ke teman dekat terima kasih ke orang yang selalu ganggu hidup aku,neutral,0.3
lucu sama nderr tapi aku santai saja sih soalnya ada jaehyun teman rl ku yang memaki aku galakun pun cowoknya modelan ah sudahlah,neutral,0.23
pengadilan akhirat adalah pengadilan yang maha adil tunggu saja,neutral,0.22
dapat kabar baik dari keluarga tadi pagi serius pas perjalanan,happy,0.12
senang banget hari ini ketemu teman lama dan kepikiran terus tadi pagi sama dia,happy,0.19
sudah normal lagi dong,neutral,0.23
padahal akun ini sepi beda sama first acc ku tapi aku lebih betah di sini,neutral,0.24
masih susah pindah on dari kejadian itu dan kepikiran terus bareng teman sama teman kantor,sad,0.57
bingung dan takut ambil keputusan waktu malam sama dia,anxious,0.81
masih susah pindah on dari kejadian itu lucu di kampus sama keluarga,sad,0.58
janlup sarapan semangat buat hari ini,happy,0.18
kecewa banget sama hasilnya lucu di kantor sama teman kantor,sad,0.57
takut gagal di presentasi besok banget asli pas perjalanan sama keluarga,anxious,0.98
aduh jadi malu,anxious,0.82
lelah sama keadaan sekarang banget pas perjalanan sama keluarga,sad,0.82
alay but pkn se tidak suka itu aku sama pkn dan kebetulan dikasih tugasnya banyak banget,sad,0.62
begadang boleh saja kalau ada artinya hyung,neutral,0.32
kepleset di depan abang gojek sudah sakit malu juga,anxious,0.87
akhirnya lolos interview kerja hari ini di kantor sama dia,happy,0.28
aku bukan bermaksud nak biadab tapi kok paham tak bila dalam ramai adik beradik dalam rumah nih parent kok asyik sebut nama kok je cari barang tak jumpa pun marah kok seorang je paham tak rasa macam aku seorang jeke anak kenapa semua orang kali boleh tengok i bahagia,angry,0.98
marah banget karena pekerjaan berantakan jujur saja bareng teman sama keluarga,angry,0.88
hanya orang bodoh melakukan kesalahan yang sama berulang kali,neutral,0.2
emosi lihat komentar orang tadi banget di kantor sama teman kantor,angry,0.67
merasa pintar bodoh saja tak punya,neutral,0.39
kepikiran banyak hal sampai susah tidur jujur saja di kantor sama dia,anxious,0.82
sapa tau bangun kaget,neutral,0.37
anxious banget sebelum meeting tadi dan kepikiran terus bareng teman sama dia,anxious,0.8
lanjut gais bbc skincare ini produk lokal ya yang paling aku cinta dan suka itu karena tekstur creamnya lembut tidak lengket di mengaplikasikan ke muka enteng kayak tidak pakai apa tidak ngedempul kulit muka jadi cerah dan glowing natural,neutral,0.3
maaf tadi awal lihat tertawa kiraan lagi cosplay jadi pocong pas tau memang emengnya meninggal jadi sedih maafkeun ya emeng,sad,0.7
takut brodi kapal sebelah,anxious,0.87
sebenarnya takut anjing memakai ava muka sendiri,anxious,0.85
kita tengah bersiap dia call memang kena marah lah duit pun tak ada hutang apa pun tak tahu lah,angry,0.87
jadi lapang terang enak ya buat jalan,neutral,0.21
jiminn terima kasih sudah berjuang untuk pulih senang banget dengar kabar kamu sudah keluar rumkit tinggal masa pemulihan istirahat yang banyakk ya malaikatnya army,happy,0.08
kalau ketemu orang dan dia kelihatan murung coba tanya dia fan mu bukan mu kalahh cuk,angry,0.98
kehilangan semangat buat kenapa apa banget asli waktu malam sama keluarga,sad,0.58
aku cuma ingin istirahat sebentar tapi ya sudahlah di rumah sendiri,sad,0.84
kamu tau seberapa saya keselnya di shop tidak ada sama sekali paketnya harus cek histori sama recommend for kamu baru kelihatan kan tidak jelas bikin emosi pagi pagi benci banget pakai mytelkomsel tidak jelas,angry,0.86
cari bubur ayam yang ada malah bubur sumsum but issokey lah sama sama enak juga selamat makan,happy,0.01
merasa sendirian akhir akhir ini dan kepikiran terus sama teman kantor,sad,0.58
malu,anxious,0.85
park shin hye son yejin bagiku kayak itu ratunya drama sedih,neutral,0.36
mau all goes well ya kakaak walaupun begitu begitu saja like kamu said oh iya stay aman and stay healthy soalnya kasus di sana sudah mulai naik itu si concerning t t i sama doing all fine kok cemas sedih sedikit tapi tidak apa apa aku kuat hihi,sad,0.65
kecewa banget sama hasilnya agak random sih bareng teman,sad,0.55
kalau yang sa ini gue adalah orang yang gue lumayan suka juga ya bisa jadi jadian kalau nyaman kalau yang sa ini gue cuma gue anggap teman ya kadang masih bisa jadi teman tapi ada juga yang nge blok padahal yang suka dia bukan gue tapi ngamok dan juga tidak pernah mengobrol ya gue kan bingung,sad,0.5
lelah sama keadaan sekarang bareng teman sama keluarga,sad,0.63
deg degan menunggu hasil pengumuman jujur saja di kampus sama keluarga,anxious,0.95
dapat kabar baik dari keluarga tadi pagi jujur saja waktu malam,happy,0.11
kabar bahagia banget pagi ini,happy,0.01
kecewa,sad,0.67
emosi mulu kayak ahok,angry,0.98
kepikiran banyak hal sampai susah tidur banget di kampus sama dia,anxious,0.83
jangan hiasi wajah dengan sedihmu karena kamu tak pernah tahu seseorang bahagia hanya melihat senyummu,happy,0.11
bangun jam tadi karena mimpinya sedih barusan tidur lagi menit mimpinya malah lanjut another day of waking up dengan a heavy heart tidak enak,sad,0.52
senang banget hari ini ketemu teman lama agak random sih di kantor sama teman kantor,happy,0.29
electro batman memang bangsat sih,angry,0.97
bigbang alive tour memang sudah lewat tetapi buat para vip yang mau koleksi aksesorisnya jangan khawatir langsung cek favorit kami saja,neutral,0.35
senang banget hari ini ketemu teman lama padahal sudah coba santai pas perjalanan,happy,0.09
takut gagal di presentasi besok agak random sih pas perjalanan sendiri,anxious,0.82
di sini sepi banget,neutral,0.28
pernah juga saya ke sekolah pakai kutek merah muda mana datang telat lucu gue ya ampun malu banget sudah telat mana jelas melanggar aturan sekolah ya sudah terpaksa dihapus,sad,0.59
kangen mawar juga kamu apa kabar,neutral,0.28
lelah sih tapi puas hasilnya bagus padahal sudah coba santai di kampus,happy,0.07
kesal banget hari ini padahal sudah coba santai di kantor sama dia,angry,0.74
senang banget hari ini ketemu teman lama jujur saja sama teman kantor,happy,0.06
ya sepi kan masih pagi ini tapi pasar ramai deh kayak nya,neutral,0.22
akhir akhir ini cemas terus sih di kantor,anxious,0.89
all of us are dead puncaki netflix di negara apa yang bikin menarik,neutral,0.26
semangat,happy,0.08
lelah sih tapi puas hasilnya bagus banget bareng teman sama teman kantor,happy,0.09
padai nya yang bodoh sahaja masih percaya mereka berdua wkwk ph tak akan jatuh sehingga pru tetapi sebab kebodohan sendiri maka hilang semua fakta itu,neutral,0.37
akhirnya lolos interview kerja agak random sih di kampus sama keluarga,happy,0.05
di sini sepi ya,neutral,0.22
legowo itu adalah semangat,neutral,0.21
terkadang kita selalu memaafkan seseorang hanya karena takut kehilangan,anxious,0.76
ingin banget punya pekerjaan yang santai bisa sambil jalan jalan tapi gaji tetap oke,neutral,0.28
jangan sudah lucu minimal suasana hati kamu normal aka stabil saja soalnya mental kamu akan terguncang,neutral,0.27
yess tidak sepi,happy,0.2
deg degan menunggu hasil pengumuman tapi ya sudahlah pas perjalanan sama keluarga,anxious,0.82
rasanya kosong saja hari ini agak random sih di kampus sama teman kantor,sad,0.77
oke karena salah ukuran pas beli kita jual saja atau tukar size xl orang l ya sabii jersey home timnas indonesia sz xl lok cibinong pakansari harga ke bnwt sudah freeong se pulau jawa foto hanya pemanis yang asli masih rapi terbungkus plastik,neutral,0.31
iya sis sudah takut gosong soalnya kalau tidak dibalik,anxious,0.75
mondol sekamar orang ngirit masak ramai ada yang bawa panci kompor dandang beras kurang enak perbanyak micin,neutral,0.38
komentarnya tidak jauh dari kata normal sakit hati gue bacanya,sad,0.68
lucu wkwk bangsat,happy,0.09
ah takut,anxious,0.76
gemini memang seburuk itu kah jadi sedih,sad,0.69
begitu pindah ke dokter cowok yang seusia dia sampai sekarang sama nih dokter ya tidak ada itu judge ini itu di support habis habisnya apapun keputusan ibunya soal perkembangan solutif soal makan solutifnya luar biasa emaknya keluar ruang dokter dengan muka happy karena dapat solusi,neutral,0.32
kesal banget sama orang yang tidak tepat waktu sih di rumah sama dia,angry,0.71
semangat acaranya cantik,happy,0.11
eng nya aku juga sedih kalau kamu sedih itu i sama sad that kamu re sad bukan,neutral,0.29
ayo kaya kita semangat bareeng ramein opmemnya wixst ya,happy,0.09
rasanya gugup terus hari ini hari ini bareng teman sama teman kantor,anxious,0.87
terima kasih kamu aii sumpah i takut sekarang terpaling redha sudah nih,anxious,0.82
hari ini produktif dan suasana hati bagus serius sendiri,happy,0.16
kesal banget sama orang yang tidak tepat waktu jujur saja di rumah sama dia,angry,0.67
semangat dhii rest well ya,happy,0.04
khawatir sama kondisi sekarang dari tadi kepikiran bareng teman sendiri,anxious,0.73
saya pernah resign dan memutuskan untuk berbisnis setelah saya resign saya tetap bangun pagi dan pakai kemeja terus nongkrong kerja di cafe sampai sore agar tetap terlihat bekerja semua itu saya lakukan agar ibu dan bapak saya tidak khawatir dengan keadaan saya cukup menyedihkan,sad,0.69
pasti sedih dan lelah juga semangat ya firdyy,neutral,0.26
anxious banget sebelum meeting tadi dari tadi kepikiran bareng teman,anxious,0.7
hari ini berat banget dijalani dan kepikiran terus waktu malam sama dia,sad,0.74
bukan hanya seperti hotel tempat hiburan atau kuburan sehingga sepi dari ibadah,neutral,0.37
kesal banget hari ini banget asli di rumah sama dia,angry,0.9
marah banget karena pekerjaan berantakan serius di kampus sama keluarga,angry,0.73
kok sepi ya lini masa saya,neutral,0.25
jangan malu a,neutral,0.38
kehilangan semangat buat kenapa apa agak random sih tadi pagi sama keluarga,sad,0.61
berlaku buat seller juga sih kalau sudah ada yang take at least ngabarin ke calon buyernya biar sama sama enak kalau sama sama ghosting ya bagaimana lucu takut juga,anxious,0.76
sepasang muda mudi lagi menonton bioskop ceweknya berbisik mas ada orang onani di sebelahku cuekin saja kata cowoknya tidak enak mas dia paksa pakai tanganku takut,anxious,0.83
takut gagal di presentasi besok hari ini bareng teman sama keluarga,anxious,0.74
senang deh solonya mark bukan lagu marah marah mentok karena gue tidak suka lagu marah marah lucu,happy,0.17
kehilangan semangat buat kenapa apa tapi ya sudahlah,sad,0.67
kenapa bisa ada orang terserah terserah sih lelah anjing kamu kalau ditanya jawab dong iya atau tidak mau atau tidak ya allah emosi saya,angry,0.96
sudah sabar tapi masih dibohongi sih di kampus sama keluarga,angry,0.95
iya anjir deobo tidak ada kabar sama sekali agak kawtir,anxious,0.77
kenapa sih harus bikin masalah terus tapi ya sudahlah bareng teman sama dia,angry,0.65
terlampau taksub pun susah ended up menampak macam orang bodoh,angry,0.92
dapat kabar baik dari keluarga tadi pagi di kantor,happy,0.3
kok stabilitas negara memange tahun negara tidak aman bahkan susilo bambang yudhoyono menyuburkan organisasi masyarakat radikal intoleran teroris yang berafiliasi ke partai tertentu narasi klhtn intelektual tetapi bodoh,angry,0.93
masih susah pindah on dari kejadian itu sumpah tadi pagi sama keluarga,sad,0.65
meminta maaf habis cerita begitu aku jadi bersyukur banget punya bestie dia yang kujadiin tempat cerita sedih selalu ada buat cerita random juga selalu ditanggapi sama dia dia juga begitu ke aku kalau menceritakan pacarnya bisa sampai berjam jam,happy,0.04
ada dunia yang lebih indah walau kecil di dalam semesta yang luar biasa ini,neutral,0.35
tidak saya biasa begitu anggap saja kayak me time kan sendirian juga,neutral,0.34
rasanya gugup terus hari ini pas perjalanan,anxious,0.83
terima kasih ya sudah bikin hariku lebih baik banget asli bareng teman sendiri,happy,0.05
kalau sedih kenapa,neutral,0.26
luar biasa pak,happy,0.16
senang banget ya bisa mengumrohkan orang banyak,happy,0.07
semangat nder kalau mau cerita silakan,neutral,0.29
mbakk aku kalau jadi kamu akan malu banget sih coba bikin pernyataan permintaan maaf dulu terus habis itu rest lucu tetapi semoga tidak blunder lagi ya soalnya aku lihat twit kamu akhir ini suka blunder,anxious,0.79
rasanya sedih banget akhir akhir ini dan kepikiran terus waktu malam sama dia,sad,0.6
korea pelapis sama utama tidak kelihatan beda saking tidak kelihatan sepak terjang pemain utamany di menstruasi tapi takut saja kejutan racikan gado nya sih suka surprise,anxious,0.72
buat para pembenci paling pak presiden jokowi cuma tersenyum dan tetap berprasangka baik kepada pembencinya tidak terlintas rasa dendam sedikitpun ikhlas dan beliau super sabar ingat nabi muhammad saw saat dibenci oleh yahudi hindun begitulah islam yang rahmatan lil alamin,neutral,0.23
hari ini aku libur dan fict maitake sepi punya masalah apa sih duniaa arghh,sad,0.69
geram banget sama pelayanan tadi banget asli tadi pagi sama dia,angry,0.76
claire tersenyum kecil dan menerima permen tersebut dengan suara terima kasih yang pelan ia membuka bungkusnya dan dengan tanpa ragu mengambil salah satu manisan berbentuk kacang tersebut dan mencicipinya,neutral,0.2
sedih mart mu tak ada piala musim nih,sad,0.62
sudah sabar tapi masih dibohongi padahal sudah coba santai bareng teman,angry,0.73
saya tidak sanggup banget sama gacie tumbalin saja ke zombie secara suka rela nanti,angry,0.93
malam ini kepikiran terus jadi sedih agak random sih waktu malam sendiri,sad,0.59
fan fiction ya hem romance sih soalnya itu genre paling aman sebenarnya ini general sukanya famili tragedy tapi kalau lagi butuh dua itu aku larinya ke film jarang lari ke fan fiction soalnya i tend tapi expect dan takut kecewa nanti jadi tidak comfortable lagi,anxious,0.88
hari ini berat banget dijalani dan kepikiran terus di kantor,sad,0.56
memang dasar nya pada tolol semua yang komen begitu,angry,0.97
takut banget,anxious,0.86
merasa sendirian akhir akhir ini dan kepikiran terus bareng teman sama keluarga,sad,0.76
hormat kepada angin semangat everybody nanti kita akan selesai pada waktunya,happy,0.15
apa takut buka st acc kan aku punya allah,neutral,0.28
kalau pap normal mau,neutral,0.32
aku cuma ingin istirahat sebentar sih di kantor,sad,0.76
sarapan bubur tidak pakai kacang dan tentu saja diaduk,neutral,0.33
terima kasih banyak ya kamu sudah suka berani bilang kayak begini sama aku tapi maaf karena aku kayaknya masih nyaman sendiri maaf ya semoga kamu bertemu sama orang yang lebih baik aku biasanya begitu kadang langsung aku blok,neutral,0.22
enak parah sih,happy,0.18
semoga bisa cepat pulih,neutral,0.31
jangan pernah benci sama orang bisa saja dia jodoh kamu,anxious,0.75
huhu jiheon graduation yaabakalan kangen belajar bareng jiheon aku kalau mengerjakan tugas suka sekalian menonton vlog jiheon yang belajar biar kayak belajar bareng jiheon begitu sedih banget jiheon tidak bisa datang gradupadahal ingin lihat dia,neutral,0.33
rasanya sedih banget akhir akhir ini sih di rumah,sad,0.67
emosi juga tegak banyak post dari owner yang kematian kucing akibat virus parvo bukan emosi sebak emosi nak marah tolonglah vaksin kucing dulu aku tak tau juga pntgnya vaksin untuk kucing,angry,1.0
kesal banget hari ini lucu tadi pagi sama teman kantor,angry,0.87
sedih lihat kamu bisa lebih bahagia dengan orang lain,sad,0.72
cuma kaget doang,anxious,0.74
aku butuh kepastian bukan harapan palsu,angry,0.97
lelah sama keadaan sekarang dan kepikiran terus sama keluarga,sad,0.57
aku cuma ingin istirahat sebentar banget sama teman kantor,sad,0.74
stretching biasa yang saya lakukan itu child pose dan cobra pose dan biasa ini detik,neutral,0.2
aku benci kamu,angry,0.88
kakak maaf pagi pagi malah marah marah,angry,0.86
hai ayaa semangat ya buat hari ini have a great day,happy,0.08
sepi itu datang lagi motivasinya pun kembali turun tetap berusaha kuat agar apa yang ingin dicapai tidak terlewat,neutral,0.32
iya takut banget soalnya fc rpku pakai thailand juga,anxious,0.86
kenapa sih harus bikin masalah terus hari ini tadi pagi sama keluarga,angry,0.82
iyakan semangat ngapalin treasure nya,happy,0.13
ada nih kak isvaya nderr kalau masih ragu boleh cek dulu profiles nya di flipbook atau langsung saja direct message ke charie ya,neutral,0.36
waktunya kurang tepat kalau mau ke indonesia apalagi di sini masih meningkat itu cvd aku takut dia kenapa kenapa apalagi akhir akhir ini jadwal dia banyak banget cukup di korea saja jangan ke indonesia dulu semoga,anxious,0.84
kepikiran banyak hal sampai susah tidur hari ini di kantor sama teman kantor,anxious,0.88
bingung dan takut ambil keputusan dan kepikiran terus di kantor,anxious,0.86
terima kasih ya sudah bikin hariku lebih baik agak random sih bareng teman,happy,0.18
nothing is impossible memang benar adanya bukan hanya melulu tentang harapan dan rasa senang tetapi kecewa dan rasa sedih pun ikut andil di dalamnya,neutral,0.29
kehilangan semangat buat kenapa apa padahal sudah coba santai pas perjalanan sama dia,sad,0.61
mama selalu pesan pergi hospital buat check up tak sayang mama ke mama sebab terlalu sayanglah akak nak sentiasa ada dengan orang orang yang akak sayang dari duduk hospital dan susahkan orang insya allah akak masih kuat doakan ya doa mama itu yang lebih hebat,neutral,0.23
kecewa banget sama hasilnya serius tadi pagi sama teman kantor,sad,0.58
pagi buta sarapan nasi chiki boncabe hem perut mulai agak tidak enak,sad,0.73
syiap deh kalau kayak bertanya langsung ke intinya saja,neutral,0.28
rasanya ingin marah terus tapi ya sudahlah di rumah,angry,0.9
tidak heran coba apalagi bisanya cuma begitu doang,neutral,0.4
geram banget sama pelayanan tadi tapi ya sudahlah di kampus sama dia,angry,0.81
rasanya ingin marah terus padahal sudah coba santai sama dia,angry,0.71
walah jadi kamu yang suka kentut diam diam mana bau banget lagi anjing,angry,0.88
amin allahumma amin semangat pagi,happy,0.05
sudah mencoba dari pagi siang sore malam sampai jam subuh juga tidak bisa terus aku panik dong,anxious,0.86
kadrun pintar mencari pengikut dari kalangan publik figur yang bodoh,neutral,0.3
kenapa ya orang suka banget ujar kebencian tidak memikirkan perasaan orang lain itu sedih atau kepikiran begitu aku jadi takut makin banyak orang jahat,anxious,0.8
hari ini berat banget dijalani di kantor sama teman kantor,sad,0.73
hai juga boleh berteman tidak min jujur twit kamu seru banget dan sering seliweran di lini masa suka lihatnya telat tidak sih min baru menawari diri di,happy,0.04
rasanya sedih banget akhir akhir ini tapi ya sudahlah tadi pagi sama keluarga,sad,0.83
takut puasanya tidak sah,anxious,0.78
biasa sebelum keluar dari bilik dentist itu check dulu kalau tlebih suruh dentist potong dengan cutter,neutral,0.39
bahagia kamu sedih amat sayang melibatkan orang lain yang bahkan tidak peduli kamu seperti apa terima kasih yuan selalu sayang diri sendiri dan menghargai masa lalu dengan tidak berdrama di masa depan,happy,0.16
marah banget karena pekerjaan berantakan sumpah sendiri,angry,0.82
cemas memikirkan masa depan padahal sudah coba santai di kantor sama dia,anxious,0.91
sejujurnya ingin marah karena dia yang mendadak pakai ikut masuk mobil cuma yang ditakutin bukan diri sendiri sakit tapi takutnya bawa penyakit ke orang rumah,angry,0.95
lelah sih tapi puas hasilnya bagus banget pas perjalanan sama teman kantor,happy,0.2
menurutku ya secara acting sudah tidak diraguin lagi ya sih prilly dapat pesannya juga kok cuma dari segi alur agak tidak pas bikin kaget kenapa bisa begini begitu akhirannya agak gantung juga,neutral,0.24
sumpah sedih banget ini,sad,0.8
lelah sama keadaan sekarang lucu di rumah sama teman kantor,sad,0.73
mobilnya mantap uii kayak di iklan di berita maknyuss senang,happy,0.01
mam coklat tidak takut gigi itu,neutral,0.24
sedih tidak sih harus dengar hal yang kayak nya kalau di dengar bikin ovt sedih dan yang lainnya,sad,0.78
amin semoga hari ada yang tercantol ya semangat,happy,0.14
bismillah asalamualaikum alaikum semangaat pagi yakinlah setiap hal yang kamu perjuangkan pasti akan bertemu dengan hasil yang kamu inginkan meski tak sama persis meski jalannya penuh tangis tetaplah semangat kamu kuat kamu hebat,neutral,0.28
anxious banget sebelum meeting tadi lucu sama dia,anxious,0.74
khawatir sama kondisi sekarang sumpah di kampus sama keluarga,anxious,0.82
sarapan dulu biar semangat,happy,0.13
kenapa sih harus bikin masalah terus tapi ya sudahlah bareng teman sama dia,angry,0.65
takut gagal di presentasi besok serius tadi pagi sama teman kantor,anxious,0.84
kecewa banget sama hasilnya di rumah sama keluarga,sad,0.63
geram banget sama pelayanan tadi dari tadi kepikiran pas perjalanan sama teman kantor,angry,0.89
tetap kaget walaupun tidak menonton,anxious,0.8
senyum sendiri pas ingat kejadian tadi lucu di kantor sama keluarga,happy,0.07
anjir saya malu guekira suara rose kagett,anxious,0.75
pak anis for presiden insyaallah saya dukung kenapa karena rekam jejak beliau yang baik walaupun beliau pernah dikhianati tapi beliau tidak dendam membalasnya dengan pekerjaan hasil yang baik bukan cuma omong doang bacot yang di kedepankan namun mengedepankan hati kecerdasan,angry,0.91
setiap orang memang punya cara masing masing menikmati satu hal tapi terkadang sesuatu yang memang tengah dicari tidak akan bisa ditemukan di satu tempat yang sama tentu saja saya tidak keberatan dengan kedua panggilan tersebut,neutral,0.33
bismillah semoga saja beruntung done,happy,0.14
rasanya sedih banget akhir akhir ini serius bareng teman sama keluarga,sad,0.7
lelah sih tapi puas hasilnya bagus tapi ya sudahlah di kampus sendiri,happy,0.2
apa memikirkan buat begitu wasting time banget dan tak penting mending hidup bahagia lucu hihi terus menjadi lebih baik,angry,0.89
malu meminta belikan paket zenius,anxious,0.83
sumpah saya benci banget orang kayak begini kalau tidak suka lebih baik diam daripada melakukan sesuatu yang bikin sakit hati kalau ibunya sampai tau bagaimana sakit nya anaknya dibegitukan mbak nya sudah sempurna apa benci banget sama orang yang mandang fisik,angry,0.92
saya heran kenapa masih pada bilang funny dan tak tau deh apa normal di sana kah padahal jelas salah satunya kelihatan tidak nyaman dan sialan banget pakai ada yang bahas masa lalu sama oh dasar hater dan fan sih sana kan kamu bangkai pagi bikin naik darah saja,angry,0.98
marah muluu,angry,0.86
ingin tidurr tapi takut kebablasan soalnya bentar lagi mau bimbel,anxious,0.71
aku cuma ingin istirahat sebentar sih sendiri,sad,0.83
geram banget sama pelayanan tadi dari tadi kepikiran tadi pagi sendiri,angry,0.78
mau siapapun lawan ina gue tetap takut tembus semifinal pun juga lawan dari grup b seram semua,anxious,0.75
takut kalau hasilnya jelek hari ini di kampus,anxious,0.8
semangat trisya happy akhir pekan,happy,0.01
geram banget sama pelayanan tadi lucu di kantor,angry,0.87
mau banget kakak dari awal nge stan bangtan belum kebeli album merch army bomb sedih banget,sad,0.64
sabtu yang cerah,happy,0.05
orang itu bikin emosi banget banget di kampus sama keluarga,angry,0.78
anjrit saya lagi sedih baca ini malah tidak jadi sedih,sad,0.73
bagus untuk menampol sisi patriaki warga sokor yang sangat super duper kuat paling suka adegan mereka makan malam bareng kantor terus sih ketuanya yang mana cowok bisa seenak jidat makan dimeja karyawan cewek jiwoo terus berantakan banget lagi makannya sumpah itu adegan,angry,0.89
woilah pagi pagi bikin emosi anjir,angry,0.94
mampus pelatih dance saya pasti marah banyak yang izin,anxious,0.75
senyum sendiri pas ingat kejadian tadi banget asli bareng teman sama keluarga,happy,0.09
butuh sayang biar semangat mengerjakan skripsi,happy,0.07
tiba mimisan gaktau kenapa penyebabnya dahal baik saja kaget juga sudah lama tidak kejadian kayak beginian,anxious,0.74
alhamdulillah tidak jadi malu,happy,0.08
akhir minggu ini seru banget di rumah,happy,0.11
senyum sendiri pas ingat kejadian tadi hari ini di rumah sama teman kantor,happy,0.19
kebanyakan orang menilai ku adalah seorang kata bodoh demikian malah sebaliknya selamat pagi dunia,neutral,0.25
ah tidak mengerti sama aturan kerumunan kena sanksi ada yang cuma denda ribu ada yang kena juta ada yang juta plus penjara bulan ah sudahlah lelah sama yang beginian maafkan saya yang bodoh dan dungu ini,sad,0.65
ini lucu fix ini enak banget,happy,0.04
paling sedih waktu orang tua sudah kehilangan masa jaya lucu gue dulu bisa kali tiap hari order makanann entah mc donalds phd kentaki fried chicken dan lain lain sekarang kalau mau order menunggu menang giveaway itu pun ada batasan belinya karena harus hemat sedih banget sih tapi ya yang namanya dunia pasti memuter,sad,0.64
kayaknya akan enak banget,neutral,0.23
kesal banget sama orang yang tidak tepat waktu dari tadi kepikiran di rumah sama keluarga,angry,0.83
rasanya ingin marah terus padahal sudah coba santai tadi pagi,angry,0.68
agak takut tapi tidak apa apa,anxious,0.8
yang membantai guru di prancis itu bukan jaringan teror hanya karena anak pelaku memfitnah guru tersebut telah menggambar nabi maka dipenggal lah guru tersebut keji,angry,0.97
makan favorit hari ini bikin bahagia dari tadi kepikiran,happy,0.21
senyum sendiri pas ingat kejadian tadi padahal sudah coba santai di kantor sama keluarga,happy,0.12
ayo semangat nih,happy,0.0
bangsat benar juga,angry,0.89
aku cuma ingin istirahat sebentar dan kepikiran terus tadi pagi sama dia,sad,0.67
lakaka ikut bahagia melihat ini,happy,0.06
bangsat off target lagi,angry,0.99
jadi takut pacaran,anxious,0.75
lelah sama keadaan sekarang serius bareng teman sama dia,sad,0.73
rasanya gugup terus hari ini agak random sih pas perjalanan sama teman kantor,anxious,0.95
dia makan mie di tempat biasa ibunya belanja,neutral,0.24
hari ini berat banget dijalani jujur saja di kantor sendiri,sad,0.82
akhir akhir ini cemas terus lucu tadi pagi sama dia,anxious,0.92
eng guys aku habis bikin poem bahasa inggris lagi hihi pada menangkap maksudnya kah takut tidak sampai meaningnya,happy,0.06
bahagia secukupnya sedih seperlunya mencintai sewajarnya membenci sekadarnya bersyukur sebanyak banyaknya,neutral,0.33
kesal banget sama orang yang tidak tepat waktu dan kepikiran terus di kantor sama keluarga,angry,0.7
takut pc saya tetap di kolbuk,anxious,0.75
kabar atashi juga baik nih,happy,0.16
beyb sabtu begini biasa ramai tidak ya by the way semangat ya semua semoga hari ini laris manis,happy,0.07
aku saat mengerjakan skripsi teman teman sudah seminar proposal dan aku masih stuck sama dospem yang tidak ada kabar minggu alhamdulillah lulus masih suka tidak menyangka,neutral,0.3
marah banget karena pekerjaan berantakan jujur saja pas perjalanan sama dia,angry,0.84
tidak aku biasa sendiri nder,neutral,0.39
semangat om apapun pekerjaannya yang penting halal jangan menyerah terus berusaha dan kerja keras insya allah berhasil,happy,0.03
merasa sendirian akhir akhir ini jujur saja sama keluarga,sad,0.58
khawatir sama kondisi sekarang tapi ya sudahlah bareng teman sama keluarga,anxious,0.77
juara bukan hanya sekadar usaha dan menang tapi harus bisa bersyukur kalau tidak ada rasa bersyukur tidak akan ada rasa puasnya dan tidak akan tenang jadi ingatlah untuk bisa bersyukur,neutral,0.27
pagi pagi buka twit langsung dapat kabar baik jimin sudah negatif dan tinggal pemulihan pasca operasi senang banget aku itu sudah lega rasanya terus jaga kesehatan ya baby mochi,happy,0.18
dapat kabar baik dari keluarga tadi pagi padahal sudah coba santai pas perjalanan sama dia,happy,0.2
anxious banget sebelum meeting tadi lucu pas perjalanan sama teman kantor,anxious,0.73
deg degan menunggu hasil pengumuman tapi ya sudahlah sama teman kantor,anxious,0.88
kalau sudah offer itu sudah takut mending kasih harga pas nya,anxious,0.71
bangsat gue lagi nyanyi nyanyi di dapur ternyata ada orang luar yang lihat dari pintu dapur,angry,0.89
kesal banget hari ini serius sendiri,angry,0.93
wkskwkw aku juga pernahh jadinya sampai tidak bisa buat buka galeri ya allah lelah banget ya handphone penuh itu wkskwk semangat anya bersih bersihnya lucu gue hapus apakah yang sudah tidak dipakai saja,happy,0.2
marah banget karena pekerjaan berantakan jujur saja pas perjalanan sama dia,angry,0.84
selamat ulang tahun jisung semoga kamu selalu dikelilingi orang orang baik selalu diberi kesehatan dan semangat untuk coba nya ya,happy,0.19
kenapa sih harus bikin masalah terus tapi ya sudahlah di kantor sendiri,angry,0.67
waktu punya ld belum pernah deh iseng kenain ke air lucu takut,anxious,0.75
jarta sama ael pagi pagi sudah bikin emosi anjing,angry,0.92
aduh gue kalau hujan begini panik takut bocor lagi,anxious,0.72
kesal banget sama orang yang tidak tepat waktu agak random sih pas perjalanan sama keluarga,angry,0.89
aku pakai skintific enak nder gel begitu tidak bikin banyak minyak juga di muka aku yang oily tidak bisa banyak review karena baru semingguan pakenya,happy,0.07
benar sih di tempat ku kerja suka ada kakek sudah tua banget mata nya katarak jalan nya juga pelan banget kesusahan dia mikul jualan tape dan lain lain kadang sudah sore pun dagangan dia masih banyak aku kadang menangis sendiri ini anak nya mana serasa melihat ayah sendiri sedih banget,sad,0.78
saya bisa masak saya ini sudah ada bekal untuk main benda tajam dan minyak panas jadi tolong hargai saya dan jangan bikin saya marah,angry,0.87
hari ini produktif dan suasana hati bagus agak random sih sama teman kantor,happy,0.07
merasa sendirian akhir akhir ini sumpah tadi pagi sama teman kantor,sad,0.84
memimpikan kok bikin emosi orang bikin lapar lagi pokok e maadyaang sugeng anjing happy akhir pekan,angry,0.99
lelah sama keadaan sekarang sih di kantor sama keluarga,sad,0.6
akhirnya tugas selesai juga lega banget pas perjalanan sama teman kantor,happy,0.09
have a nice akhir pekan chii semangat hari ini,happy,0.16
oi tolong lah mu kalau lagi tolol tololnya kebangetan banget,angry,0.94
pilihlah warna warna cerah seperti hijau biru atau merah muda untuk warna lantai dan tembok kamar mandi anda,neutral,0.28
rasanya gugup terus hari ini serius pas perjalanan sama keluarga,anxious,0.79
kadang cewek suka memasang topeng sok tegar sok fine sok ini pergi be ok padahal hatinya lagi menyesal banget,sad,0.55
takut banget kena polusi mau isoman dulu,anxious,0.85
sedih banget lihat xiaojun meminta maaf karena wayv belum bisa coba,sad,0.65
nih betul punya marah,angry,0.9
kehilangan semangat buat kenapa apa lucu tadi pagi sendiri,sad,0.69
takut euy,anxious,0.72
karena sehat itu kenikmatan yang luar biasa yuk bergerak biar sehat,neutral,0.3
rasanya kosong saja hari ini tapi ya sudahlah waktu malam sama keluarga,sad,0.73
kertas hiyo cakap banget baru lihat sekarang itu sudah dari tanggal jangan sedih ini hiyo benaran cantik,sad,0.79
kecewa banget sama hasilnya banget tadi pagi,sad,0.83
terima kasih sudah berjuang sejauh ini bertahan sekuat kuatnya jangan pernah mengeluh terus berjuang terus semangat walau sendiri jangan bersedih masih ada tuhan yang mau menemani tiap saat for me,happy,0.07
khawatir sama kondisi sekarang lucu di rumah sama keluarga,anxious,0.88
benci banget lihat seorang profesional begini kelihatan banget tukang nyinyir memang di kedokteran tidak ada kode etik yang mengatur tentang etika bersosial media ya,angry,0.9
kriting bego syiah laknat,angry,0.91
apalagi bodoh,angry,0.87
anxious banget sebelum meeting tadi agak random sih pas perjalanan sendiri,anxious,0.91
kamu saja kali yang terbebani aneh kalau tidak mau menolong ya sudah tidak usah aneh banget sih kamu gue saja tidak terbebani malahan suka menawari boncengan kaaya baru bisa naik motor saja monyet,angry,0.87
aku cuma ingin istirahat sebentar sumpah waktu malam,sad,0.66
senyum sendiri pas ingat kejadian tadi sih di kantor sama keluarga,happy,0.21
padahal aku suka banget supergirl tapi dihilangin dari channelnya aduh sad banget,sad,0.6
pertanyaan salah jawaban salah jawaban salah emosi salah emosi salah keputusan salah keputusan salah tindakan salah tindakan salah hasil salah hasil salah nasib salah nasib salah hidup salah,angry,0.92
lelah sama keadaan sekarang hari ini tadi pagi sama teman kantor,sad,0.72
terus lawan siapa tambah suwe tambah koyok lucu lanjutkan lawakannya awak awak tidak emosi sama sekali kok malah lucu lak nyawang,angry,0.89
nah ini satu lagi cebong tolol nongol,angry,0.94
bingung dan takut ambil keputusan banget pas perjalanan sama dia,anxious,0.89
senyum sendiri pas ingat kejadian tadi serius di kampus,happy,0.16
tidak sih saya malu soalnya pakai baju haram tidak terbiasa juga pergi pakai baju begitu,anxious,0.88
aku tidak pakai yang niacinn tetapi yang botol ungu gila banget kaget bisa langsung cerah sekali pakai agak takut,anxious,0.85
aku cuma ingin istirahat sebentar sih di rumah sama dia,sad,0.6
dapat kabar baik dari keluarga tadi pagi dari tadi kepikiran bareng teman sama dia,happy,0.06
awalnya saling sapa ujungnya saling suka awalnya saling mesra ujungnya kecewa juga,sad,0.66
hari ini produktif dan suasana hati bagus di kampus sama teman kantor,happy,0.16
sudah tidak suasana hati mau unboxing paket shopee keburu sedih deluan lucu,sad,0.57
sudah sabar tapi masih dibohongi jujur saja di rumah sendiri,angry,0.77
temanku kalau ngechat pakai asalamualaikum alaikum ke aku rasanya bagaimana begitu maksudnya aku tidak nge judge dia terlalu baik atau apa cuma aku merasa kita tidak sedekat itu padahal aku ingin di chat biasa saja kayak memanggil nama orang dia sama circleny ya biasa kok sama aku pakai salam,neutral,0.33
lelah sama keadaan sekarang sumpah tadi pagi sama dia,sad,0.79
panik dia panik sudah mau part nya lucu,happy,0.12
rasanya kosong saja hari ini dari tadi kepikiran bareng teman sama keluarga,sad,0.66
kesal banget hari ini tapi ya sudahlah di kampus sendiri,angry,0.66
kenapa acc gede moa banyak yang rest semoga cepat balik ya duh takut saya agak kepikiran dan sedikit trauma,anxious,0.73
congratulations for kamu debut child makna nya dalam banget huhu kayak relate dalam kehidupanku juga kehidupan oranglain mungkin semangat terus buat karya karyanya yang lain nanti bahagia selalu buat kalian me lafyu xx t,happy,0.13
ya allah aku takut kalau ada host yang main ratio sama fanbase korea pop,anxious,0.81
tidak enak mau kenapa apa,sad,0.79
ada yang salah besar di klub kalau tiap musim tidak mampu jadi penantang gelar di tiap kompetisi kecewa setelah kecewa karena klub ini sekarang klub pnh drama bukan soal prestasi lagi musim ini semua kejadian tidak enak terjadi di kandang jadi bahan olok bahkan untuk pihak yang tidak bahas bola,sad,0.76
kesal banget hari ini tadi pagi,angry,0.76
kok bisa bisanya kaget bukanya kamu yang ngawas,angry,0.99
kalau mau di suruh mati berarti kamu tolol,angry,0.99
bang tombyy apa kabar lama tidak menampak sehat selalu ya ayo ikutan bang alhamdulillah kabar saya baik dan masih wangi,happy,0.19
lelah sih tapi puas hasilnya bagus sih di kantor,happy,0.19
dan ada satu sikap yang buat ambisnya dia itu jadi kelihatan toxic kalau dia kalah dari teman yang ranking besar lainnya dia menangis aku tak tau mungkin menurut orang lain wajar tetapi for me ya tidak mungkin aku kalau jadi dia juga bakal sedih tapi just keep itu for myself saja soalnya kadg jengkel juga,sad,0.57
rasanya ingin marah terus dan kepikiran terus di rumah sama dia,angry,0.94
sedih ditinggal pendidikan,sad,0.72
bingung dan takut ambil keputusan sih di kampus sama dia,anxious,0.71
orang itu bikin emosi banget banget pas perjalanan,angry,0.73
aku cuma ingin istirahat sebentar hari ini di kampus,sad,0.67
sudah setibanya kaitkn malaysia sih bodoh libertard nih tak ada lagi genocide di malaysia surat pemberitahuan tahunan berlaku di papua sekarang wkwk,angry,0.98
aku cuma ingin istirahat sebentar dan kepikiran terus tadi pagi sama dia,sad,0.58
singkat cerita sampailah kami di jalan grabag tiba tiba jalan dialihkan ke sekitar pemukiman warga di situ kami masih biasa saja tidak berpikir aneh aneh toh juga pemukiman warga pasti ramai dan banyak rumah rumah,neutral,0.24
min tidak usah bolak balik tanya lampu modem ini masalah di jaringan modem normal mati sejak dini hari tadi,neutral,0.25
cih benci banget yang jualan agama basi,angry,0.95
masih sepi enggak sih kok belum ada ysd yang lewat,sad,0.74
memandang ke tempat sujud apabila salat rasulullah biasa menundukkan kepala mengarahkan pandangannya ke tanah hakim,neutral,0.2
ya allah beri kabar baik untukku hari nih,neutral,0.31
cemas memikirkan masa depan di rumah sama dia,anxious,0.93
kepikiran banyak hal sampai susah tidur banget asli pas perjalanan,anxious,0.94
dengar kata foto ini satu satu mukanya dan yang bilang jenderal bintang mantang pangkostrad warga kehormatan kopassus dan tentunya pimpinan tertinggi angkatan darat takut bos lucu,anxious,0.73
lelah sama keadaan sekarang banget asli bareng teman sama dia,sad,0.59
marah banget karena pekerjaan berantakan lucu di kampus sama dia,angry,0.65
benar lucu jual beli itu suka suka whales dikira whales satu doang ada banyak dan grupnya juga pisah pisah mau jual beli juga suka suka dia malah kalau dia jual tidak bilang tiba sorr saja bilangnya cuma pas serok patokan paling enak ya tradfi sama makro ekonomi,neutral,0.28
simpang muara antrean kendaran normal diketiga kaki simpang situasi arus lalu lintas lancar,neutral,0.26
kesal banget hari ini hari ini bareng teman sama dia,angry,0.89
merasa sendirian akhir akhir ini sih sama dia,sad,0.6
good pagi kakak sky semangat ngeba hari ini ya sama jangan lupa sarapann,happy,0.07
rasanya sedih banget akhir akhir ini hari ini di kampus sendiri,sad,0.61
rasanya gugup terus hari ini banget asli di kampus sama keluarga,anxious,0.74
hai apa kabar aku harap kamu baik baik saja di sana,neutral,0.37
yang bisa kontrol emosi tepat waktu pekerja keras,neutral,0.28
kok marah korban ya,neutral,0.36
rasanya gugup terus hari ini agak random sih di kampus sama keluarga,anxious,0.84
kenapa sih harus bikin masalah terus agak random sih tadi pagi sama teman kantor,angry,0.81
cemas memikirkan masa depan dari tadi kepikiran waktu malam sama dia,anxious,0.82
makan favorit hari ini bikin bahagia hari ini waktu malam sama keluarga,happy,0.22
sudah sabar tapi masih dibohongi jujur saja di kampus,angry,0.69
mungkin hidup saya bakal bahagia kalau saya berasa orang yang menyayangi saya,sad,0.51
kenapa pembahasan dari semuanya berada di titik yang sama apa aku yang bodoh seakan dimanfaatkan untuk kepuasan yang tak tersurat,neutral,0.36
kepikiran banyak hal sampai susah tidur padahal sudah coba santai sama dia,anxious,0.77
tau apa yang buat saya marah lagi baca au tiba tiba ke out sendiri,angry,0.93
kalau memang suka banget sama bandnya pilih konser sih,neutral,0.27
sini aku tmnin biar mm tidak takut kalau gelap,neutral,0.37
tidak kok memang sedih kalau benar ener merasakan diposisi pram orang niskalanya,sad,0.68
ini kalau benaran jangan dengarkan yang bercanda ini santai saja pasti ada yang menerima kamu asal kamu treat your partner benar jangan berkecil hati,neutral,0.31
katanya yang aktif akan normal lagi setelah tanggal februari benarkah,neutral,0.36
sedih banget hancur jujur sakit beet kalau ada apa jangan berbicara sama mamak saya sn berbicara sama aku,sad,0.52
kesal banget hari ini banget waktu malam sama dia,angry,0.86
spotify a indplan bulan ke bulan ke garansi hari a famplan bulan ke,neutral,0.27
kamu jangan bikin saya marah,angry,0.96
akhir minggu ini seru banget sumpah di kantor sama dia,happy,0.06
dapat kabar baik dari keluarga tadi pagi banget asli waktu malam sendiri,happy,0.11
alhamdulillah kakak jimin sudah sembuh berarti saya juga harus semangat dong biar bisa sembuh,happy,0.17
bingung dan takut ambil keputusan jujur saja pas perjalanan sama keluarga,anxious,0.89
sudah resign dari tempat kerja tapi kok masih degdegan ya takut kalau ketemu mantan bos di jalan kenapa,anxious,0.8
aduh kita rakyat ini dibodohi duble dong enak anda dapat gaji hanya untuk kepentingan ketua umum partai,angry,0.95
senang bermain salju,happy,0.07
kenapa sih dapat yang tulus maunya yang berengsek bodoh,angry,0.94
masih susah pindah on dari kejadian itu dan kepikiran terus tadi pagi sama dia,sad,0.6
rasanya kosong saja hari ini dari tadi kepikiran di kampus sama dia,sad,0.75
antigen di stasiun ke was sudah wos menit kalau sepi,neutral,0.25
cemas memikirkan masa depan sumpah pas perjalanan sendiri,anxious,0.83
suka korea tapi level kebodohan budak cinta hanya untuk diri sendiri dan tidak nyinyir kesukaan orang sok saya setuju sama ini,happy,0.09
malam ini kepikiran terus jadi sedih hari ini di rumah sama keluarga,sad,0.64
ya sedih deh,sad,0.51
dapat kabar baik dari keluarga tadi pagi jujur saja di kampus sama teman kantor,happy,0.12
kepikiran banyak hal sampai susah tidur agak random sih di kantor sendiri,anxious,0.96
deg degan menunggu hasil pengumuman lucu di kantor,anxious,0.76
takut gagal di presentasi besok banget asli tadi pagi sama dia,anxious,0.79
mau request langsung saja tulis di kolom komentar,neutral,0.28
enak kalau masak telur ceplok margarin yang masih nyisa ditaruh di nasi behh,happy,0.17
akhirnya aku sampai pada titik saat melihatmu aku merasa biasa saja,neutral,0.39
senang banget hari ini ketemu teman lama agak random sih waktu malam sama keluarga,happy,0.23
dalam tiap tiap twit tak melulu perlu ada pesan moral kadang yang kita pelukan hanya tersenyum membaca twit lucu tanpa arti untuk memulai hari yang bahagia,neutral,0.29
khawatir sama kondisi sekarang dan kepikiran terus di rumah,anxious,0.95
foundation nya shiseido yang syncroskin mau aku kasih buat hadiah ultahnya ibu itu katanya bagus tapi harganya ke ke buat ml aku sedih,sad,0.56
gue benci sabtu,angry,0.99
orang itu bikin emosi banget padahal sudah coba santai bareng teman sama dia,angry,0.86
marah banget karena pekerjaan berantakan agak random sih di rumah sama keluarga,angry,0.88
demi apapun suaranya niji enak banget ya allah sanji mengmaaf aku gonggong buat niji dulu,happy,0.03
unexpected akhir sedih banget pas adegan kena tembak di depan ceweknya lagi,sad,0.54
akhir akhir ini cemas terus dan kepikiran terus pas perjalanan sama dia,anxious,0.72
aku takut ketekuk ini ngepas banget sizenya,anxious,0.72
takutnya kecewa jadi kasihan begitu,anxious,0.73
malam ini kepikiran terus jadi sedih di kampus sendiri,sad,0.7
geram banget sama pelayanan tadi padahal sudah coba santai waktu malam sama keluarga,angry,0.7
belum lagi jam nanti soundtrack rilis semoga banyak kabar baik ya hari ini,neutral,0.23
takut kalau hasilnya jelek sih pas perjalanan sama keluarga,anxious,0.86
heran seegois itu jadi manusia datang menjalin karena pas lagi sepi meninggalkan semua karena bosan dan mulai tak sehati menjatuhkan karena terasa terlalu baik dihati,sad,0.66
orang mesti kata yaka aku banyak diam iya mmgla cukup banyak dengan close ones saja tapi banyak diam dalam kenduri orang gather dengan families especially aunts uncles cukup banyak salah baik diam sengeh jee pasti aku swafoto bagi ada memori sok okayla nak cakap banyak pun letih,neutral,0.26
terima kasih ya sudah bikin hariku lebih baik banget di kantor sama dia,happy,0.19
mungkin karena orang dewasa sudah biasa menahan perihnya kehidupan makanya samponya dibuat perih juga,neutral,0.27
lucu h ya allah trimakasi telah menghindarkan saya dari rasa malu perbadutan,happy,0.04
kok buna kuat sih kok buna biasa saja percayalah aku pernah ditahap sedih kecewa dan terluka tapi saat ini kejelasan yang aku terima membuat rasa itu sembuh sendirinya berdamai ikhlas now is not only orang only don t forget memilih streaming,sad,0.64
aku infp dan di aku relate kalau ada hal yang tidak terorganisir itu memang panik sendiri pikiran jadi tidak tenang,anxious,0.82
negara memang suka begitu ya ada isu satu yang gede dia bikin kebijakan biar bikin pecah fokus itu isu anak pak lurah sudah hilang gara gara ikn ini isu wadas hilang lagi nih gara gara jht cuma bisa dicairin pas usia tahun jago banget memang main caturnya heuheu miris nasih rakyat,angry,0.96
takut kalau hasilnya jelek padahal sudah coba santai di kantor,anxious,0.84
ya bagaimana sih yang ya sudah susul aku dulu kita sarapan bubur di tempat biasa,neutral,0.39
mau bilang kicep takut begitu saja kok malu saadd kasad,anxious,0.81
hari ini produktif dan suasana hati bagus tapi ya sudahlah tadi pagi sama keluarga,happy,0.22
bingung banget barcode apa ku kira dia belanja soalnya aku kalau kesal atau badmood suka jajan lantai ternyata self harm astaga,anxious,0.79
masih susah pindah on dari kejadian itu banget asli bareng teman,sad,0.65
bingung dan takut ambil keputusan dan kepikiran terus bareng teman sendiri,anxious,0.92
malah ke kirim yang ini jancuks bau bakal marah,angry,0.96
baru saja mengirim foto kantor badan pertanahan parepare,neutral,0.39
bingung dan takut ambil keputusan sih di kampus sama dia,anxious,0.71
opini kamu yang nomor bodoh zaman nabi poligami itu untuk ngebebasin wanita dari budak dan sebagainya kalau kata kamu di sini kamu cuma mau cari enak di kamu saja sumpah gedek banget gue manusia modelan begini,angry,0.93
enemies tapi pecinta tapi tidak menye menye bukan aku benci sama kamu tapi tautau dicium mau enemies tapi pecinta yang slowburn yang kissing saja butuh berchapter chapter,neutral,0.25
sayang nya saya kalau budak cinta ya mau secakep apapun cowok lain tetap lihatnya kamu lucu h sedih banget jadi cewek iya kenapa budak cinta tolol semua,angry,0.91
nih semua normal bohh,neutral,0.35
nahkan baru ini sepanjang sejarah satuan polisi pp geser pesawat sop tidak punya masih ikut saja perintah,neutral,0.31
jadi ingat kemarin niat masuk kamar mandi mau pakai pembalut tetapi malah pipis pas sudah pipis pembalut nya tidak dipakai emosi sama diri sendiri,angry,0.88
terima kasih ya sudah bikin hariku lebih baik sumpah di rumah sama teman kantor,happy,0.08
aku sedih,sad,0.79
dapat kabar baik dari keluarga tadi pagi jujur saja di rumah sama keluarga,happy,0.08
lini masa saya sepi amat sudah,sad,0.73
baru mau sedih kenapa close akhirnya bikin emosi semoga hari kamu senin terus,angry,0.93
ternyata abang masih ingat dirikyuu jadi ingin malu akyuu,happy,0.14
saya sih malu kalau dibegitukan,anxious,0.9
takut iya,anxious,0.71
akhirnya tugas selesai juga lega banget jujur saja waktu malam sama keluarga,happy,0.07
balas dendam aowkwowkw,happy,0.19
khawatir sama kondisi sekarang banget bareng teman sama teman kantor,anxious,0.96
merasa sendirian akhir akhir ini hari ini tadi pagi sama keluarga,sad,0.61
amin semangat,happy,0.17
elanga jangan sedih,sad,0.65
takut gagal di presentasi besok agak random sih di kantor sama dia,anxious,0.86
hari ini produktif dan suasana hati bagus tapi ya sudahlah di kampus sendiri,happy,0.26
muantap luar biasa,happy,0.16
masama mbak semangat pagi,happy,0.13
dulu waktu dengar lagu aku kira kamu rumah sudah stop tidak mau dengar lagi karena lagunya sedih banget sekarang malah fyp di tiktok mulu,neutral,0.39
makan favorit hari ini bikin bahagia sumpah tadi pagi sama keluarga,happy,0.07
jdndhdjh jujur ya aku suka covernya tetapi takut banget bacanya makanya tidak beli,anxious,0.8
agak takut ya,anxious,0.72
anaknya jadikan model saja bunda biar bisa balas dendam,angry,1.0
pura bukan army dan pura biasa saja sampai rumah baru teriak lalu menangis lalu meletoy i memilih as the at the,neutral,0.24
orang indonesia tidak ada takutnya kali cuma saya rasa mereka takut dengan agama baru yang dipaksakan percaya yaitu sih rokok saja ada label orang sakit tulisan membunuh tetap saja dikonsumsi terus kecelakaan terbanyak adalah motor usernya makin banyak ada bom saja dekati kontenin,anxious,0.88
kok sedih banget diisi ciba biar tidak kosong,sad,0.52
ha kenapa sumpah kok pada kaget begitu,anxious,0.8
lelah menghadapi orang yang egois banget asli waktu malam sama dia,angry,0.95
dendam antara ppbm dan umno saja waktu pengadilan negeri umno tarik sokongan untuk jadi pula kerajaan walaupun agak rapuh janji jangan bagi anwar jadi pm itu dasar dan kebersamaan nya bila melaka dan sarawak result cantik aim pula johor,neutral,0.21
rasanya gugup terus hari ini lucu sendiri,anxious,0.71
rasanya ingin marah terus lucu di kantor,angry,0.83
dan pernyataan cinta itu dibalas oleh muyi mereka lalu saling mengirim pesan manis di akun sina weibo masing,neutral,0.28
ini boleh tidak sih aku kecewa orang marah sama dia lucu cuma karena aku beli acrylic frame terus majang pc bareng sama polaroid ortuku dia bilang begini apa aku doang yang sensitif nih ya dikira nge korea pop bikin lupa semua hal bahkan orang tua sendiri kamu bikin saya makin tidak mau kenal spesies cowok,angry,0.88
eh ada lagi deng lucu bikin kaget saja,anxious,0.73
semangat ya para pejuang keluarga semoga dilancarkan rezekinya yang berkah amin,happy,0.19
kenapa pas saya kirim pas banget dibaca dari bawah anjengg malu banget untung tidak dikasih lihat nama pengirim nya siapa,anxious,0.88
yang bego saya maraton baca seminggu doang di wt eng pas tau dia bakal daily pas,angry,0.91
pria jika wanita marah ajaklah dia berbelanja atau ke salon niscaya amarahnya langsung hilang,neutral,0.22
malu,anxious,0.85
bismillah pacar adek bagaimana ujian akhir semester kemarin semangat tinggal seminggu lagi tapi kangen sih,happy,0.19
semangat kakak bitt semoga sempronya lancar,happy,0.1
ini ada yang menunggu tidak sih aku lagi sakit terus tiba tiba kepikiran takut tidak bisa menyelesaikan apa yang sudah aku mulai jadi bakal memaksakan pembaruan sedikit sedikit ya,anxious,0.84
lagi milihin baju lama dilemari buat disumbangin terus menemukan baju ini baju yang paling di benci sama suami gue soalnya he tahu exactly i got this shirt from my ex,neutral,0.31
pakai ikut an kaget segala,neutral,0.24
gud mowningg pagi ini diawali dengan kabar baik banget uvvuu alhamdulillah jimin sudah sembuh aku bahagiiaa stayy healthy ya jiminie love kamu,happy,0.11
saya juga takut,anxious,0.81
lelah sih tapi puas hasilnya bagus tapi ya sudahlah bareng teman,happy,0.12
kadang jadi anak yang tidak dibolehin bawa motor kemana mana itu tidak enak anjir contohnya gue setiap ada acara kelompok pasti harus nebeng ke teman kan menyusahkan banget anjir sudah kelas masih tetap tidak dibolehin heran,angry,0.86
lelah sih tapi puas hasilnya bagus dari tadi kepikiran waktu malam sama keluarga,happy,0.06
rasanya sedih banget akhir akhir ini padahal sudah coba santai bareng teman sama teman kantor,sad,0.84
masih pagi jadi harus semangat dong,happy,0.16
geram banget sama pelayanan tadi banget asli di kantor sama keluarga,angry,0.9
kesal banget hari ini jujur saja di kantor,angry,0.73
rasanya sedih banget akhir akhir ini jujur saja di kantor sama dia,sad,0.77
takut gagal di presentasi besok tapi ya sudahlah di rumah,anxious,0.89
aku terlalu sayang kamu juga terlalu bodoh untuk memahami semua hanya permainanmu,sad,0.53
kecewa banget sama hasilnya dan kepikiran terus di kampus sama keluarga,sad,0.72
akhir minggu ini seru banget tapi ya sudahlah waktu malam,happy,0.11
malam ini kepikiran terus jadi sedih banget asli,sad,0.78
baju bodoh yang bagaimana sih,angry,0.91
kiri kalau kanan soalnya banyak bergerak takut kepentok,anxious,0.78
i think dari pertama kali announcement itu series dan until now kita sudah bisa lihat kan how the series works this is sok easly remember there is still a long way tapi go maaf gue cuma ingin kalian tidak terbawa emosi orang semacamnya lah,neutral,0.35
kok aku sedih ya di godain ke chita pakai twit belum menang,sad,0.6
menonton ulang video got step back dance practice di video musik nya taeyon elegan banget pindah dari pinggir ke tengah pas lihat seulgi wah buset pindahnya lari dari pojok kanan ke tengah khawatir kesandung lah,anxious,0.89
akhirnya lolos interview kerja,happy,0.05
kepikiran banyak hal sampai susah tidur sumpah di rumah,anxious,0.96
aku cuma ingin istirahat sebentar dan kepikiran terus di kampus sama teman kantor,sad,0.8
ini oke kamu bisa marah kok manusia pantas buat marah atas perlakuan tidak adil tapi jangan sampai berpengaruh sama masa depan ya lucu cukup masa lalu di masa lalu dia sudah buang waktu mu jadi jangan sampai di masa depan dia buang waktu mu dengan cara yang berbeda,neutral,0.33
akhirnya tugas selesai juga lega banget serius di kantor sama dia,happy,0.05
tidak bisa banget menyetel takut i feel pergi cry,anxious,0.75
rasanya kosong saja hari ini sumpah di rumah,sad,0.55
rasanya sedih banget akhir akhir ini dari tadi kepikiran di rumah sama keluarga,sad,0.75
sudah ah kamunya ada saja lucu lanjut ya tante hadiah utamanya belum nih ingin rasakan mulut tante hmmhh iya iya tapi jangan di sini ya di kamar tante saja yuk malu nih di depan niko lucu oke deh setuju jaka mereka kemudian bangkit dan menuju kamar anisa,neutral,0.4
takut banget serius enih mereka tempat saya curhat tetapi saya suka lupa mau curhat,anxious,0.89
kita selalu bersama senang sedih kita lalui bersama di saat kita sudah lulus sekolah kita mulai brlanjak dewasa brpisah untuk mr anoncyber,neutral,0.35
hari ini berat banget dijalani sih pas perjalanan sama dia,sad,0.8
ya tidak bego bego amat lah ya saya,neutral,0.4
menemukan menfess yang gue banget tapi ragu mau rep,anxious,0.8
kecewa banget sama hasilnya di kampus sama teman kantor,sad,0.83
masih susah pindah on dari kejadian itu sumpah sama keluarga,sad,0.84
cemas memikirkan masa depan sih di rumah sama keluarga,anxious,0.72
buat hari ini ya kamu deserve tapi be happy anw jangan lupa sarapan cantik,happy,0.1
seperti biasa selalu mencoba dari tontonan yt yang viewnya banyak tau taunya kali ini tidak mempan,neutral,0.28
geram banget sama pelayanan tadi sumpah di kampus sama keluarga,angry,0.9
mak yang darah tinggi andin makk kenapa mamak yang marah marah lanjutkan makk,angry,0.97
merasa sendirian akhir akhir ini sumpah bareng teman sama keluarga,sad,0.72
enak nih pagi,happy,0.13
rasanya sedih banget akhir akhir ini serius di kampus,sad,0.76
begitu banyak kekhawatiran ketika anak lahir tidak cukup bulan dan sudah mengalami beberapa riwayat medis alhamdulillah sampai saat ini semua berjalan normal tapi kadang sebagai orang tua bisa melemah ketika ada orang yang melemahkan dengan bertanya kira bisa tidak nanti ya dalam hal apapun,sad,0.54
lelah sih tapi puas hasilnya bagus banget asli di kantor,happy,0.19
jago juga middlesbrough memang enak kamu cristiano ronaldo lucu,happy,0.03
dan menangis lagi pas prilly marah ke mama papanya ngeluapin semuanya aku menangis lagi yang di kehidupan prilly itu semua related,sad,0.6
sinb kamu hati hati mukanya ya takut karena evil edit,anxious,0.85
sepertinya opung masih dendam bu,angry,0.93
lelah sama keadaan sekarang dan kepikiran terus bareng teman sama dia,sad,0.6
sudah sabar tapi masih dibohongi sumpah di kampus,angry,0.87
hanya orang bodoh yang mati demi cinta aku akan bertahan hidup untuk cinta ryo saeba,neutral,0.24
sama banget sampai malas memberi tau kalau aku cewek kadang sopirnya suka kaget lah cewek toh kak saya kira cowok sedih,sad,0.62
iya daa kawannyo pon banyak nan malu daa caliak ke norak annya,neutral,0.25
tidak enak apalagi kalau orang lain yang pakai kamar mandi itu jorok kemarin pas ngekos suka menemukan piring kotor padahal di sana ada tempat cuci piring,happy,0.1
best class ever pokoknya susah senang sedih semua nyatu sampai kangen berat ingin menangis,happy,0.14
kepikiran banyak hal sampai susah tidur hari ini di rumah sama keluarga,anxious,0.7
malam ini kepikiran terus jadi sedih dan kepikiran terus waktu malam sama dia,sad,0.78
trailer film kaget nikah episode sudah keluar jangan lupa nikmati burgernya kelahiran jangan menonton dulu soalnya belum dewasa,neutral,0.21
takut kalau hasilnya jelek tapi ya sudahlah sendiri,anxious,0.88
rasanya ingin marah terus banget waktu malam sendiri,angry,0.92
biasa saja ya cowok nya kurang oke,neutral,0.39
ingin pisang kopi klotok tapi takut copid,anxious,0.83
akhirnya tugas selesai juga lega banget serius di kantor,happy,0.22
sedih banget,sad,0.67
akhirnya tugas selesai juga lega banget tapi ya sudahlah pas perjalanan sama dia,happy,0.07
hari ini produktif dan suasana hati bagus serius pas perjalanan sama dia,happy,0.1
lelah sih tapi puas hasilnya bagus banget di kampus sama teman kantor,happy,0.27
kalau segini katanya tidak worth itu lagi apa kabar handphone saya lucu tidak apa apa,neutral,0.39
rasanya kosong saja hari ini padahal sudah coba santai di kantor,sad,0.68
bismillah desiliun tetapi takut berat nanti hisabnya hem,anxious,0.81
bolehkah aku dapat kata semangat darimu,happy,0.13
kepikiran banyak hal sampai susah tidur lucu di kampus sama teman kantor,anxious,0.84
kesal banget sama orang yang tidak tepat waktu sumpah di rumah sama keluarga,angry,0.84
hari ini berat banget dijalani dan kepikiran terus pas perjalanan sendiri,sad,0.73
sedih boleh tapi jangan terlarut sayang kalau wajahmu harus terus basah karena air mata percayalah ada pelangi setelah hujan,neutral,0.31
rasanya kosong saja hari ini hari ini bareng teman sama dia,sad,0.84
di bilang kalau sudah hatinya hitam mana ada bisa bedakan putih atau hitam yang pintar bisa mendadak bodoh kalau sudah hatinya penuhin dengan penyakit hati,angry,0.98
deg degan menunggu hasil pengumuman padahal sudah coba santai di kantor sama dia,anxious,0.7
malam ini kepikiran terus jadi sedih dan kepikiran terus di kantor sama keluarga,sad,0.8
ovomaltine enak juga sih aduh menyesal banget,sad,0.53
hari ini produktif dan suasana hati bagus banget pas perjalanan sama keluarga,happy,0.27
dari playlist semangat pagi,neutral,0.29
iya saya memilih jalan yang tak tau salah tak tau benar bagaimana caranya rumah tangga saya baik baik saja cuma itu memang setelah mbak e ini lama hubungan saya baik bahagiaa ribut hal kecil ya tetapi sampai kena pukul dan kepala bocor sih saya sudah biasa dan itu hal kecil buat gue,sad,0.61
anxious banget sebelum meeting tadi dari tadi kepikiran di kantor,anxious,0.96
semangat ya kak nanta semoga lancar operasinya terus cepat pulih deh semangat kakak hebat,happy,0.08
bodoh banget sudah checkout maybelline lupa pilih hadiah,angry,1.0
takut gagal di presentasi besok lucu bareng teman,anxious,0.92
gapyear kalian yang bangun jam pagi terus belajar dan tidak mengantuk lagi di jam sekarang bagaimana tipsnya sender suka mengantuk sekarang meskipun sudah tidur cepat dan banyak minum air putih banyak terima kasih,neutral,0.35
tidak tetap tergantung calon pasangan sikapnya bagaimana jangan takut oke kalau jodoh nanti dimudahkan jalannya jangan lupa untuk memperbaiki diri sampai menemukan tirik terbaikmu semangat senderr,neutral,0.33
takut kalau hasilnya jelek serius tadi pagi sama dia,anxious,0.73
chico lawan laksya nih tbl tbl takut banget loch mangatt chico,happy,0.09
akhirnya tugas selesai juga lega banget banget asli di kampus sendiri,happy,0.13
hem siapa lagi yang harus aku benci,angry,0.89
kehilangan semangat buat kenapa apa sih di kantor sendiri,sad,0.77
kalau yang berkunjung ke suatu daerah itu surat pemberitahuan tahunan dijamin pasti sepi kerumunan tidak ada satu pun masyarakat yang keluar kuncinya jangan yang ke daerah biar mereka saja yang ke daerah,neutral,0.26
jeje galak banget gue takut,anxious,0.89
masih susah pindah on dari kejadian itu hari ini bareng teman sendiri,sad,0.85
semangat nyucinya ayah,happy,0.19
kadang kadang kita yang selalu buat diri kita kecewa sebab selalu overthinking nak kata cemas sudah macam drama berepisod yang tak berpenghujungg cuba tanya tuan badan yang di sana nun dia mesti pikir lain,sad,0.62
aku cuma ingin istirahat sebentar banget tadi pagi sama keluarga,sad,0.84
bagiku juara itu posisi dimna ada rasa puas yang mndtngkan kebahagiaan untuk aku mkhlk sekitar tentu juga tuhan sampai tuhan makhluk bahagia akan lahirnya aku cnth kecil semut yang bahagia karena aku mmbrinya sbutir gula h,neutral,0.26
bagaimana kalau aku tidak baik baik saja,sad,0.58
orang itu bikin emosi banget agak random sih sendiri,angry,0.88
sudah buka mungkin habis imlek mau order roti srikaya dulu buat minum kopi sisa yang pandan saja jadi sedih yang lain sold,sad,0.8
good pagi pagi on this partly cloudy saturday di pagi ini happy day off dan semoga harimu menyenangkan semangat theaterannya hari ini,happy,0.02
deg degan menunggu hasil pengumuman jujur saja bareng teman sendiri,anxious,0.83
malam ini kepikiran terus jadi sedih tapi ya sudahlah sendiri,sad,0.79
cuma kayak sedih saja i really hope i could change the destiny tapi ya mana bisa saya tidak punya kekuatan apa apa buat ngubah takdir,sad,0.67
saya tidak suka banget dichat terus ya kalau pembahasan kamu bagus dan menarik bakal saya tanggapi masalahnya pembahasan kamu itu itu saja dan hal yang kamu bahas itu hal yang menurut saya sensitif jadi ya saya malas balas chat kamu,angry,0.93
anjir anjir anjir sumpah sama pak hamba takut banget kalau disuruh menunggu adik sendirian takut dia bangun terus cekek hamba,anxious,0.83
bangsat ini akun saya di hack kah,angry,0.99
malam ini kepikiran terus jadi sedih jujur saja pas perjalanan sama keluarga,sad,0.75
sebelum reply ada baiknya mengerti dengan arti homebase dan lain lain mas daripada terlihat bodoh ambil contoh persija dari jakarta sleman dari yogjakarta apakah keduanya pernah bermain di rumahnya sendiri,neutral,0.21
rasanya sedih banget akhir akhir ini hari ini di rumah sendiri,sad,0.76
rasanya ingin marah terus serius di kampus sendiri,angry,0.8
takut banget lo ada cacing kepanasan ahah,anxious,0.84
kalau itu artinya cerdas bodoh selamanya pun aku tak keberatan uzumaki naruto,neutral,0.38
hubungan dengan keluarga mertua oke je xde isu saya tegur je semua ipar duai macam biasa dan buat baik je dengan semua orang kali kisah lah orang itu suka kita atau tak yang penting jangan sibuk pasal hidup orang lain dan jangan campur urusan orang kalau ada yang mengadu pasal masalah rumah tangga dia layankan je,neutral,0.29
mandi sore soalnya mau les sedih malam minggu malah les,sad,0.74
takut gagal di presentasi besok banget di rumah sama keluarga,anxious,0.86
terima kasih buat kamu yang selalu ada di saat senang dan sedih senang rasanya ada yang temani,happy,0.1
terima jasa menghibur biar tidak sedih,neutral,0.36
lucu have a nice dayy semoga hari ini dapat kabar baik,happy,0.07
pokok semangat sek,happy,0.13
sedih banget kan,sad,0.7
jangan lupa join pin ku ya masih sepi huhu terima kasih kamu semoga cepat bigwin ya,sad,0.79
rasanya sedih banget akhir akhir ini dan kepikiran terus sama keluarga,sad,0.8
katanya dulu jeno pernah memberi hadiah powerbank moomin ke renjun ya kata jeno biar renjun selalu ingat jeno terus pas renjun pakai powerbanknya oh terus jeno juga pernah bilang ke renjun bisa tidak sih kamu suka sama aku kayak kamu suka sama moomin aku cemburu lucu lucu banget,happy,0.15
takut gagal di presentasi besok dan kepikiran terus waktu malam sama dia,anxious,0.71
sudah sabar tapi masih dibohongi serius di kampus,angry,0.82
bodoh,angry,0.94
apaan akhir pekan ini adalah kayak hari biasa saja banyak tugas,neutral,0.32
semoga cerah siang nanti mau ambil buku sekalian ke mas pepen,neutral,0.21
belajar investasi di masa muda,neutral,0.39
aku sudah open seperti biasa ya lucu yuk yang mau order bisa banget nih langsung direct message atau wa aku have a nice day guys,neutral,0.33
alah mengakui saja nya tidak usah malu malu dasar munafik,angry,0.95
khawatir sama kondisi sekarang serius tadi pagi sendiri,anxious,0.74
kemarin di tempat saya ada truk angkut air isi ulang yang terguling juga tapi tidak ada yang menjarah padahal situasi sepi,neutral,0.29
anxious banget sebelum meeting tadi sumpah tadi pagi,anxious,0.73
orang itu bikin emosi banget serius,angry,0.71
boleh benci tapi jangan bodoh,angry,0.96
dokter ratih ayu wulandari irene mongkar gobind vashdev pelatih yusa aziz hingga najeela shihab yang merupakan para ahli dalam ranahnya turut menitipkan pesan penting melalui buku ini belahan jantungku menjadi catatan pembuka andien tentang perjalanannya menemukan diri,neutral,0.21
tentu saja tidak,neutral,0.32
siapa yang mengubah hatiku siapa yang membuat kita satu selalu menyatu beban kecewa namun tak kan ku kan berakhir,sad,0.8
deg degan menunggu hasil pengumuman lucu sama teman kantor,anxious,0.94
bingung dan takut ambil keputusan padahal sudah coba santai bareng teman sama keluarga,anxious,0.73
aku benci tahun ini,angry,0.86
senyum sendiri pas ingat kejadian tadi jujur saja di rumah sama keluarga,happy,0.08
sedih amat sudah,sad,0.54
sedih banget ya denise tidak balik lagi ke sn,sad,0.79
kuuyy kak mau lihat haekal bahagia tapi kalau sad end bakal lebih berkesan lagi hadu saya sepertinya mencari penyakit deh,happy,0.11
sidang kepolisian republik indonesia cukup sepi hari ini,neutral,0.34
makan favorit hari ini bikin bahagia serius tadi pagi sama teman kantor,happy,0.06
sedih banget kakak,sad,0.69
tidak apa apa kok nder santai saja,neutral,0.35
enak lah,happy,0.14
kesal banget sama orang yang tidak tepat waktu tapi ya sudahlah pas perjalanan sama teman kantor,angry,0.95
cemas memikirkan masa depan agak random sih tadi pagi,anxious,0.96
emm hampir setiap waktu begitu sampai panik,anxious,0.71
akhir akhir ini cemas terus dan kepikiran terus tadi pagi sama dia,anxious,0.9
sarapan dulu bang biar bahagia jangan sedih,neutral,0.26
enak nya,happy,0.11
sudah biasa ini adalah,neutral,0.39
akhirnya tugas selesai juga lega banget jujur saja di rumah sama dia,happy,0.13
dinamik media sosial au joongdok tidak jauh dari physical attack lahir batin selamat pagi saya bawa kisah kebodohan fresh from the oven seseorang yang memang pantas diejek bego tidak sanggup lagi gue anjir,angry,0.96
syiah ah mesra sama pekai maka nya kenapa mereka begitu benci sama islam dan ulama,neutral,0.28
takut kalau hasilnya jelek di rumah sendiri,anxious,0.71
padahal tinggal bilang maaf saja sudah cukup bikin gue buat biasa lagi kok,sad,0.62
rasanya sedih banget akhir akhir ini dari tadi kepikiran di rumah,sad,0.55
senang banget hari ini ketemu teman lama hari ini sama keluarga,happy,0.1
emosi lihat komentar orang tadi agak random sih sama keluarga,angry,0.94
khawatir sama kondisi sekarang banget di kampus sama dia,anxious,0.91
nah ini baru imbang masa hanya istri saja yang dituntut,neutral,0.28
kemarin sedih sedihan hariini bahagia ya,happy,0.04
kalau kapan saja bisa kalau begitu kirim no wa dulu supa kita bisa kipas jam berapa saja bisa ya thoo,neutral,0.24
pertama kali beli kolbuk lucu banget tapi agak ragu buat makenya,anxious,0.74
salah lah lucu nanti orang orang pada ikutan sedih ya walaupun gue tidak sedih sih,neutral,0.39
kesal banget hari ini agak random sih pas perjalanan sama keluarga,angry,0.89
hari ini berat banget dijalani serius sama keluarga,sad,0.65
sudah sabar tapi masih dibohongi padahal sudah coba santai waktu malam sama teman kantor,angry,0.73
takut gagal di presentasi besok jujur saja pas perjalanan sama keluarga,anxious,0.91
akhir akhir ini cemas terus banget waktu malam sama dia,anxious,0.94
dan sejujurnya lama banget kita tidak mengobrol karena sayanya kelamaan tidak muncul di grup kuil semoga nanti saya bisa mengobrol banyak dengan kamu dan teman teman yang lain apa kabar rai v genius,neutral,0.24
reyna itu segala ingin belikan martabak buat emak sama si jesi kan jadinya mas al sedih terus nanti pasti nino dower akan bilang ke mbak andin kasihan banget kamu mas al,sad,0.59
akhir minggu ini seru banget agak random sih tadi pagi sendiri,happy,0.24
akhirnya lolos interview kerja banget pas perjalanan sendiri,happy,0.26
sekarang lini masa saya jam segini sepi dulu ramai,neutral,0.28
akhirnya lolos interview kerja sumpah pas perjalanan sama dia,happy,0.24
kadang diriku suka tidak paham sama perasaan diri sendiri tidak tau mana yang benaran sayang mana yang cuma sekadar pura semua orang ku anggap sama ku benaran tulus buat berteman sama semua orang tidak pilih juga allah saja tidak pilih masa diriku manusia biasa pilih tapi sering kecewa,sad,0.61
bingung dan takut ambil keputusan dari tadi kepikiran waktu malam sendiri,anxious,0.95
kenapa sih harus bikin masalah terus banget tadi pagi,angry,0.78
bila tengah cuti memang ada je yang tak kena ada saja yang kacau tak tenang aku,neutral,0.3
terima kasih pak ri presidenku tetap semangat ya pak membangun bangsa ri,happy,0.17
takut kalau hasilnya jelek serius waktu malam sendiri,anxious,0.85
halo v apa kabar nih,neutral,0.29
tidak biasa srpan raa,neutral,0.39
rasanya gugup terus hari ini agak random sih di rumah,anxious,0.85
cemas memikirkan masa depan jujur saja bareng teman sama dia,anxious,0.84
takut gagal di presentasi besok agak random sih sama keluarga,anxious,0.72
lucu banget yeseo sayangnya tidak punya tiktok nih sedih,sad,0.62
masih susah pindah on dari kejadian itu padahal sudah coba santai sendiri,sad,0.64
cemas memikirkan masa depan jujur saja di kampus sama teman kantor,anxious,0.74
saya pernah datang lebih awal sebelum waktu nya malah terus malah dibilang kayak begini kurang lebih saking jombolnya jadi punya banyak waktu luang ya saya tidak tau mesti senang atau sedih jengkel ah,angry,0.95
gembel gaya lagi oke jika ya allah saya takut banget,anxious,0.75
senang banget hari ini ketemu teman lama padahal sudah coba santai sama keluarga,happy,0.1
sedih ya bu melihat negeri yang indah elok permai ini dirusak oleh bang at bangsa yang memangku jabatan yang kata berkuasa atas sgalanya,sad,0.74
soon young aku takut sama jihoon hiks,anxious,0.87
ayo semangat pagi ini,happy,0.11
emosi lihat komentar orang tadi hari ini tadi pagi sendiri,angry,0.88
masa sepii kok sepi,neutral,0.29
akhirnya tugas selesai juga lega banget sih waktu malam sendiri,happy,0.06
reply lah sudah apa yang susah sangat nak suruh fix app je pun kang aku tak masuk kelas pasti kata aku ponteng bodoh betul,angry,0.94
akhirnya lolos interview kerja lucu di kantor sendiri,happy,0.18
bodoh mana bisa tahu nilainya kalau tidak dilihat oleh ahlinya conan edogawa,neutral,0.37
dilarang bodoh setujuuh selamat tinggal kebodohan selamat datang kecerdasan siritual dalam ahlaq amin,neutral,0.33
terima kasih ya sudah bikin hariku lebih baik dari tadi kepikiran bareng teman,happy,0.06
terima kasih ya sudah bikin hariku lebih baik sih di rumah sendiri,happy,0.1
entah kebetulan atau tidak setiap gue sudah lelah banget ada yang datang ke mimpi buat nannyain kabar lucu terima kasih lah kakak wooya sudah mampir ke mimpi dan jadi tempat curhat lucu,happy,0.07
paling enak itu berkreasi di kostan memang,neutral,0.38
jangan biarkan mimpimu terkubur perlahan oleh waktu lakukan yang kamu impikan hidup terlalu berharga melakukan sesuatu yang biasa gigitch,neutral,0.3
sering dan sampai hari ini pun masih suka kayak begitu tidak tau suka takut saja begitu apalagi kalau malam weh kadang deg degan banget mana belum bahagiain orang tua makin makin sudah ketakutan,anxious,0.7
iya kebalik lah lucu gue mana ada berpengaruh lucu yang ada mereka yang ganti jadwal saja kalau bareng biasanya mereka yang takut wkwk,happy,0.04
kepikiran banyak hal sampai susah tidur agak random sih bareng teman,anxious,0.78
hujan begini paling enak baca magangverse sesuai sama alur cerita iyakan mana bulan februari pula latar ceritanya elaahh mas bii kiciww,happy,0.1
aku mau bereskan tugass biar sisa harinya bisa dipakai rebahan santai hbu kamu mau apa saja,neutral,0.33
oh kalau kentaki fried chicken iya masih ada rasanya tapi kalau ayam biasa kan beda tidak sih,neutral,0.36
sedih saja,sad,0.67
akhirnya tugas selesai juga lega banget banget asli pas perjalanan,happy,0.1
hi pagi kakkamu sudah sarapan belum kalau belum cepat sarapan ya jaga kesehatan dan istirahat yang cukup juga aku bingung mau mengetik apa lagi intinya aku cuma mau bilang kakak semangat terus ya banyak yang sayang,happy,0.19
i remember having over ke air asia points tapi banyak sudah expired tinggal ke saja,neutral,0.25
sayang aku yang ini lagi camping kali ya berdua sepi amat sayang,sad,0.53
maaf ya saya mau mengetik agak ngeri hukum mati saja pak bu semoga ketikan saya tidak salah dan tidak berdampak negatif kepada semua orang amin,anxious,0.82
lucu wkwk tidak marah padahal,happy,0.05
luar biasa ya,neutral,0.36
tidak suka banget kalau ujung nya kayak membandingkan kerja keras orang kayak apa anjir masing orang sudah kerja keras sebisa mereka,angry,0.85
ih mau marah,angry,0.98
bingung dan takut ambil keputusan serius di kampus sama keluarga,anxious,0.75
ini ibuku banget beliau suka heran kok anaknya bisa beli barang korea pop terus masih bisa beli baju dan lain lain sampai mengira aku jual narkoboy terus tak jelaskan aku selama ini suka jual macrame baru ibuku lega,happy,0.09
imunitas seperti apa yang mereka maksud prof kekebalan terhadap segala yang berkaitan dengan hukum positif kah sehingga anggota dewan perwakilan rakyat bebas berbuat apa saja menghina menyakiti hati rakyat semoga rakyat bisa mengambil pelajaran ke depan agar lebih berhatia dan cerdas memilih wakila nya,neutral,0.3
cemas memikirkan masa depan serius waktu malam sama teman kantor,anxious,0.86
enuf lah buat drama acah masalah sosial masyarakat nih paling of the cerita lebih pada tnjuk negative yang lekat kat kepala je acah je padahal nak rating masalah sosial increase and then nama melayu tukar lah nama lain bodoh punya director,angry,0.89
guuys di sini yang biasa suka edit video buat cowok kipop buatnya pakai aplikasi apa ya huhu terima kasih,neutral,0.37
kamu jahat tapi nikmat aku bingungg,sad,0.67
kecewa banget sama hasilnya sama dia,sad,0.68
akhir akhir ini cemas terus dan kepikiran terus tadi pagi sama dia,anxious,0.9
ingin marah marah tanpa sebab,angry,0.87
iya sama jadi semangat abil lihat video kamu,happy,0.02
orang itu bikin emosi banget serius waktu malam,angry,0.79
selamat pagi semangat semoga segera bigwin ya,happy,0.07
yeahh aku akan semangat,happy,0.07
senyum sendiri pas ingat kejadian tadi padahal sudah coba santai di rumah sama teman kantor,happy,0.14
takut gagal di presentasi besok agak random sih di kampus sama teman kantor,anxious,0.75
kecewa banget sama hasilnya dari tadi kepikiran bareng teman sama teman kantor,sad,0.79
saya dirundung banyak sekali tanya dalam satu waktu dalam satu ruang yang menyesakkan pada benak saya tetapi bibir enggan berucap barang satu kata ia memilih bungkam sedang saya menurut saja dengan apa yang diperintahkan otak,neutral,0.28
alhamdulillah tidak malu,happy,0.18
terong tidak enak flop banget,happy,0.19
kenapa sih harus bikin masalah terus sumpah di kampus sama keluarga,angry,0.87
sudah sabar tapi masih dibohongi serius waktu malam sama teman kantor,angry,0.67
lelah menghadapi orang yang egois serius tadi pagi sama teman kantor,angry,0.71
takut kalau hasilnya jelek jujur saja bareng teman sama teman kantor,anxious,0.82
ya kecewa indak di stiker nya lagi,sad,0.66
no sama tolol banget bangsat,angry,0.94
anxious banget sebelum meeting tadi dari tadi kepikiran tadi pagi sendiri,anxious,0.94
takut gagal di presentasi besok dan kepikiran terus bareng teman sama teman kantor,anxious,0.7
jika hari ini masih ada yang menangis semoga tangisan itu bukan tangis kesedihan,neutral,0.22
lelah sama keadaan sekarang lucu di rumah sama teman kantor,sad,0.79
pagi pagi lihat orang bikin pie kelihatan enak banget enggak taunya slime day ruined jengkel,angry,0.96
happy birthday sender wish kamu all the best be happy ya besok giliran harinya aku tetapi pasti tidak ada yang mengucapkan juga ya tidak apa apa sudah biasa,happy,0.09
rambut rontok depresi gila overthinking kangen keluarga merasa hancur sama hidup sekarang gabsa ngejalanin semua sekarang hancur semuanya tidak kuat ngelewatin nya kenapa semudah ini kamu hancurkan hidup orang dan sekarang kamu bahagia di atas hancurnya hidupku sendiri di sini,angry,0.93
takut banget lagi pilek,anxious,0.75
hari ini aku lagi sedih karena makanan tumph,sad,0.62
senyum sendiri pas ingat kejadian tadi agak random sih waktu malam sama teman kantor,happy,0.29
kak laraa cepat sembuh yallah sedih banget istirahat banyak banyak,sad,0.74
kalau suka yang tema kerajaan harus banget baca arus balik sama arok dedes sih,neutral,0.26
aku lah sering banget begini sampai teman temanku suka sampai sumpah serapahin aku asli lupa banget kayak berasa sudah membalas eh taunya aku balasnya dalam hati sampai ada yang bulan kemudian batu ku balas itupun aku ngehnya gara scroll chat kalau tidak scroll bisa setahun,sad,0.64
ini yang kelimaa anjing sial mulu dalam seminggu bangsat nanti besok apa lagi nih taiik,angry,0.94
kepikiran bikin beginian dari kapan tahun karena merasakan susahnya cari peralatan bayi tetapi dipakai cuma sebentar tetapi lihat kondisi daerah sini tidak memungkinkan banyak yang sepi jasa sewanya agak meragukan,anxious,0.78
tidak semangat karena tidak di semangatin sayang,sad,0.53
fuck saya sedih banget,sad,0.69
lelah sama keadaan sekarang hari ini pas perjalanan sama teman kantor,sad,0.84
aku rasa orang yang akal sehatnya jalan pikir mau gantikan pak jokowi mau diganti sama siapa anda pasti paham maksud saya karena menrut saya semua sudah didesign ya berdoa saja pak jokowi tidak ada apa sampai selesai masa jabatannya gantiny ini lo ngeri sedap,neutral,0.29
bukan manchester united namanya kalau tidak tolol ya goblok,angry,0.95
gagal menjaga emosi di kata terakhir,sad,0.66
warga sudah jadi korban mas dengan teror dan intimidasi terus menerus secara psikologi pasti sudah ada warga yang mengalami trauma belum lagi waktu yang harusnya bisa mereka gunakan untuk kegiatan produktif harus dihabiskan untuk menjaga tanah lingkungan mereka,anxious,0.74
lelah sama keadaan sekarang dan kepikiran terus tadi pagi sama dia,sad,0.68
salah sih bang gue lihat retweet kamu pagi begini auto kesal baca twit mutajir jadinya kan gue memulai akhir pekan yang cerah ini dengan kekesalan memang benar kata emak kalau bangun tidur jangan langsung buka twitter,angry,0.87
optimis bisa semangat pak menteri badan usaha milik negara erick thohir ingin harumnya aroma kopi indonesia bisa tercium hingga mancanegara,happy,0.07
khawatir sama kondisi sekarang lucu di rumah sama keluarga,anxious,0.82
baik pakai kata tolong dan bersedia menunggu sedih banget,sad,0.74
emosi lihat komentar orang tadi dan kepikiran terus bareng teman sendiri,angry,0.92
makan favorit hari ini bikin bahagia sumpah bareng teman sendiri,happy,0.1
astronomi iya memang saya mengikuti kamu memang tolol sih cuma menyimpulkan dari mengikuti akun saya benar tolol berarti saya bukan ateis dong gara tidak follow akun ateis begitu kan logika kamu logika cacat pakar kok cacat,angry,0.93
hari ini produktif dan suasana hati bagus sumpah waktu malam sama teman kantor,happy,0.27
anjing kamu kontol bangsat memek munculkan lagi semua karakter yang ada di si lanjutkan si tetapi akhirnya cacat no good,angry,0.9
kurang ajar banget manusia yang menyebarkan id tele saya di gerak cepat anonymous chat yang ngcht orang sange semua tolol,angry,0.88
takut banget kamu suka orang lain huhu,anxious,0.86
rasanya kosong saja hari ini agak random sih waktu malam sama dia,sad,0.76
akun wayv sepi akun gue jadi ikutan sepi sudah jarang mentwit,neutral,0.23
kehilangan semangat buat kenapa apa lucu di kantor sama teman kantor,sad,0.81
sudah sedih semalam sekarang dengar denise keluar akwihfiaia makin sedih,sad,0.61
tolol banget gue anjing kok bisa kelepasan,angry,0.98
merasa sendirian akhir akhir ini dari tadi kepikiran waktu malam,sad,0.64
orang kalau hatinya sudah kotor itu pasti ada saja tingkah jahatnya itu peristiwa paling tidak bisa dilupa deh dan jadi peristiwa sedih juga alhamdulillah om ku sembuh dan bisa pulih kembali mungkin kalau sekeluarga besar tidak saling sopport nyawa om ku bisa saja hilang,happy,0.02
gara the whole lokal thingy discussion ini jadi kepikiran kalau seungmin itu anak smandel banget nak ilmu pengetahuan sosial ketos suka lomba debat atau ikut olimpiade selalu si tiap ketemu guru sering dispen buat jadi perwakilan sekolah tinggal di menteng kawasan perumahan atau apartemen elite,neutral,0.21
malu banget makxskxj mau pacaran sama hyomin anjir,anxious,0.88
ingin pergi jauh terus teriak sambil menangis sekencang kencangnya nanti balik kalau saya sudah lupa segalanya wkwj kan tolol mustahil banget,angry,0.97
pesan saya kepada orang ahli agama atau ulama sekalipun berdirilah dijalur ilmu yang tegas dan benar jangan abu abu sebab mereka para partai yang hanya butuh kalian di saat mereka butuh dukungan suara sifat yang demikian itu adalah munafik dan licik,neutral,0.22
lucu he kalau aku kasihan ke diri sendiri karena kelemahan dan kekurangan kekurangan yang aku punya jujur saja aku membenci hal itu aku benci kelemahan dan kekurangan kekuranganku banyak hal hal yang tidak bisa kulakukan karena hal itu doakan aku semoga bisa jadi lebih baik,sad,0.57
tatapan matanya bisa biasa saja enggak takut lihatnya,anxious,0.71
uhuy semangat jalani harii hv a sweet saturday,happy,0.03
takut gagal di presentasi besok agak random sih di kantor,anxious,0.77
benar banget cancel culture dan pembenaran diri sendiri ala sjw zaman sekarang benar benar sudah ditahap sangat menjijikkan tidak beda jauh sama orang orang di jalan yang suka main hakim sendiri sampai bikin nyawa orang melayang,angry,0.88
kita dipertemukan oleh sepi dan dipisahkan karena gengsi,neutral,0.3
senyum sendiri pas ingat kejadian tadi lucu di kampus sama teman kantor,happy,0.09
proyek dibalik kepanikan atau panik dibalik keproyekan,anxious,0.89
aku bingung mau sedih atau senang i memilih for for the at the,sad,0.72
kenapa sih harus bikin masalah terus sumpah di rumah sendiri,angry,0.85
semangat ya fase fase seperti itu memang luar biasa,happy,0.06
bagaimana sayang yang tadi malam video call sex sama tante puas tidak sayang bugil dong sayang yuk video call sex lagi akhir pekan nih yuk sange sepanjang hari,happy,0.17
saat itu juga ingin gue tonjok tapi ditahan jadinya gue dorong saja sampai jatuh dari bangku kalau suka itu bilang lah ini malah bikin kelas benci gue semua manaan ada yang bikin grup hater nya bella kenapa sih alay banget goblok,angry,0.88
ya menangis gue takut banget sepi banget kayak ya sudah memang cuma ada kamu dan diri kamu saja mau mengharapkan siapa,sad,0.59
pp buat kalian yang butuh epha app prem yang murah fastrespon dan suka kasih promo aku opres batch sampai full member nih mau intip pl atau mau bertanya dulu bisa banget rep saja nanti kuketuk direct message nya,neutral,0.28
semangat mas,happy,0.16
masih sedih,sad,0.79
aku ya ingin coba kenain air tetap saja takut,anxious,0.86
sedih sih saya takut makin bego,sad,0.63
saya benci hari sabtu,angry,0.91
menstruasi tim takut banget,anxious,0.89
satu hal yang saya benci terlambat menyayangi seseorang,sad,0.54
tidak paham juga padahal buat global takut editornya,anxious,0.72
iya enak sih kerja tandang kerja segera mari,happy,0.15
saya pernah nih dapat cerita soal begini dari mulut anak cowok langsung yang dibeginikan itu anak cewek yang kebetulan memang tidak terlalu di sukain sama anak kelas walau saya juga tidak suka sama nih cewek karena kelakuannya yang begitu tapi keterlaluan banget saya dengar ceritanya juga,angry,0.99
takut terinjak handphone nya min t t,anxious,0.75
kenapa ya hati ini sangat marah ketika pak jokowi di fitnah,angry,0.95
akhir minggu ini seru banget agak random sih sama keluarga,happy,0.15
akhir minggu ini seru banget banget asli di rumah,happy,0.19
mandiri tanggung jawab rendah hati sabar dan takut akan tuhan itu saja sudah cukup untuk harapanku,happy,0.0
menurutku mereka ingin ornang indog kembali ke budaya leluhur kita tentu saja budaya pra islam sebab zaman kerajaan kesultanan islam itu termasuk budaya leluhur kita itu fakta sejarah,neutral,0.29
gicafe kopi ginseng stamina pesan pin bb di f wa,neutral,0.29
saya sering banget ini begini apalagi sekolah suka banjir kalau hujan kan jadi nya menyusahkan,angry,0.95
selamat ulang tahun bo semoga sehat terus dan bahagia selalu ya,happy,0.05
akhir akhir ini cemas terus jujur saja di rumah sama keluarga,anxious,0.79
kata bapak gue kalau dapat mertua atau suami pola pikirnya begini di pikir pikir lagi kena bukan cuma bikin sakit hati tetapi sakit batin dan sakit segala galanya karena mertua atau suami yang baik enggak bakalan melakukan atau menyuruh hal bodoh,angry,0.99
lelah menghadapi orang yang egois agak random sih pas perjalanan,angry,0.91
iya mau makan yang enak yang banyak,happy,0.18
rasanya ingin marah terus sama teman kantor,angry,0.7
sudah emosi og dari tadi wkwk,angry,0.91
ah itu mah katanya palsu maskernya mengecewakan,angry,0.97
faisal basri sudah kesal sangat habisnya sih bakhun bela jokowi pakai gigi lima gaspol sebelum live mengomongnya lain pas live lain lagi ya sudah saatnya keluarkan aji pamungkas,angry,0.93
percayalah tidak ada wanita yang baik baik saja ketika mengetahui pasangannya berkomunikasi dengan mantannya,neutral,0.32
takut banget jujur kalau yangti sudah turun tangan,anxious,0.77
kalau sudah drop begini baru terasa sepi hampa dan tidak guna,sad,0.74
takut lah kalau begitu caranya,anxious,0.89
om kok menyempil begitu takut om,anxious,0.71
tolol sekali jek,angry,0.96
hari ini berat banget dijalani serius di kantor sendiri,sad,0.67
rasanya gugup terus hari ini di kampus sama keluarga,anxious,0.84
tidak menunggu lebaran pak minggu besok sudah mgatur orang kerja keluar rumah dan mengatur shaft masjid lagi diusik terus dibuat tidak adil terus umat islam selain penyabar juga bisa marah jangan ditanya bagaimana kalau sudah marah,angry,0.87
takut gagal di presentasi besok jujur saja tadi pagi sendiri,anxious,0.7
emosi lihat komentar orang tadi dari tadi kepikiran pas perjalanan,angry,0.75
lelah sih tapi puas hasilnya bagus banget sama teman kantor,happy,0.18
masih mendung cerah,neutral,0.29
semangat,happy,0.16
iya kan sedih,sad,0.59
dapat kabar baik dari keluarga tadi pagi serius pas perjalanan sama dia,happy,0.13
ya tertawa ya sedih enjoy saja,happy,0.11
erick thohir luar biasa hebat applause,happy,0.18
rasanya gugup terus hari ini dan kepikiran terus tadi pagi sendiri,anxious,0.8
bismillah semangat hari ini semoga banyak request direct message amin,happy,0.12
jangan cuma beraninya nge direct message doang buktikan dengan mengajak kita ngeroom jadi bisa di buktikan semuanya tidak semata bualan atau halu saja,angry,0.92
hanya orang bodoh yang mati demi cinta aku akan bertahan hidup untuk cinta ryo saeba city hunter,neutral,0.28
bingung dan takut ambil keputusan tapi ya sudahlah waktu malam sama dia,anxious,0.83
masih sepi apakah masih pada tidur sudah pada sekolah,neutral,0.27
nder biasa nya aku lihat,neutral,0.22
rasanya ingin marah terus jujur saja tadi pagi sama teman kantor,angry,0.66
kcg muka kucingku begini banget habis mecahin gelas pagi pagi jadi tidak bisa marah,neutral,0.27
jangan sedih bro saya juga suka gagal penalty,neutral,0.28
kepikiran banyak hal sampai susah tidur dan kepikiran terus pas perjalanan sama keluarga,anxious,0.81
anxious banget sebelum meeting tadi serius,anxious,0.71
baru saja mengirim foto kecamatan sanden,neutral,0.26
kesal banget hari ini jujur saja sama teman kantor,angry,0.84
semangat,happy,0.16
khawatir sama kondisi sekarang tapi ya sudahlah pas perjalanan sama dia,anxious,0.76
kesal banget sama orang yang tidak tepat waktu lucu tadi pagi,angry,0.76
akhirnya lolos interview kerja lucu waktu malam sama dia,happy,0.27
lo kaget baru sadar,anxious,0.79
emosi banget kalau ada yang bilang cakap harus putih makan tai,angry,0.87
akhirnya lolos interview kerja tapi ya sudahlah waktu malam sama teman kantor,happy,0.28
ayo gas sudah siap mental siapa saja yang mau pergi,neutral,0.37
wkejwkk tengkyu aisy kayaknya biasa saja deh di,happy,0.08
woylah sedih banget,sad,0.55
rasanya kosong saja hari ini hari ini di kantor sama keluarga,sad,0.83
aduh bukan lagi adalah takut kebakaran,anxious,0.76
kesal banget sama orang yang tidak tepat waktu lucu tadi pagi,angry,0.85
rasanya sedih banget akhir akhir ini sih di rumah sama keluarga,sad,0.57
kesal banget hari ini banget tadi pagi sama teman kantor,angry,0.74
aneh banget saudara wa kalau orang kena covid kan biasanya memang di dimmer nya tidak normal aka terjadi pengentalan darah eh malah saya disalahkan karena pola hidup nya tidak benar makanya darahnya kental,neutral,0.3
rasanya gugup terus hari ini agak random sih tadi pagi sama teman kantor,anxious,0.94
ingin kelihatan pintar tapi tolol,angry,0.86
kecewa banget sama hasilnya jujur saja di rumah,sad,0.72
bingung dan takut ambil keputusan banget asli sama dia,anxious,0.86
puas banget kakak,happy,0.08
tidak apa apa saya emosi saja sama kamu,angry,0.88
iya itu kan dulu tahun lalu sebelum tobat jadi pemuja fol gas mengeyel banget kamu kamu tak tau saya ini pemuja fol gas profil pakai fol gas mengakui kalau fol gas itu godfather saya kamu tolol banget sih aku jijik banget sama kamu capekbbggt,angry,0.95
kebanyakan follow takut limit,anxious,0.88
huhu sedih tidak sih maaf ya saya harus isoman minggu sepertinya,sad,0.68
akhir akhir ini cemas terus padahal sudah coba santai bareng teman,anxious,0.73
tidak apa apa mbak kaget saja padahal saya juga membela mbak nya sedikit kecewa saja,sad,0.78
enak bisa lanjut tidur,happy,0.11
walah yowes sudah semangat,neutral,0.26
deg degan menunggu hasil pengumuman padahal sudah coba santai waktu malam sendiri,anxious,0.73
tiap kali nak marah mesti kena macam nih lucu h takpela tak jadi nak marah,angry,0.92
aku takut,anxious,0.77
kesal banget sama orang yang tidak tepat waktu jujur saja di rumah,angry,0.69
rasanya kosong saja hari ini lucu di kampus sendiri,sad,0.7
habis dengarkan ternyata enak banget,happy,0.12
dengar suara orang yang makannya mengecap asli emosi aink,angry,0.97
untuk perempuan yang apa apa biasa sendiri kalian luar biasa semoga diberi kesehatan jasmani dan rohani semangat,happy,0.13
and hujung sudah cakap dengan diri i i try tinder for one month je jumpa orang laki orang and another dua last choice bila i nak delete tinder sebab sudah kecewa teruk dengan dua orang itu tadi sok yang last nih i got their number at the sangat last minute sebelum i delete,sad,0.6
rasanya sedih banget akhir akhir ini banget asli di kantor sama keluarga,sad,0.66
pagi sudah juta semangat yang hari ini streaming enjoy streamingnya menikmati lagunya sambil berkegiatan ya biar tidak kerasa,happy,0.11
sederhana saja kalau sombong banyak yang tidak suka kalau rendah hati banyak yang senang nyaman denganmu,neutral,0.26
dunia sudah hampir perang dunia hidup kok masih halu parah mbak mbak mending uruskan keluarga harta yang paling berharga adalah keluarga mbok sudah biarkan saja orang mau cari bahagianya sendiri enggak usah diganggu,neutral,0.28
semangat mar,happy,0.09
bukan uang banyak yang perlu kita punya tapi membicarakan rencana indah saja sudah bisa bikin kita bahagia mama,neutral,0.25
senyum sendiri pas ingat kejadian tadi pas perjalanan sendiri,happy,0.14
full sedih mazzehh,sad,0.68
sudah sabar tapi masih dibohongi banget di kantor sama keluarga,angry,0.91
oh tentu saja,neutral,0.31
kepikiran banyak hal sampai susah tidur agak random sih tadi pagi,anxious,0.82
tenaga kerja asing tidak usah asal jiplak kalau tidak tahu budaya orang indonesia bodoh jangan di pertontonkan tenaga kerja asing buzzerrp dapat berapa receh dasar lambe arus,angry,0.86
pagi pagi dapat kabar baik huhu menangis banget terima kasih ya allah,happy,0.09
pagi pasti emosi,angry,0.92
masih susah pindah on dari kejadian itu banget sama dia,sad,0.59
tapi coy saya malah ke trigger lagi pikiran yang bikin kesal sama diri sendiri lucu ya memang sih belum waktunya cuma sebenarnya saya tau saya bisa banget kayak begitu cuma tiap mau melangkah ada saja hambatannya gemas saja begitu kayak manusia bodoh banget saya hapus instagram dulu fix,sad,0.8
episode saya kesal dengan gwinam nih kenapa tidak dia sih memang zombie immortal ya sudah jatuh dari lantai bos apa harus di shot gun baru dia nih orang terus namra bisa feel gwinam tapi gwinam tidak bisa atau tidak mengerti,angry,0.89
foto outfit of the day yang aesthetic bisa dimana saja tantri namirah tampil kece di depan warung dan bengkel,neutral,0.37
cara terbaik untuk membalas dendam terhadap orang yang menghina anda adalah menjadi lebih berhasil daripadanya,neutral,0.35
takut gagal di presentasi besok agak random sih di kantor sendiri,anxious,0.71
alah hidup kok cuma modal kontol tapi ingin cewek banyak berlindung di bawah sunah rosul nih nabi yang dengar pernyataan kamu kayak begini menangis anjir sesat bangsat belajar agama boleh tapi jangan sampai mabuk kayak orang ini ya teman,angry,0.91
terima kasih ya sudah bikin hariku lebih baik hari ini di rumah,happy,0.18
semangat kerkomnya ayra,happy,0.09
kesal banget sama orang yang tidak tepat waktu agak random sih bareng teman sama dia,angry,0.72
kesal banget hari ini dan kepikiran terus tadi pagi sama keluarga,angry,0.84
kecewa banget sama hasilnya serius sama keluarga,sad,0.56
kecewa i guess,sad,0.71
dapat kabar baik dari keluarga tadi pagi tapi ya sudahlah di kantor,happy,0.09
tegang banget kak santuy saja santuy,anxious,0.89
malam ini kepikiran terus jadi sedih sih pas perjalanan,sad,0.71
rasanya gugup terus hari ini hari ini waktu malam,anxious,0.96
senang banget hari ini ketemu teman lama sumpah sama teman kantor,happy,0.19
meng sedih lucu,sad,0.68
khawatir sama kondisi sekarang dan kepikiran terus di kantor,anxious,0.79
lucu wkwk kamu sih tolol,happy,0.01
kenapa sih harus bikin masalah terus dari tadi kepikiran sama keluarga,angry,0.8
selamaat terus semangat ya sender,happy,0.2
alah tolol ngang ngeng ngong menghilang juga kamu,angry,0.91
hukum penguasa beraninya ke rakyat kecil bangsat plus bajingan,angry,0.9
belajar islam yang utuhlah jangan hanya hukumnya islam saja biar jadi orang itu bijaksana dan beradab,neutral,0.25
terima kasih ya sudah bikin hariku lebih baik banget asli di kantor sama dia,happy,0.12
jadi rayyan positif guys sebagai tante yang lemah ini enggak bisa banget dengar berita keponakannya sakit hem sedih banget enggak bisa bantu menemani anaknya belum bangun jadi belum dikasih tau kakak gatega,sad,0.68
namnjim lag like like nya takut banget anak buah imam jumbo memang sama saja semuanya,anxious,0.71
orang itu bikin emosi banget sih di kantor sama dia,angry,0.84
alhamdulillah kabar baik di pagi hari semoga seterusnya halo this is bighit musik bawa kabar baik ya,happy,0.13
saling menyayangi saling memiliki saling membutuhkan saling takut kehilangan itu yang terpenting,neutral,0.31
mungkin salahku bang terlalu memanjakannya kan tidak salah iya sih tapi kelamaan kok cam manfaatkan lah kok diam namanya sayang kok mengeluh sikap berpura suka bersumpah untuk membela dirinya awak tak suka takut karma apa dia sadar ya bang ntahla cuma dia yang tau,sad,0.59
gerombolan ngawur bin tolol,angry,0.86
kecewa banget sama hasilnya serius bareng teman sama teman kantor,sad,0.59
membenci hanya merugikan dirimu sendiri karena sebagian besar orang yang kamu benci tak akan peduli dengan kebencianmu,neutral,0.3
tolong buat siapapun yang memang sudah tidak bisa lagi jadi lockey karena masalah denis tidak apa apa saya mengerti tapi tolong banget jangan mengajak atau bikin kompor kayak orang goblok bikin twit dengan mengajak yang lain buat ikutan sebab yang sedih bukan hanya kamu tapi semua lockey bikin kesal saja kayak ampas terima kasih buat lockey yang masih bertahan,angry,0.89
kesal banget sama orang yang tidak tepat waktu padahal sudah coba santai tadi pagi,angry,0.93
happy birthday valee bahagia terus kamu,happy,0.0
sudah biasa,neutral,0.23
setahu saya founder partai umat amien rais dulunya juga lulusan chicago universitas dan dia sih sah saja mengutip dari manapun,neutral,0.3
kaget banget lagi mam mie terus menonton all of us are dead ada scene zombie yang lagi acak acak usus dari perutbodohnya gue tetap lanjut makan sama menonton,anxious,0.86
saya lagi sedih banget loch gas,sad,0.51
malam ini kepikiran terus jadi sedih padahal sudah coba santai pas perjalanan sama keluarga,sad,0.75
takut gagal di presentasi besok dari tadi kepikiran bareng teman sama dia,anxious,0.83
minggumu terasa sepi tanpa musik ini,sad,0.58
mjb tapi baca ini tertawa banget pura pura kaget di,happy,0.04
selamat pagii princess semangat berkegiatan tetap jaga kesehatan ya,happy,0.06
o tidak jadi deng sepertinya itu pas kota sudah berteman sama orang dapat tiket iya tidak sih,neutral,0.22
takdir bagi mereka yang ikhlas takder bagi mereka yang kecewa,neutral,0.3
ayo angkasa akunya ada rasa kamunya biasa saja,neutral,0.39
deg degan menunggu hasil pengumuman dan kepikiran terus pas perjalanan,anxious,0.94
deg degan menunggu hasil pengumuman padahal sudah coba santai bareng teman sama dia,anxious,0.71
siapa tau lewat lini masa twitter anaknya biar malu itu orang makhlk tidak tau diri begitu,angry,0.97
cemas memikirkan masa depan serius pas perjalanan sama keluarga,anxious,0.74
maksutt bukannya malah enak kalau ada pc ya bisa ku kolek kalau station berarti tidak ada album dan pc nya,neutral,0.2
kamu minum kopi gelas itu tidak sehat tau kasihan perut kamu mata saya mlotot kaget dong apaan sudah nih sksd pas saya noleh anjir cakap banget heran,anxious,0.88
makan favorit hari ini bikin bahagia tapi ya sudahlah di kantor sendiri,happy,0.23
selamat hari lahir semoga bahagia hingga ke anak cucu,happy,0.08
sedih banget kalau support sistem saya adalah seorang nicholas kalau saya sedih atau lagi sakit begitu masa mau menangis meraung raung sambil memanggil nichol kan tidak mungkin mau ke jepang gara gara ingin ditenangin nichol,sad,0.67
tentu muhaimin iskandar senyum senyum dikulum ia baru saja mendapat peringatan dari pengurus besar nahdlatul ulama gara gara,neutral,0.38
hwaah jadi malu dibilang wendy og tetap bersyukur di terima kasih banyak kiel,happy,0.11
mturnuwun,neutral,0.24
enak banget ngudud pagi pagi,happy,0.14
sedih bacanya tapi tidak apa terima kasih ya denise,sad,0.65
anxious banget sebelum meeting tadi hari ini bareng teman,anxious,0.93
merasa sendirian akhir akhir ini agak random sih bareng teman sendiri,sad,0.58
bagus tapi mau marah,angry,0.87
ada dengar ceramah ustaz nih pasal riak macam kalau kita pergi rumah orangkan kita nak salat sunat tapi takut riak teruskan salat jangan tinggal ke ranah kalau kita tinggalkan salat ke ranah riak itu adalah riak,neutral,0.34
karena tau rasa kesepian manusia akan menjadi lebih baik karena tau rasa sedih manusia akan menjadi kuat princess tutu,neutral,0.27
baru bangun puji tuhan dapat kabar baik tentang jimin,happy,0.16
aku cuma ingin istirahat sebentar sih tadi pagi,sad,0.65
harus bahagia,neutral,0.23
cemas memikirkan masa depan sumpah di kantor sama dia,anxious,0.84
jangan menoleh kebelakang dan lihatlah ke depan saja cobalah yang terbaik dan kamu dapat mengubah nasibmu,neutral,0.2
eco farming punya cerita salam tani makmur,neutral,0.39
pagi nih semangat ya,happy,0.05
cemas memikirkan masa depan serius di rumah,anxious,0.73
pas cheongsan peluk onjo demi allah saya sampai teriak jangan pergi alah terus menangis pas namra mau gigit onjo tetapi tidak jadi itu kan namra teriak frustasi banget sampai merinding saya karena tak tau ya sedih begitu pas anak menyamper namra di rooftop saya menangis,sad,0.68
fauzan yang mendengarkan kemurkaan sang ayah ketika dirinya mengutarakan mimpinya merasa kecewa ia pikir dirinya tak akan disuruh mengikuti ego sang ayah seperti kakaknya ronan yang dipatahkan jua mimpinya untuk menjadi seorang pemusik,neutral,0.28
senyum sendiri pas ingat kejadian tadi sumpah bareng teman sama teman kantor,happy,0.16
tai kamu goblok bangsat,angry,0.85
masih sepi bikin dingin kesepian eakk,sad,0.53
pekan telah tiba tim arema fc akan bertemu dengan tim asal ibu kota persija jakarta duel seru kali ini tentu tidak mudah untuk kedua tim karena arema fc harus melawan persija yang membawa misi balas dendam kekalahan di putaran pertama,neutral,0.32
maaf tapi sayang tidak dulu deh opini nya kak tidak masuk di akal dan hati nurani soalnya ya kalau sekali dua kali adalah tidak apa apa kalau tiap pagi hem mending aku rusak hubungan daripada terus trusan menahan emosi jiwa melawan rekanan tak tau diri,angry,0.89
hargailah orang yang mencintaimu karena saat ia telah pergi darimu hanya sesal saja yang tersisa,neutral,0.3
saya terlalu ingin tahu seharusnya saya tidak tau jadi tau tapi mau bagaimana lagi pas tau rasanya benci banget sama dia tapi di satu sisi saya kasihan harus bagaimana juga tak tau jadi ini hanya rasa kasihan saja,sad,0.71
ayo semangat jaga kesehatan maka minum istirahat teratur dan asupan yang bergizi jangan lupa selalu bersyukur dan berdoa setiap saat alhamdulillah amin ya allah ya rabi alamin keren nih pak menteri badan usaha milik negara erick thohir semangat sehat pak,happy,0.16
tidak tau kenapa vibe pagi ini sedih pol,sad,0.66
kamu senang aku pun senang kamu sedih aku ikut sedih tapi beda lagi ya ceritanya kalau kamu sedih pas putus sama dia,sad,0.68
tidak kuat tertawa banget apa tidak malu iya orngny di spill begini,happy,0.08
ingin blink selca day tetapi malu,anxious,0.8
makin kesini makin sepi karena sudah pada close sama inactive kan sha,neutral,0.32
kehilangan semangat buat kenapa apa agak random sih di kantor sama dia,sad,0.83
lelah menghadapi orang yang egois tapi ya sudahlah,angry,0.69
aku baru bangun tidur langsung lihat ada kabar baik alhamdulillah jimin sudah sembuh,happy,0.15
hujan macam ini enak ngezoo ah,happy,0.07
jangan takut oleh jarak karena jarak yang telah mempertemukan kita,neutral,0.24
lah itu adalah kesntuh semua sarafnya stres sedih marah frustasi cemas mual tegang langsung bablas hilang mana cantik banget genggamannya,neutral,0.33
orang itu bikin emosi banget sih pas perjalanan sama keluarga,angry,0.75
hari ini produktif dan suasana hati bagus sih di kampus,happy,0.26
geram banget sama pelayanan tadi dari tadi kepikiran di kantor sama keluarga,angry,0.86
saya dapat cerita itu dari hasil dengar kajian ustad hanan attaki bukan hasil baca sembarangan bukan juga hasil googling bukan juga dari injil kalau asumsi saya dikata yang tidak tidak iya anggap saja itu pertanyaan dari pikiran saya yang dangkal ini terima kasih,neutral,0.33
rangnick siapapun bisa membayangkan bagaimana yang dirasakan elanga dia hancur dan benar benar kecewa bbc,neutral,0.24
senyum sendiri pas ingat kejadian tadi dari tadi kepikiran di rumah,happy,0.11
biasa dirapel ya makannya,neutral,0.22
ada yang mata nya sembab begadang sembari menahan tangis,sad,0.56
enak mek,happy,0.05
seng semangat ah,happy,0.05
yang semangat cantik,happy,0.14
senyum sendiri pas ingat kejadian tadi hari ini di rumah,happy,0.2
yuk semangat yuk,happy,0.11
akhir minggu ini seru banget sih bareng teman sama teman kantor,happy,0.23
lelah menghadapi orang yang egois dari tadi kepikiran di kampus sama teman kantor,angry,0.69
alhamdulliah jimin happy banget dapat kabar baik sehat sehat terus ya kesayangan banyak orang untuk yang lain juga tetap jaga kesehatan ya,happy,0.16
tapi seru juga ya bacakan twit yang kemarin kemarin feeling orang gilanya dapat banget aku suka mentertawakan nasibku sendiri,happy,0.18
kepikiran banyak hal sampai susah tidur sih di kampus sama dia,anxious,0.71
akhir minggu ini seru banget hari ini bareng teman sendiri,happy,0.09
rasanya ingin marah terus banget bareng teman sama teman kantor,angry,0.95
sumpah ya saya sampai takut tiap papasan sama ayam pasti ngelambat soalnya dia itu bukannya minggir yang lebih dekat tapi malah nyebrang,anxious,0.88
bagi gue yang taurus ya taulah kebanyakan taurus itu keras kepalanya banget banget egoisnya tinggi sok cuek padahal adalah bawa perasaan kalau soal cinta taurus susah buka hati tapi sekali menemukan yang dia suka dan dia sreg dia bakal budak cinta banget meskipun akhirnya putus,neutral,0.38
kalau anggaran tiap bulan ya bangkrut ya kalau lagi butuh saja dong masa teroris pakai musim kadang muncul nanti sepi nanti muncul lagi kalau teroris ada ya terus dong aksinya sekalian sekarang lagi ada covid pas pemerintah sibuk ternyata terorisnya libur kalau pemerintah sibuk,sad,0.76
ada satu lagi harganya lebih mahal tapi memang bahannya enak banget entar ya ku cek lagi,neutral,0.37
sibuk banget sama kuliah apalagi sudah praktikum offline jadi bolak balik lab tiap hari terus balik indekos suka cape jadi tidak sempat buka twit sedih,sad,0.62
jangan ragu ragu,neutral,0.31
salah bagi orang yang pikirannya negatif mulu beginian doanh sebenarnya biasa saja tapi pasti nanti ada saja yang marah marah itu,neutral,0.21
sudah sabar tapi masih dibohongi dari tadi kepikiran sendiri,angry,0.94
sudah sabar tapi masih dibohongi dari tadi kepikiran di kantor sama dia,angry,0.79
khawatir sama kondisi sekarang hari ini sama keluarga,anxious,0.72
rasanya gugup terus hari ini dan kepikiran terus tadi pagi sama teman kantor,anxious,0.71
lelah sih tapi puas hasilnya bagus sih pas perjalanan sendiri,happy,0.06
cemas memikirkan masa depan agak random sih tadi pagi sama keluarga,anxious,0.95
kenapa sih harus bikin masalah terus serius di rumah,angry,0.91
terima kasih ya sudah bikin hariku lebih baik dari tadi kepikiran pas perjalanan,happy,0.3
walaupun aku sedikit kecewa tadi malam karena bang twittis ngorok di space tetapi pengguna gitar aku ingin mengucapkan selamat pagi bang jangan lupa minum kopi ada tidak bang kopi merek suzuki,neutral,0.34
senyum sendiri pas ingat kejadian tadi banget pas perjalanan sama teman kantor,happy,0.09
senang banget hari ini ketemu teman lama banget asli bareng teman sama dia,happy,0.05
dari turunkan ayam kupang baik buat polisi majukan industri sumber makanan negara kita negara tropika kot apa jadah harap makanan ternakan impor bodoh sangat ke orang malaysia sampai dedak ayam pun tak boleh buat sendiri,angry,0.97
aku kok merasa ada difase maj up apapun malu ya sekarang,sad,0.74
kesal banget sama orang yang tidak tepat waktu serius di kantor sendiri,angry,0.93
ayam mahal minyak masak mahal bahan mentah mahal nak naik harga banyak kang customer marah serba salah dibuatnya tak tahulah sampai bila nak terus bertahan ada tak peniaga f b yang rasa macam nih juga,sad,0.7
deg degan menunggu hasil pengumuman banget asli pas perjalanan sama dia,anxious,0.95
kelas saya ya begitu deh kayak kelas biasa sesi a ribut banget tetapi sesi b nya sepi banget huhu hobinya ngevlog dikelas apa saja kalau ada kegiatan selalu dibuat vlog,neutral,0.24
lelah sama keadaan sekarang banget pas perjalanan,sad,0.76
tidak usah kaget kalau tiba saya jadi benci sama saudara gue dasar orang tak tau diri benalu kacang lupa kulit bajingan sama saudara sendiri,angry,0.97
kalau makan pakai mie enak,happy,0.15
mau bertapa mau balas dendam sepertinya tidak bisa sih tetapi lets give itu a try hshsjsksk fevereverie sih kamu soon i guess,neutral,0.26
kenapa sih harus bikin masalah terus jujur saja pas perjalanan sendiri,angry,0.91
bisa jadi hal tersebut adalah dendam kesumat dari kelompok orang yang terjungkal di karena ambisi ingin mguasai dan kbencian itu juga mrembet ke organisasi masyarakat alim ulama yang saat itu unjuk rasa agr orang tersebut segera diadili,neutral,0.29
kesal banget sama orang yang tidak tepat waktu dan kepikiran terus di kantor sama keluarga,angry,0.77
ih kok enak liburr,happy,0.15
nih nder ayo semangat,happy,0.03
terima kasih ya sudah bikin hariku lebih baik sih di kantor sama teman kantor,happy,0.08
lelah sih tapi puas hasilnya bagus hari ini bareng teman sama dia,happy,0.14
sudah makan belum bang janganlah marah atau sedih karena kalah,angry,0.89
sedih,sad,0.73
jadi ikut sedih anjir,sad,0.77
santai saja bagi aku bertanya karena memang tak tau di caption fungsi nya untuk mengurangi kelelahan aku baru tau cara kerja nya yang tak tau santai ya bagi jangan gampang goblok goblokan orang goblok,angry,0.9
papa aku itu suka banget tau min belanja di toko hijau pokoknya dia kalau beli barang kalau bukan di toko hijau dia tidak mau beli,neutral,0.32
sudah sabar tapi masih dibohongi dari tadi kepikiran sama keluarga,angry,0.83
kesal banget sama orang yang tidak tepat waktu serius waktu malam sama keluarga,angry,0.76
nyenye nya cowok sekarang banyak yang bangsat,angry,0.98
akhirnya lolos interview kerja dari tadi kepikiran di rumah sama dia,happy,0.24
pas sange ingin melakukan itu sama seseorang tapi takut,anxious,0.8
anxious banget sebelum meeting tadi dari tadi kepikiran di kantor sendiri,anxious,0.94
sedih banget masih pagi,sad,0.69
sudah sabar tapi masih dibohongi banget bareng teman sama dia,angry,0.71
lao yan karena dia itu tipe tipe tsundere suka banget goda ah qiao meskipun begitu dia selalu nolong ah qiao,neutral,0.27
masih susah pindah on dari kejadian itu banget asli sama keluarga,sad,0.76
takut gagal di presentasi besok agak random sih pas perjalanan sama dia,anxious,0.76
ayah ku berkata lelaki itu tidak boleh di paksa dalam hal apapun dimakan saja dan bersabarlah jika ia jodohmu ia akan kembali dan menjemput mu tanpa kamu mintai,neutral,0.28
geram banget sama pelayanan tadi padahal sudah coba santai di kampus sendiri,angry,0.87
kesal banget hari ini dari tadi kepikiran di kantor sama keluarga,angry,0.85
takut banget casenya,anxious,0.86
padahal deh gea baru dapat penghargaan sudah dibuat sedih lagi sama tim tolol,angry,0.94
pagi neng semangat sekolahnya,happy,0.01
kecewa banget sama hasilnya di rumah sama keluarga,sad,0.56
busyet bujubuneng kamu baru kaget sekarang selama ini ke mana saja tong apa saja kamu pakde,angry,0.99
kenapa sih harus bikin masalah terus padahal sudah coba santai di kampus sama teman kantor,angry,0.93
hari ini belum mengerjakan tugas sama sekali malas banget takut menumpuk tapi malas,anxious,0.86
geram banget sama pelayanan tadi padahal sudah coba santai tadi pagi sama keluarga,angry,0.68
tuhan itu maha memberi dia suka melihat manusia yang suka memberi sebab itulah dia ciptakan kekasihmu agar kamu bisa memberinya cinta,neutral,0.23
dapat kabar baik dari keluarga tadi pagi lucu di kampus sendiri,happy,0.1
akhirnya lolos interview kerja banget tadi pagi sama teman kantor,happy,0.2
ngilunya menyebar keseluruh badan bikin kamu jadi sesak napas juga jadi kayak saya suka lupa buat napas lagi saking mending gue tahan napas saja pokoknya sakit banget tidak kuaat tetapi saya keukeuh tidak mau berobat kayak malash lucu wkwk jadi saya diamkan saja,sad,0.6
anxious banget sebelum meeting tadi dan kepikiran terus pas perjalanan sama keluarga,anxious,0.79
gue menyerah joki saja kali ya tugas poem ya allah kenapa aku bego b ing,angry,0.86
senang banget hari ini ketemu teman lama padahal sudah coba santai di rumah sama teman kantor,happy,0.09
pagi moots semangat besok kembali menganggur,happy,0.01
semangat kali ya,happy,0.04
takut kalau hasilnya jelek pas perjalanan sama dia,anxious,0.72
bego dimananyaa eluu ih,angry,0.94
malam ini kepikiran terus jadi sedih di rumah sama keluarga,sad,0.74
tidak usah memberi gue aturan di luar kemampuan gue kamu bukan siapa siapa bego,angry,0.86
sdf rek info sarapan pagi seng enak lucu gue,happy,0.18
senang banget hari ini ketemu teman lama jujur saja waktu malam sama keluarga,happy,0.18
asli kusut lucu ha,sad,0.7
hem tetapi jawabannya bukan versi detika sih ini tetapi tetap menarik dibaca,neutral,0.31
khawatir sama kondisi sekarang serius,anxious,0.89
sok an kaget dasar beban,angry,0.98
geram banget sama pelayanan tadi waktu malam,angry,0.92
makanya tidak fanatik sama politisi bro hingga saya yang menilai obyektif dikira benci saya rakyat biasa bro jadi politisi atau pendukung politisi yang cuma mentingin pribadi golongannya saja,neutral,0.22
sudah dibuat malu lewat media sosial terus dengan gampangnya mau diajak balikankalo tidak bodoh apalagi namanya,neutral,0.23
bingung dan takut ambil keputusan di kampus sama keluarga,anxious,0.86
marah marah malu hamil iya,neutral,0.37
energi sebaiknya digunakan untuk latihan pikir kritis dan mandiri daripada mlintira cari pembenaran beri asupan gizi wawasan dengan pengetahuan nasihat baik itu banyak dan bisa datang dari mana saja jangan batasi rugi siapapun kadang benar tapi juga sangat bisa salah termasuk saya,neutral,0.26
supaya generasi yang sekarang jadi bodoh kan mudah di begoin,angry,0.9
happy birthday valee bahagia selalu,happy,0.1
akhir minggu ini seru banget dan kepikiran terus sama dia,happy,0.11
cintai bahagia karena dia membuatmu ceria tapi cintai juga sedih karena dia membuatmu dewasa,sad,0.66
kehilangan semangat buat kenapa apa padahal sudah coba santai pas perjalanan sama keluarga,sad,0.74
kehilangan semangat buat kenapa apa sumpah di rumah sama dia,sad,0.69
memang ya kalau sudah ragu mending tidak usah sekalian,anxious,0.86
orang adalah enak punya tempat curhat selain tuhan ya maksudnya lah gue kalau curhat ke siapa guamah berbicara benar bisa disalahkan apalagi salah duh,angry,0.94
baru saja mengirim foto brebes jawa tengah indonesia,neutral,0.21
rasanya sedih banget akhir akhir ini banget sendiri,sad,0.67
duren kalau langsung tidak enak kalau olahan baru enak takut cium baunya,anxious,0.8
takut kalau hasilnya jelek lucu di rumah sama dia,anxious,0.92
dapat kabar baik dari keluarga tadi pagi di kampus sama dia,happy,0.07
kesal banget hari ini banget asli di kampus sendiri,angry,0.71
akhirnya tugas selesai juga lega banget dan kepikiran terus sama dia,happy,0.11
saya juga tadi salah nder jawabnya tetapi bomat who cares biarkan saja lagian kamu sudah hebat mau dan berani jawab pertanyaan gurunya jadi tidak usah malu ya nder,neutral,0.23
lelah sama keadaan sekarang sumpah bareng teman sendiri,sad,0.69
untuk minato jangan terlihat begitu sedih minato aku bahagia kebahagiaan itu karena kamu mencintaiku,neutral,0.28
ramah tamah rajin marah tak mau mengalah,angry,0.91
kasihan banget ya kamu ketemu cowok kayak aku begini sudah tidak ganteng suka curiga sama cemburu lagi a lucu,sad,0.72
lelah sama keadaan sekarang sih di kantor,sad,0.66
khawatir sama kondisi sekarang tapi ya sudahlah pas perjalanan sama dia,anxious,0.76
pasti profesor goblok satu ini baru saja ngelonte makanya pemikirannya jadi segar begini bagi orang kafir ngelonte itu ibadah yang utama,angry,0.94
dia pasti merasa bersalah banget sama sone dasar agensi bangsat,angry,0.88
kampret kakak nyese saya vaksin ke sudah tau badan lagi kurang enak malah sok an alhasil sakit benaran kan,angry,0.99
kecewa banget sama hasilnya banget tadi pagi,sad,0.83
alah bacot mulu nih sih tua tolol jawab dulu orang panteis itu harus kayak bagaimana pengertian panteis yang tidak menyontek google itu bagaimana kok jauh banget sampai ke oi ugm ini kita lagi bahas apaan sih kok makin ke utara ngidul gara gara kamu jangan bawa perasaan gara gara cewek viktor malu sama titit,angry,0.99
aakk benci kalau pulau kecil tidak paham,angry,0.9
anxious banget sebelum meeting tadi dan kepikiran terus di rumah sendiri,anxious,0.76
musim hujan kan biasa dari tahun ke tahun begitu,neutral,0.37
akhirnya tugas selesai juga lega banget lucu di kantor,happy,0.1
pagi lagi dan kena spam akhir aot dengan demon slayer dekat tiktok murung weh sabtu nih,sad,0.68
malu kali,anxious,0.72
saya panik tadi sempat tidak balance terus saya ulang lagi dari awal,anxious,0.72
no eter niat mau mencari kembarannya malah sedih banget,sad,0.59
malam ini kepikiran terus jadi sedih lucu bareng teman,sad,0.7
akhirnya lolos interview kerja banget sama keluarga,happy,0.25
akhir akhir ini cemas terus waktu malam sama dia,anxious,0.7
berasa punya ibu yang dua lagi nyokapnya teman teman gue checking ini kabar masing masing semoga keadaan suram begini cepat berlalu,neutral,0.22
saat ini kamu sedang lelah sedih hingga kecewa karena setiap hal yang kamu perjuangkan tidak pernah sesuai harapan,sad,0.69
rasanya gugup terus hari ini waktu malam sama keluarga,anxious,0.85
semoga baik baik saja,anxious,0.78
makan favorit hari ini bikin bahagia di kantor sama keluarga,happy,0.1
kepikiran banyak hal sampai susah tidur serius pas perjalanan sama teman kantor,anxious,0.9
braithwaitw kami akan bertemu penggemar kami lagi dan menunjukkan kepada mereka bahwa kami adalah satu tim yang bersatu kami akan menunjukkan semangat,happy,0.09
anxious banget sebelum meeting tadi dan kepikiran terus di kantor sama dia,anxious,0.97
setiap orang punya rumah tapi tidak setiap rumah memiliki warna yang cerah sesuai keinginannya,neutral,0.23
makan favorit hari ini bikin bahagia dari tadi kepikiran bareng teman,happy,0.12
memang bangsat itu yang bancaan duit rakyat semoga azab perih menimpamu maszsehh,angry,0.89
antara tertawa sama sedih anjr menonton inituh kawkwakwakawawk,happy,0.06
jangan pernah memberi seseorang harapan jika kamu tak ingin memenuhinya lebih baik jujur meski pilu dari pada bahagia tapi palsu,neutral,0.33
semangat lucu,happy,0.19
lelah sih tapi puas hasilnya bagus banget asli bareng teman sama keluarga,happy,0.08
takut angine soalna jeng lucu takut sakit,anxious,0.73
emosi lihat komentar orang tadi banget di rumah sama keluarga,angry,0.66
semangat buat hari ini have a great day,happy,0.17
kadang suka emosi baca beginian tapi orang goblok memang susah kalau diajak mengobrol,angry,0.9
b saja karena ada nama kembaran aku sih haechan jadinya luar biasa,neutral,0.27
agus andrianto menduga berdirinya kerangkeng seluas sekitar kali meter selama tahun itu dibekingi organisasi kemasyarakatan dan pemuda okp kita sebut saja pp,neutral,0.38
orang itu bikin emosi banget lucu tadi pagi sama dia,angry,0.88
khawatir sama kondisi sekarang tapi ya sudahlah di kantor sama dia,anxious,0.96
makan favorit hari ini bikin bahagia banget bareng teman sendiri,happy,0.3
sumpah saya emosi banget iya,angry,0.85
kangen dan sedih overthinking lucu apalagi kalau baca komen di buku lama,sad,0.77
senasibb wah ada less semangat ya kak jepp jangan lupa minum air putih yang banyak have a great dayy,happy,0.06
ayo semangat ayo walaupun badan lagi kurang fit,happy,0.03
gara osd ceramah masalah ks diotak gue terngiang terbayang ketakutan yang selama ini gue simpan sendiri bagaimana kalau nanti gue dibegitukan gue balik ke orang tua sedangkan bapak gue pelaku emak gue korban yang bikin sedih trauma masa kecil masih membekas jadi bikin,anxious,0.86
kakak makasii kamu juga semangat ya,happy,0.17
kesal banget sama orang yang tidak tepat waktu tapi ya sudahlah tadi pagi sama dia,angry,0.88
jika sahabat pernah membuatmu terluka berpikirlah bahwa dia hanya manusia biasa yang tak sempurna jika sahabat pernah membuatmu marah berpikirlah bahwa bukan hanya dia yang pernah berbuat salah,neutral,0.35
rasanya ingin marah terus serius tadi pagi,angry,0.88
sabtu galau februari actually tidak yang galau galau banget sih tapi kayak sedih sama tertawa juga entah yang keberapa kalinya suka sama seseorang yang sudah punya pacar even though belum officially lihat dan dengar sendiri dari orangnya orang his sosial media ha lucu,sad,0.62
makan favorit hari ini bikin bahagia di rumah,happy,0.15
setelah kita ke psikolog biasanya nih kita ke trigger lagi ke masa lalu yang bikin kita sedih takut dan lain lain tapi di situ kita juga sadar oh iya ya diumur sebegitu saya sudah kayak begini sudah kayak begitu,neutral,0.23
bangun mengumpulkan nyawa tiba tiba merasa sedih anak jepangku kemana ya inilah gambaran pagiku selama dua minggu tidak ada kabar dari tetapi harus tetap semangat pasti bisa,sad,0.57
buzzerrp bani bipang kafer komunis komen kepanasan masih bodoh bin dungu mudah di bohongi dan di tipu manusia rendah moral dan akhlak,angry,0.86
akibat dari telat bangun anak ikut bangun dan dapur dan rumah tidak kepegang sampai jam segini sedih karena berantakan tetapi gppa deh penting anak sudah mandi dan kenyang dulu alon alon asal kelakon,sad,0.62
sabar jangan pakai emosi,neutral,0.34
ready dadakan ya main santai open bo buat bayar kamar hotel,neutral,0.22
mungkin lain kali dia bisa menyatakannya secara jelas walau begini dia cukup senang semuanya tenang sampai matanya bertemu dengan mata inupi yang baru saja datang inupi terlihat marah dan kesal dari tatapannya saja draken sudah tahu ia berdehem kecil namun draken,neutral,0.21
iya benar soalnya takut kelupaan takut lama karena bingung terus kasihan yang antre,anxious,0.83
rasanya ingin marah terus banget waktu malam sendiri,angry,0.92
cemas memikirkan masa depan dan kepikiran terus waktu malam sama teman kantor,anxious,0.9
akhirnya tugas selesai juga lega banget tapi ya sudahlah di kampus sama dia,happy,0.06
ternyata ada yang lebih bego dari aku jauh malah,angry,0.96
lini masa twit sepi banget kalian pada di facebook semua yhh,sad,0.53
dikamu sepi,neutral,0.27
punya pasangan sini diajak gaduh dulu baru rajin sangat kaget lihat semua sudah dibuat kemas saja sama dia hihi,anxious,0.76
jangan pernah merendahkan diri sendiri karena kita itu luar biasa,neutral,0.38
semangat kerja di hari sabtu,happy,0.04
saya baru tau yukimi keluar band gara gara punggungnya bakal cacat kalau dia masih main drum,neutral,0.29
bodoh betul tidak lah check orang yang xcden itu dulu,angry,0.99
aku cuma ingin istirahat sebentar di kantor sama teman kantor,sad,0.65
lelah sama keadaan sekarang dan kepikiran terus bareng teman sama dia,sad,0.6
orang itu bikin emosi banget hari ini di kampus sama dia,angry,0.75
geram banget sama pelayanan tadi padahal sudah coba santai sama teman kantor,angry,0.67
kebanyakan orang dengarkan lagu kayak begini ya salah satunya utopia ingat kenang perjalanan cinta mereka tetapi saya tidak begitu suatu lirik dapat mewakili strategi sebuah korporasi ada lagu yang buat saya sedih saat dengar yaitu toxicity sod selalu teringat almarhum teman sudah ah,sad,0.65
merasa sendirian akhir akhir ini dan kepikiran terus tadi pagi sama keluarga,sad,0.63
kaget benaran rupiah thailand yang cewek sepertinya lama lama bakal tidak ada rpnya itu berarti benar ya soalnya fanbase sana adalah official begitu,neutral,0.39
terima kasih ya sudah bikin hariku lebih baik sih pas perjalanan sama teman kantor,happy,0.25
di sini taehyung tidak salah sih menurut aku masalah marah wajar refleks karena melihat jisoo begitu taehyung juga wajar kan ya lebih fokus ke hanna sementara karena keluarga nya di sana dan kurang fokus ke jisoo karena kalau kebalik bisa ketahuan dong taehyung juga berusaha bertanya kan,neutral,0.21
semangat tinaa,happy,0.07
hari ini berat banget dijalani padahal sudah coba santai waktu malam,sad,0.55
belum sarapan menunggu menang biar ada semangat lagi bang,neutral,0.39
sudah dibalas lewat direct message aku repost di cf ya sayang jangan marah jiakkhh,neutral,0.36
emosi lihat komentar orang tadi jujur saja di kantor sama keluarga,angry,0.79
weh semangat pukul nya onad sudah sarapan lums kalau lums sarapan dulu ya have a nice day stay healthy,happy,0.08
cemas memikirkan masa depan banget asli di rumah,anxious,0.84
kayaknya saya memang harus beneren harus dengarkan sih zeco buat kali ini deh lucu sedih juga deh saya kalau begini begini,sad,0.61
sedih sudah,sad,0.55
paling sepi,neutral,0.28
akhirnya tugas selesai juga lega banget dan kepikiran terus di rumah,happy,0.15
saya buka twitter tumben teume sepi yang menyapa pagi tau nya pas buka pesbuk pada menyapa pagi di sana semua anjir tertawa benaran hijrah,happy,0.1
aplikasi premium henlo benlo aku jual app premium nih tidak enak kan kalau acara asikmu diganggu iklan yuk beli app prem di aku trusted legal bergaransi proses cepat minat direct message orang tele anathaa,neutral,0.39
sedih tapi apapun hubungannya at the end of the day bakala tetap jadi stranger tidak sih,sad,0.73
deg degan menunggu hasil pengumuman lucu di rumah sama keluarga,anxious,0.76
geram banget sama pelayanan tadi serius di rumah sama teman kantor,angry,0.89
tapi takut kalau egois,anxious,0.78
ada nad barusan tapi takut makruh kalau marah marah berbicara kasar,anxious,0.77
beneerr sudah tidak mengerti malu pula,anxious,0.73
kecewa min,sad,0.8
woi aku tidak baik saja gemas,neutral,0.22
dan hal tolol ini tidak akan saya ulang lagi,angry,0.88
tau tidak sih rasanya kecewa sama diri sendiri kayak yang oh gue gagal lagi,sad,0.77
fess ada yang suka minuman non coffee apa saja dan pakai susu almond biasanya minumannya apa dan beli dimana kemarin aku beli latte sbux pakai susu almond suka banget tapi mau mencari yang non coffee,happy,0.02
merasa sendirian akhir akhir ini sendiri,sad,0.61
ncts yang lagi menunggu comeback nct mana suaranya ayo sini kita menabung buat persiapan coba biar tidak panik nanti kalau announce coba boleh direct message tanya dulu kok,neutral,0.35
winner amin percaya diri saja dulu biar tidak kelihatan menyedihkan pickaw masih sepi senyap dari minggu lalu,neutral,0.32
aku masih memegang rekan juga buka preloved buku dan suka dapat pertanyaan detail kayak begini meski mereka tidak jadi beli awal awal agak malas sih tapi makin kesini aku sadar juga karena zaman sekarang banyak yang jual barang palsu dengan harga normal jadi penjual memang harus sabar,neutral,0.24
amin aku sudah seminggu lebih sepi huhu tapi tidak apa apa semangat,happy,0.08
done all wish me luck aku suka banget foto hj pakai topeng begini kayak pangeran begitu,happy,0.19
itu makanan kesukaan dia kan entah makanan kesukaan dia atau dia memang suka sama ayam itu dia juga beberapa kali mentioned ayam itu di livenya,neutral,0.2
saya yang sudah menonton kim sabu berulang kali apa kabar yang ada menonton di net bikin tidak nyaman yang harusnya saya sudah terbiasa menonton adegan di meja operasi malah dibeginikan sumpah kecewa dari romantic tayang di net beda rasa feelnya jadi tidak sedapet kayak pas menonton di netflix,sad,0.67
anjing nih episode sedih banget bangsat saya menangis sampai hidung mampat jadi kesal ah,angry,0.91
marah banget karena pekerjaan berantakan dan kepikiran terus tadi pagi sama dia,angry,0.9
rasanya gugup terus hari ini sih tadi pagi sendiri,anxious,0.9
sudah sabar tapi masih dibohongi serius bareng teman,angry,0.84
bingung dan takut ambil keputusan jujur saja tadi pagi sama keluarga,anxious,0.92
takut banget,anxious,0.84
orang itu bikin emosi banget dari tadi kepikiran di kantor,angry,0.76
kehilangan semangat buat kenapa apa banget asli tadi pagi sama teman kantor,sad,0.61
merasa sendirian akhir akhir ini sumpah waktu malam sama teman kantor,sad,0.65
rasanya kosong saja hari ini sumpah di kantor,sad,0.76
pagi pagi sedih,sad,0.72
sudah sabar tapi masih dibohongi jujur saja sama dia,angry,0.89
akhir akhir ini cemas terus agak random sih waktu malam,anxious,0.76
halo pahari samandiai ada kabar gembira nih bagi para jagoan badminton di kalimantan gas skuy ramaikan perebutan piala kepala bnnp kalimantan tengah pada turnamen badminton se kalimantan tahun dalam rangka hari ulang tahun badan narkotika nasional ri ke,neutral,0.37
kesal banget sama orang yang tidak tepat waktu lucu bareng teman sendiri,angry,0.72
orang itu bikin emosi banget dan kepikiran terus bareng teman sama keluarga,angry,0.73
jangan sedih jangan galau saya punya mbah dukun langganan yang mujarab kalau mau saya kasih alamatnya nanti nih,neutral,0.31
aku yakin aku akan bahagia jauh lebih bahagia ketimbang dulu aku bahagia sama kamu aku pasti bisa dpetin bahagia itu pasti pasti pasti,happy,0.09
deg degan menunggu hasil pengumuman lucu di rumah sama keluarga,anxious,0.84
bingung dan takut ambil keputusan padahal sudah coba santai di kantor sama teman kantor,anxious,0.78
orang itu bikin emosi banget hari ini tadi pagi sendiri,angry,0.79
lelah sih tapi puas hasilnya bagus banget di kantor sama teman kantor,happy,0.3
menjalani operasi pada senin januari sejak itu ia menerima perawatan rawat inap dan tes pacarnya negatif sebelum keluar dari rumah sakit jimin tidak menunjukkan gejala luar biasa selama berada di rumah sakit dia menderita sakit tenggorokan ringan saat masuk ke rumah sakit,neutral,0.21
sudah berusaha untuk mengurangi faktor cemas dari diri sendiri lo ada saja dari luar memang benar semakin dewasa ada saja yang harus dipikir,anxious,0.78
bagaimana cara menonaktifkan karyawan yang mengundurkan diri dan apa saja persyaratannya,neutral,0.39
kesal banget hari ini padahal sudah coba santai waktu malam,angry,0.72
enak banget kalau gerimis begini alun sepi jadi bisa sedikit buka masker gerimis,neutral,0.26
hari ini produktif dan suasana hati bagus padahal sudah coba santai tadi pagi sendiri,happy,0.17
masih susah pindah on dari kejadian itu pas perjalanan sama dia,sad,0.78
kakak sayang sudah sembuh alhamdulillah jimin menangis weh agak trauma kalau dapat notifikasi dari wvtp alhamdulillah dapat kabar baik,happy,0.02
ada buat khidmat tapi orang tak tengok baik buat video lain boleh buat orang marah dan tengok serta sebarkan,neutral,0.35
zoo anabul kecil tetangga aku tidak mau diam kadang suka tiba tiba masuk ke rumah kadang suka pup diteras rumah juga apa karena sering kita kasih makan jadi begitu ya,anxious,0.9
memang sedang sepi selamat pagi,neutral,0.37
kepikiran banyak hal sampai susah tidur lucu bareng teman sendiri,anxious,0.88
aqis masih pagi tidak boleh marah marah,neutral,0.28
tetapi gaperlu pura excited soalnya anak kecil gampang tau kalau kita pura apalagi kalau berlebihan jadi kalau tidak benar tertarik bisa cukup bertanya saja tentang kesukaan mereka itu mereka juga suka sih ditanya tanya begitu,neutral,0.38
sedih mulu,sad,0.74
lelah sih tapi puas hasilnya bagus dari tadi kepikiran,happy,0.14
ateis punya rasa benci kiraan umat beragama saja lalu apa bedanya,angry,0.94
kepikiran banyak hal sampai susah tidur lucu di kampus sama dia,anxious,0.95
senang banget hari ini ketemu teman lama dari tadi kepikiran tadi pagi sama keluarga,happy,0.26
pagi ini sedih sekali,sad,0.68
semangat cantik,happy,0.17
jangan jari shamming nder kasihan sedih nanti dia kamu tidak mau kan dibilang jelek aneh di antara teman mu,neutral,0.4
vsoy enak banget itu,happy,0.15
senyum sendiri pas ingat kejadian tadi agak random sih bareng teman sama teman kantor,happy,0.3
kecewa banget sama hasilnya tapi ya sudahlah sama teman kantor,sad,0.58
cuma drop biasa terima kasih,neutral,0.26
wah semangat uprak nya kakak di,happy,0.14
semangat,happy,0.16
takut kalau hasilnya jelek banget asli waktu malam sama keluarga,anxious,0.83
kepikiran banyak hal sampai susah tidur sih di kampus sama teman kantor,anxious,0.72
permulaan yang bangsat untuk febuari,angry,0.99
lama lama saya sedih benaran anjir lihat manchester united,sad,0.7
kasih puas hati member,happy,0.07
bulu bulu mereka jadi tempat penampung tangis dan air mata lucu benar banget walaupun tidak mudah perjuangannya buat bikin mereka hidup tetap sehat dan bahagia sampai akhir itu si all worth itu sangat much tapi be able tapi provide them dengan happiness padahal sebelumnya tidak seperti itu,neutral,0.26
kecewa banget sama hasilnya sih waktu malam sama dia,sad,0.6
takut gagal di presentasi besok dan kepikiran terus sama teman kantor,anxious,0.86
kaget ada kekeyi lucu,anxious,0.82
cemas memikirkan masa depan sih tadi pagi sama dia,anxious,0.76
he kakak rbfmsulbar mau request lagunya queen jacks yang menit saja dong di memutari ya terima kasih,neutral,0.29
senang banget hari ini ketemu teman lama sumpah sama keluarga,happy,0.3
masih susah pindah on dari kejadian itu serius pas perjalanan,sad,0.74
kesal banget hari ini serius bareng teman sama teman kantor,angry,0.85
trackinga normal price di ke rate ems gram air cargo gram fee per tracking mulai dari ke tracking free foto arrived amplop dibuka pengiriman rutin cek go kita untuk proof pengangkutan dan testimoni bisa direct message adm untuk tanya,neutral,0.3
sedih belum dikabarin sama ayangk,sad,0.53
shipper sebelah kalau tidak suka sama noren tidak uh mampir sudah tau benci sama noren malah baca au nya kocak banget kamu,angry,1.0
dulu pas sakit tipes tiap malam aku kayak begitu kak malam nya demam sampai menggigil pagi nya normal lagi,neutral,0.37
aku sering pakai baju bodoh,neutral,0.32
orang itu bikin emosi banget padahal sudah coba santai sama keluarga,angry,0.88
ih malu mau bilang nanti pas libur semester pulang lagi,anxious,0.89
rasanya kosong saja hari ini sama dia,sad,0.77
takut gagal di presentasi besok serius tadi pagi,anxious,0.81
marah banget karena pekerjaan berantakan dari tadi kepikiran sama teman kantor,angry,0.66
tolol sampai ke dna nya nih orang,angry,0.87
sudah sabar tapi masih dibohongi dan kepikiran terus bareng teman sama dia,angry,0.9
geram banget sama pelayanan tadi sumpah di kampus sama keluarga,angry,0.9
kepikiran banyak hal sampai susah tidur hari ini waktu malam,anxious,0.82
dia biasanya pergi olahraga sendirian,neutral,0.31
mau memeluk takut dosa tidak memeluk mubadzir astagfirullah bestie,anxious,0.79
cemas memikirkan masa depan sumpah sama teman kantor,anxious,0.77
wikk semangat sayang jangan lupa makan,happy,0.09
merasa sendirian akhir akhir ini banget tadi pagi sama teman kantor,sad,0.74
cemas memikirkan masa depan serius waktu malam sama dia,anxious,0.83
bingung dan takut ambil keputusan agak random sih pas perjalanan,anxious,0.89
malu mu mahkota yang tidak pelukan singgahsana,neutral,0.31
mantap saja pak erick thohir,neutral,0.38
ayo menjadi ikan saja noon,neutral,0.39
iya ya kalau dipikir begitu tadi sudah aku takedown tadi bilangnya badge hijau itu squad leader kayak hyotion sambil memberi menunjuk foto takut jelek dimata fan mereka ya sudah tadi langsung aku takedown,anxious,0.85
dari tadi absen harus emosi dulu baru sidik jari benar kebaca,angry,0.95
baca komentarnya sungguh menguras emosi anjing,angry,0.98
apaan ini mengetren nft jijik banget kalau mau habiskan uang di hal yang tidak membahayakan bumi bisa tidak sih tolol,angry,0.99
sibuk sekolah sama kegiatan organisasi sygg awal tahun kamu apa kabar,neutral,0.31
yang nih tak payah cakap banyak tengok muka pun tahu jenis suka buat onar terima kasih ke ranah laporan kami akan masukan dalam list untuk laporan klik,neutral,0.27
bingung dan takut ambil keputusan jujur saja tadi pagi sendiri,anxious,0.71
masuk sekolah kayak biasa,neutral,0.28
kenapa sih harus bikin masalah terus hari ini bareng teman sama teman kantor,angry,0.89
cannot relate kebalik anak anak malah suka banget menempel padahal akunya diam saja tau tau ngusel tidur di pangkuan meminta digendong disuapin mengajak main dan lain lain beberapa kali juga menemukan balita menyasar yang lari ke aku dikira aku emaknya apakah aku infp kau,neutral,0.36
oke berarti dianya panik jadi jawabnya tidak konsisten lucu gue,happy,0.12
kalau kata lulusan ilpidipi yang menyangkut di luar negeri bilangnya tidak perlulah balik ke indonesia untuk mengabdi bisa dari mana saja,neutral,0.3
akhir akhir ini cemas terus jujur saja tadi pagi,anxious,0.8
lucu kasihan yang pendek selalu jadi korban by the way aku open jasa hapus akun tanpa email dan pas bayar setelah acc terhapus,neutral,0.35
anxious banget sebelum meeting tadi tapi ya sudahlah pas perjalanan sama teman kantor,anxious,0.91
halo aku bikin akun karyakarsa yang mau dukung di sana boleh saja terima kasih,neutral,0.35
mau cerita ayah sender itu bukan tipe orang yang suka marah atau suka berbicara kasar ke sender cuma tadi karena sender tidak mau ikut pergi keluar sender dibilang bego sama ayah sender rasanya sakit banget kaget lucu tapi sender menahan buat tidak menangis di depan ayah,sad,0.73
hi kamu mau santai tapi masih banyak tugas yang menumpuk solusinya ke sini saja yuk segala macam bentuk soal apapun itu yuk langsung joki tugas bisa direct message wa yang di link bio testimoni bisa cek di thread soshumpendidikan ya,neutral,0.36
umpama serasinya merah dan cinta marah juga menjadi simboliknya biru pula setia pada satu makna laksana sebagai penyejuk mata ada yang meraikan perbedaan ada juga yang tegas pada satu pendirian sekadar coretan tiada makna merungkai cara pikir manusia,neutral,0.32
bingung dan takut ambil keputusan dari tadi kepikiran bareng teman sama dia,anxious,0.71
flu biasa juga gampang menular kenapa tidak dikarantina kematian rendah kenapa omicron dibedakan dengan flu biasa beberapa negara sudah declare omicron flu yang harus tegas sekarang adalah penggunaan masker wajib dan prokes lainya razia prokes tanpa henti jangan pernah kendor,neutral,0.26
merasa sendirian akhir akhir ini jujur saja bareng teman sendiri,sad,0.83
orang itu bikin emosi banget banget tadi pagi,angry,0.75
malas banget nge chat gue kalau cuma mau nirun huh di sekolah saja lagaknya kayak orang pintar tapi suka nirun aku,angry,0.91
makan favorit hari ini bikin bahagia jujur saja waktu malam sama dia,happy,0.09
lucu tapi maaf banget ini aku menganggap lucu grup angkatan ada yang ngabarin crush ku hilang aku malah kayak tertawa panik tapi sebenarnya tidak panik soalnya dia laki terus katany hobi traveling tapi semoga itu cuma bercandaan ya soalnya aku mentertawakan terakhir on pulsek,happy,0.07
kepikiran banyak hal sampai susah tidur dari tadi kepikiran di kantor,anxious,0.89
takut saya mappa garap csm scene muntah di sensor apa kg,anxious,0.73
karena kaule dados bruder makanya saja digodha nben tidak lepas jubahe tetap semangat om brud,happy,0.16
kehilangan semangat buat kenapa apa dari tadi kepikiran di rumah sama keluarga,sad,0.56
draken tersenyum lembut sambil mengelus ujung bibir ranum milik takemichi lembut ia menatap bagian itu lama draken aku memang marah emma telah mati tapi aku bisa bertahan hidup untuk beberapa alasan matanya bertemu mata takemichi yang menatapnya penuh tanda tanya,neutral,0.38
ingin kesal tapi benar,angry,0.9
mereka lalu ia berkata kepada mereka marilah ke tempat yang sunyi supaya kita sendirian dan beristirahatlah seketika sebab memang begitu banyaknya orang yang datang dan yang pergi sehingga makanpun mereka tidak sempat jangan lupa sarapan selamat pagi,neutral,0.25
malam ini kepikiran terus jadi sedih hari ini di kampus sama dia,sad,0.77
bingung dan takut ambil keputusan pas perjalanan sama dia,anxious,0.84
setan kribo ini model nya kayak sih murtad saefudin ibrahim yang sekarang pendeta yang selalu mendeskriditkan islam sih setan kribo kalau mau murtad murtad saja sekalian jadi umat islam cuma bikin masalah dan menebar fitnah kalau pemahaman agama islamnya dia benar tidak kayak begini narasi sih bangsat ini,angry,0.95
kehilangan semangat buat kenapa apa dan kepikiran terus sama teman kantor,sad,0.77
akhirnya lolos interview kerja tadi pagi sendiri,happy,0.2
haha tertawa banget bin malu pastinya lucu terus ketahuan tidak siapa yang cepirit,happy,0.01
baru saja dilihat,neutral,0.31
khawatir sama kondisi sekarang serius di kantor sama teman kantor,anxious,0.74
gila ya suka banget ke trigger banget anjir sama yang abusive sama hewan huhu hatinya mati apa bagaimana sih t t,sad,0.74
benci banget sistem kredit oke lah mereka mau cari untung lebih tapi ngotak sedikit lah pantas emak gue bacot banget kalau itu banyak beli cash di suruh indent bulan sudah begitu di diamkan tidak ada basa basi atau menawari lain kalau kredit sudah itu heboh sendiri mereka nih,angry,0.96
sebenarnya zus memang tak sedap pun biasa je bagi aku kalau kopi banyak branch nih yang paling sedap tetap cbtl,neutral,0.33
orang itu bikin emosi banget sumpah di rumah sama teman kantor,angry,0.79
empire of corpses ceritanya tentang ilmuan yang berusaha buat ngehidupin lagi orang mati tapi tentu saja orang yang dihidupkam itu tidak sempurna jadi dia melakulan perjalanan buat mecahin misteri terakhir dari penelitiannya,neutral,0.3
lucu iya kamu juga harus semangat,happy,0.19
di jalan sepi banget nih yang kerja tempat ku tok po,neutral,0.34
hari ini produktif dan suasana hati bagus banget di kampus,happy,0.07
tidak kaget ada pula manajemen rating apps di play store,neutral,0.24
enak banget lagu hivi huhu,happy,0.01
ah kalau dilihat sih tidak enak,neutral,0.31
hujannya awet ih takut banjir,anxious,0.84
terima kasih denise sudah menghiasi akan selalu kami ingat sebagai mm our super main vokal kerandoman denise keceriaan denise terima kasih kamu for all sumpah sedih banget denise out dari sn tidak tau alasannya apa kok out tapi mau bagaimana pun tetap dukung sn denise,sad,0.62
done bismillah terima kasih banyak buat ganya semoga banyak hal baik yang datang ke kamu semoga impian kamu segera tercapai amin buat jaehyun dan soobin juga semoga sehat selalu pokoknya be happy anw let si be moots oh iya have a nice day kamu be happy too ok semangat,happy,0.18
bos aku kalau bad suasana hati suka marah marah tidak jelas untung aku tidak bawa perasaan,neutral,0.34
tidak apa apa reyon marah lucu lah siap lary ke dapur,neutral,0.28
aku cuma ingin istirahat sebentar banget di kampus sama teman kantor,sad,0.85
terima kasih ya sudah bikin hariku lebih baik jujur saja bareng teman sama teman kantor,happy,0.27
assalamualaikum teman teman ini keadaan alan sekarang ya sudah lebih baik alhamdulillah dia makannya lahap sudah minum obat dan rutin aku kasih salep tapi sayang banget dia kalau pup meminta keluar rumah dan harus dijaga supaya tidak kena kucing kampung yang suka menyerang ke,happy,0.08
takut kalau hasilnya jelek sih di kantor sama keluarga,anxious,0.89
maria vania cukup memerhatikan fashion saat berolahraga jetski main tenis hingga golf,happy,0.0
aga emosi ingin datengin ksy terus tanyakan kamu sudah punya pacar benaran tidak sih emosi banget suka tmi ke anak yang ngecrush ini kamu gelud kita ayo ayo lanjut lagi ingin marah tapi tidak ada hal yang mau ku marahi,angry,0.88
eh anjir woozi takut banget saya takutt,anxious,0.7
takut gagal di presentasi besok banget di kantor sama keluarga,anxious,0.94
kepikiran banyak hal sampai susah tidur padahal sudah coba santai di kantor sendiri,anxious,0.78
akhirnya lolos interview kerja tapi ya sudahlah pas perjalanan sama keluarga,happy,0.26
iya itu benci banget makin hari ada saja peraturan tidak jelas kayak begini huhu,angry,0.98
akhir akhir ini cemas terus jujur saja tadi pagi sama teman kantor,anxious,0.92
sedih aingg,sad,0.6
hari ini berat banget dijalani sumpah tadi pagi sendiri,sad,0.76
takut banget begitu di ciduk,anxious,0.77
di lihat aparat seakan memancing emosi rakyat ya yang jadi pertanyaan supaya apa apakah sebenarnya aparat ingin bentrok dengan warganya sendiri hukum di tindak secara tidak adil ulama di peresekusi umat muslim di tuduh radikal pedagang kecil di denda tidak wajar,neutral,0.32
almond coklat stoberry banana matcha sea salt hazelnut cashew chocomalt marie biscuits lebih suka yang hazelnut cashew matcha enak pokoknya,happy,0.08
dia panas ada kali hari sampai deg an banget bun takut step,anxious,0.83
angel chibi terima kasih karena kamu sudah buat hari hariku jadi lebih bahagia kamu adalah hal terindah di hidupku yang singkat ini,happy,0.03
bingung dan takut ambil keputusan sih waktu malam sendiri,anxious,0.97
marah banget karena pekerjaan berantakan sumpah di kantor sama dia,angry,0.86
makikan je vvip gampang lagi tolol kayak begitu,angry,0.96
jangan merasa kesepian saat sedang berbenah diri karena di situlah saat kamu koreksi sapa saja yang pantas untuk hidupmu,neutral,0.38
sabtu tidak libur mas tetap semangat,happy,0.04
lebay banget anjir menangis sampai tersedu sedu kayak diapakan orang malu anjir,angry,0.98
nyaris banget tetapi bersyukur banget sih kaget saja lihat nilainya lucu,happy,0.19
malam ini kepikiran terus jadi sedih dan kepikiran terus di kantor sama keluarga,sad,0.8
kehilangan semangat buat kenapa apa pas perjalanan,sad,0.66
kita hidup nih janganlah ada pilih kasih especially dalam keluarga nenek aku dulu masa kecil suka bandingkan dan lebihkan anak makcik aku dan layan adik beradik aku teruk sebab apa sebab ayah aku tak sekaya dog masa arwah atuk aku meninggal,neutral,0.21
dimana tempat yang aman untuk perempuan jadi makin takut korban kekerasan pada perempuan makin banyak orang tolol biadab banget owasu,anxious,0.89
cemas memikirkan masa depan agak random sih bareng teman sendiri,anxious,0.97
marah banget karena pekerjaan berantakan banget asli di kantor sama keluarga,angry,0.67
takut positif terus enggak bisa sekolah hhshshhdhshdhsh mau menangis saja sumpah padahal aku masuk angin anjir,anxious,0.88
kenapa dia marah marah,neutral,0.38
having faith is a bless pas lagi sedih atau down berserah diri ke tuhan bikin tenang dan kayak dibuat batasan biar tidak depresi amat,neutral,0.23
pasti kamu punyanya adik ketemu gede ya nder makannya kamu tidak biasa memanggil adik kamu bisanya memanggil nama,neutral,0.26
sudah makan sayang sudah mam langsung saja aku jadi takut nes pernah merasa rumah kita terlalu sepi tidak sih iya tetapi tidak apa apa kan sudah biasa kamu kesepian tidak sendirian di rumah tidak ada temannya hem kadang tetapi kan aku bisa main ke rumah teman mam ini ada apa sih,neutral,0.36
senang banget hari ini ketemu teman lama sih waktu malam sama teman kantor,happy,0.21
khawatir sama kondisi sekarang lucu di rumah sama keluarga,anxious,0.88
lelah sama keadaan sekarang dari tadi kepikiran pas perjalanan,sad,0.79
terima kasih ya sudah bikin hariku lebih baik dari tadi kepikiran sama keluarga,happy,0.07
malu banget kalau ingat momen jaman main rupiah,anxious,0.83
emosi lihat komentar orang tadi lucu sendiri,angry,0.66
geram banget sama pelayanan tadi lucu bareng teman sama dia,angry,0.66
saya pikir baba tidak ikut malu banget anjing enggak deng malu saja lucu,anxious,0.81
melihat barang sudah hampir kosong makin sedih,sad,0.55
selamat pagi om sehat selalu dan tetap semangat,happy,0.16
makan favorit hari ini bikin bahagia serius di rumah sama teman kantor,happy,0.16
mimpi zombie terus drama banget lah sedih begitu akhirnya gja kegigit dan jadi zombie tapi zombie yang sadar begitu bisa ngendaliin diri terus ada anak svt lupa siapa,sad,0.76
rasanya gugup terus hari ini banget di rumah sama dia,anxious,0.72
terpujilah blues tiap birama ketiga contra bass yang memetik kunci kres dendam sadis disibak lalu dilepaskan,happy,0.11
kepikiran banyak hal sampai susah tidur lucu pas perjalanan sama teman kantor,anxious,0.9
jangan bodoh ya ta dia sudah hapus nmor ita berarti dia ingin hapus ita dari hidupnya sok ita harus bisa untuk tidak peduli dengan kehidupan media sosialnya dia saja bisa masa ita tidak bisa please jadilah kuat,angry,0.94
dari awal tidak suka karakternya nu kenapa dia bisa seserakah itu dan bodoh banget sebegitu butanya this is kenapa i called him a jerk,angry,0.92
lelah sih tapi puas hasilnya bagus hari ini di kantor sama keluarga,happy,0.14
malam ini kepikiran terus jadi sedih di rumah sama keluarga,sad,0.74
lelah menghadapi orang yang egois banget waktu malam sama teman kantor,angry,0.85
rasanya kosong saja hari ini serius,sad,0.84
sih enak didengar begitu lirik nya juga relate banget djdjjfjf keren ya tuhan,happy,0.15
masih susah pindah on dari kejadian itu sumpah,sad,0.57
nah kan sudah pasti ada alasan kuat mengapa direksi sebelumya mengundurkan diri belum apa apa sudah jadi bumper takut takut sedap,anxious,0.7
hari ini berat banget dijalani dan kepikiran terus waktu malam sendiri,sad,0.63
enggak oke semangat nyucinya,happy,0.14
makanya tidak suka banget kalau sudah ikut campur karena bukan bikin benar dan menenangkan malah campur mencampuri makin awur awuran i lost respect tapi kamu sejak years ago sok shut up,angry,0.97
senang banget hari ini ketemu teman lama dari tadi kepikiran tadi pagi sama keluarga,happy,0.25
terima kasih ya sudah bikin hariku lebih baik jujur saja di kampus,happy,0.28
hebatnya indonesia tidak cuma pemilunya saja tes covid pun juga begitu,angry,0.86
tidak enak juga jadi patrick tidak bisa cium bau apa lucu ngakak,happy,0.05
emosi lihat komentar orang tadi jujur saja di kantor sama keluarga,angry,0.76
bingung dan takut ambil keputusan sih waktu malam sama teman kantor,anxious,0.95
akhir minggu ini seru banget sumpah di kampus,happy,0.24
buat kalian yang butuh epha app prem yang murah fastrespon dan suka kasih promo aku opres batch sampai full member nih mau intip pl atau mau bertanya dulu bisa banget rep saja nanti kuketuk direct message nya,happy,0.16
akhirnya lolos interview kerja tadi pagi sama keluarga,happy,0.19
kepikiran banyak hal sampai susah tidur padahal sudah coba santai bareng teman sama keluarga,anxious,0.81
akhir akhir ini cemas terus sumpah pas perjalanan sama teman kantor,anxious,0.97
bingung dan takut ambil keputusan dan kepikiran terus tadi pagi sama dia,anxious,0.92
aku pura pura tidak tau saja kebohonganmu yang terhakiki entahlah aku pura pura bodoh saja nanti juga akan ketahuan sendiri biar waktu yang menunjukkannya,angry,0.87
ini kan acc kamu kenapa pula natural killer takut orang lain marah,neutral,0.24
tapi aku tidak mau sambil bilang kalau buat manas manasin mantan mending sama bestie kakak saja biar makin berasa dengan nada bercanda dianya malah marah dan aku tidak sadar kalau aku sudah ada di tempat nongki gengnya dia fitnah aku habis an,angry,0.98
saya tidak sok pintar sih mungkin kamu saja yang terlalu bodoh sampai melihat saya kayak begitu,neutral,0.25
suka kesal sama buat banget deh dia suka marah kalau aku tidak ngabarin dia dulu kalau mau pergi tapi dia sendiri kalau mau pergi ngabarinnya pas sudah di tempat ks enggak sih,angry,0.86
akhirnya tugas selesai juga lega banget padahal sudah coba santai,happy,0.09
akhir akhir ini cemas terus sumpah sama dia,anxious,0.85
khawatir sama kondisi sekarang tapi ya sudahlah di kampus sendiri,anxious,0.74
masih susah pindah on dari kejadian itu agak random sih pas perjalanan sendiri,sad,0.84
aku ini multi talenan karena ketutup sama rasa malas saja jadi nya tidak terlihat bakatku,neutral,0.3
takut banget sudah kayak drama thriller psikopat,anxious,0.86
kehilangan semangat buat kenapa apa di rumah sama keluarga,sad,0.57
bersyukur sekali karena berkatmu aku juga bahagia dan merasa nyaman ingat taehyun itu bawaannya happy semoga panjang umur dan sehat selalu untukmu yang juga salah satu sumber bahagiaku,happy,0.1
manajer sepertinya suka bikin planning sebenarnya walaupun sering banget dipatahkan sama keadaan stay strong,happy,0.19
butuh waktu yang lama untuk kembali percaya dan berdamai dengan rasa kecewa,sad,0.56
senyum sendiri pas ingat kejadian tadi dan kepikiran terus tadi pagi sendiri,happy,0.26
sudah sabar tapi masih dibohongi banget asli bareng teman sama dia,angry,0.73
bmkg memprakirakan bahwa hujan ringan berpotensi terjadi di sejumlah kota besar di indonesia,neutral,0.25
biarkan marah banget aku kali ini,angry,0.88
coba masuk sini mi kalau jadi anime kabar gweh,neutral,0.34
anxious banget sebelum meeting tadi banget sama dia,anxious,0.8
semangat jangan cengeng sini cerita sama kita,neutral,0.3
aku sedih ada anak biologi masih bertanya terus harus dgimanain ya buat tau kenanya omicron atau bukan,sad,0.78
berita palsu jangan sebar tindakan tegas akan diambil,anxious,0.74
orang itu bikin emosi banget serius di kampus sama dia,angry,0.9
padahal vaksin kedua biasa saja,neutral,0.38
kesal banget sama orang yang tidak tepat waktu tapi ya sudahlah di rumah sama dia,angry,0.89
pagi pagi bangsat,angry,0.93
heran banget temanku kenapa suka mengajak gelud sih anjing sudah tau lagi di jauhi lagi tidak chat an ya berarti aku lagi ngehindari percecokan kok malah mencari ribut geoblog kamu teh,angry,0.97
anxious banget sebelum meeting tadi jujur saja bareng teman sama keluarga,anxious,0.78
lelah banget packing barang mana banyak debu tetapi sedih karena banyak knangan sih walaupun cuma setahun tetapi itu rumah sudah banyak aktivitas kita lakukan di situ,sad,0.72
ayo mam dulu nanti reonnya marah begitu,anxious,0.74
light rail transit memang ajaib orang orang sebelah sana itu dan ini bukan yang pertama kalinya mereka kecewa karena termakan ekspetasi berlebihan mereka sendiri kan,neutral,0.23
malu dan malas,anxious,0.81
kesal banget sama orang yang tidak tepat waktu padahal sudah coba santai waktu malam,angry,0.72
kenapa sih harus bikin masalah terus dari tadi kepikiran pas perjalanan sama dia,angry,0.78
rasanya sedih banget akhir akhir ini sama teman kantor,sad,0.82
kalau bertanya mau lanjutkan dimana lumayan normal sih oh iya mungkin temenmu cari semangat,neutral,0.33
tumben masih sepi,neutral,0.2
merasa sendirian akhir akhir ini dan kepikiran terus di kantor sendiri,sad,0.78
takut gagal di presentasi besok dan kepikiran terus sama teman kantor,anxious,0.98
coba deh sehari saja puasa menggosipkan tidak membicarakan orang kira kira bisa enggak,angry,0.86
iya mending batalin saja daripada kayak belanja sama batu anyway semangat upraknyaa,happy,0.15
entah lah kata ustad tidak boleh dendam cuma teringat terus sebab ulama kami yang mendukung total masih di penjara sampai hari ini,neutral,0.23
nah kan banyak homophobic menyampah di lapak itu foto mana kebanyakan dari indonesia lagi mancing sih pakai aplod segala ujung nya kan ada yang bawa gue dan dia kena hate bangsat memang yang menyuruh fanservice,angry,0.87
senang banget hari ini ketemu teman lama banget asli di rumah sendiri,happy,0.07
bingung dan takut ambil keputusan banget asli tadi pagi sama keluarga,anxious,0.76
smnga cepat selesai ya sedih lihatnya mereka ptus tetapi masih slng sayang tidak tega jdinya ikut sedih,sad,0.55
masih semangat gais,happy,0.19
kesal banget sama orang yang tidak tepat waktu dan kepikiran terus tadi pagi sama teman kantor,angry,0.79
jangan biarkan satu hal yang bodoh menghancurkan kebahagiaan kamu seharian,angry,0.95
ayo semangat ayo,happy,0.01
apapun grup nya walau aku tidak stan mereka kalau ada yang keluar atau bubar rasa nya sedih banget,sad,0.72
hari ini berat banget dijalani tapi ya sudahlah di kantor sama teman kantor,sad,0.73
cemas memikirkan masa depan dan kepikiran terus tadi pagi sama dia,anxious,0.71
aduh ngtd tidak mau saya balas lagi tetapi kesal sampai ubun lo sini lebih baik sayang direct message saya kasih tau kamu di rumah kapan saya paranin terus saya jedotin pakai bawa anak saya lagi kamu bangsat,angry,0.98
berita hari ini diawali dengan politikus korupsi,neutral,0.2
bingung dan takut ambil keputusan jujur saja di kantor sama teman kantor,anxious,0.78
khai kamu bego banget tolol brengski beloon gblok aak ksel banget saya kesell,angry,0.91
marah banget karena pekerjaan berantakan jujur saja bareng teman sama dia,angry,0.74
akhirnya tugas selesai juga lega banget banget di kantor sama keluarga,happy,0.07
masih susah pindah on dari kejadian itu hari ini di kampus,sad,0.78
akhirnya tugas selesai juga lega banget jujur saja pas perjalanan sama keluarga,happy,0.23
semakin didengarkan suara saya makin tidak enak begitu kok ingin duet sama jungkook yang ada nanti dia sawan,happy,0.18
bingung dan takut ambil keputusan padahal sudah coba santai di kampus,anxious,0.73
nanti derang keluarkan lah pernyataan meminta maaf dan senarai alasan bodoh itu macam tak biasa,angry,0.92
hari ini dapat kabar bahagia masyaallah alhamdulillah,happy,0.05
akhir akhir ini cemas terus hari ini waktu malam,anxious,0.9
yosh semangat terus maacii asmakdoen pantjen ouye semangat juga buat kamu maakk penasaran nih gue sama hari senin kamu nanti di,happy,0.15
pas mau menikmatia weekendku tiba tiba di awal akhir pekan dapat kabar yang bikin harus full banting setir ganti jadwal letas enjoy this,neutral,0.32
kabar bahagia terus dari kemarin mudah mudahan bisa sehat terus semuaa,happy,0.03
geram banget sama pelayanan tadi sih di kantor sama keluarga,angry,0.88
rasanya sedih banget akhir akhir ini di kantor,sad,0.79
benar banget teman saya ada yang bilang ke dia kalau saya suka sama dia eh dia bilang kita kan beda agama mending jangan suka sama aku ya allah menyesal banget,sad,0.52
saya tidak habis pikir petani kita sudah dibeginikan tapi masih saja mau pilih yang itu lagi dan lagi dikasih tau malah marah kapan sadarnya,angry,0.95
setuju apalagi kalau ada edukasi seks serta aborsi yang baik orang orang jadi paham bagaimana harus memperlakukan seks dan akibat nya selama ini orang orang hanya fokus ke makin bayak seks bebas makin enak dan seterusnya itu si not even the point,neutral,0.27
lelah sih tapi puas hasilnya bagus dari tadi kepikiran di kantor,happy,0.19
ketika kamu bersyukur kamu tak akan merasa sedih pun merasa kekurangan dan ketika kamu mengeluh akan bertambah kesusahan,neutral,0.27
baru menyadari kalau jomlo itu tak selalu berarti sepi dan pacaran itu tak berarti selalu happy,neutral,0.39
saya takut direct message authornya apalagi bohong umur padahal dosaan baca begitu enggak sih tak tau sih,anxious,0.83
maaciw kak sudah ikutan giveaway nya admin terus semangat semoga kamu beruntung yachh fighting kamu,happy,0.15
uish kena tarik pt lah bang sem teruk sem tak dapat pt selang satu sem kes aku pointer sem bawah sem tak dapat pt maka survive lah korek saving sendiri tanpa pengetahuan ahli keluarga sebab takut kena marah lucu,angry,0.92
sudah sabar tapi masih dibohongi padahal sudah coba santai pas perjalanan sendiri,angry,0.84
selain itu saat ini belut juga sudah menjadi camilan yang dikembangkan oleh beberapa usaha mikro kecil dan menengah lo wah keren banget kan paling suka makan hidangan apa nih dari belut,happy,0.18
suka heran sama orang yang sudah ngasu tetapi tidak ada effort sama sekali buat memastikan saya sakit hati tidak saya kecewa tidak maksudnya kamu itu sadar enggak sih kalau habis ngejahatin gue memang repot kalau kita tidak pernah mengambek sekalinya mengambek dianggep ya sudah mungkin tidak mengambek benaran,angry,1.0
tidak usah takut angkat tangan saja terus bilang maaf but i have a question,neutral,0.33
dari pasa sedih sini kita hibur di gdm dan have fun saja,neutral,0.22
wauww senang dong wan bacot mau apa saja sudah bebas bakar pasang naturalisasi bangun klaster smr resapan demo setiap hari buat sirkuit di monas ngecat atap rumah warga buat tugu sepatu beriklan mangkrak tugu sepeda keren bebas mau apa saja,happy,0.14
khawatir sama kondisi sekarang tadi pagi sendiri,anxious,0.73
kasih contoh saja dengan benar bagaimana menghormati ulama dan tidak mengkhianati pemberi amanat,neutral,0.25
hari nih pakai baju merah muda sama celana hitam takut diejek blackpink,anxious,0.82
deg degan menunggu hasil pengumuman jujur saja bareng teman,anxious,0.84
anjing saya baru menonton all of us dead bawaannya emosi bangsat,angry,0.9
iya aku tau sepi juga kok aku buka ya kadang update bias doang sama scroll tok,neutral,0.38
bestie saya mau nikahh tak tau kok rasanya sedih ya,sad,0.79
khawatir sama kondisi sekarang agak random sih pas perjalanan,anxious,0.97
sepertinya dulu gue suka honeystar deh sudah lama banget tidak makan cereal,neutral,0.24
kemarin kayak biasa saja jaa,neutral,0.3
mesti cristiano ronaldo muram durja birthday dia hari ini,sad,0.75
rasanya ingin marah terus banget bareng teman sama dia,angry,0.8
ku cium pipi kanan mu dan kamu senyum terpesona bercampur malu,anxious,0.76
takut ah nanti dijual,anxious,0.75
deg degan menunggu hasil pengumuman jujur saja,anxious,0.84
minderan anjir kalau suka sama orang habis bagaimana ya gue selalu saja suka sama santri dengan fisik yang tidak memadai serta akhlakless begini jadi lebih nyaman mencintai dalam diam lucu sudah begitu dia pernah lihat gue nyedot tijus memakai selang apa tidak menambah jijik,anxious,0.81
tapi pas lihat liriknya saya jadi merasa apakah ini yang dirasakan mark sesungguhnya saya sedih dan merasa jahat sebegitu depress nya seorang idol sampai kehilangan masa child nya demi karya yang kadang juga masih di hujat,sad,0.6
merasa sendirian akhir akhir ini banget asli tadi pagi sama teman kantor,sad,0.61
aku cuma ingin istirahat sebentar jujur saja waktu malam,sad,0.58
terkadang lebih baik dianggap pemilih dari pada salah pilih,neutral,0.2
kecewa banget sama hasilnya dari tadi kepikiran di kantor sama keluarga,sad,0.78
akhir akhir ini cemas terus banget,anxious,0.97
kehilangan semangat buat kenapa apa sih bareng teman sama dia,sad,0.55
jumlahnya yang takut banyak benar sudah kayak menangani teror saja,anxious,0.87
jangan panik nder terakhir tanggal,neutral,0.25
kecewa banget sama hasilnya dari tadi kepikiran pas perjalanan sama keluarga,sad,0.7
marah banget karena pekerjaan berantakan banget asli pas perjalanan sama dia,angry,0.81
walah konangan para tidak normal,neutral,0.25
dan yang memang belum tau banyak lah tentang dunia ini begitu tapi saya merasa sedih dan marah saja tak tau deh rasanya campur aduk ini saja mengetik sambil menangis tak tau tapi nyesekk banget rasanya apalagi kalau ada yang hate komen begitu ke menang saya benar tidak suka saya sakit hati anjj,angry,0.95
kalau dipikir pikir seram juga ya kalau semua orang bisa meraih mimpi mereka kan siapa tau mimpinya jadi kayak pol pot atau siapa begitu alias menyusahkan banyak orang tapi ya sedih juga kalau ternyata kita lah yang tidak bisa meraih mimpi itu tapi ya bagaimana lagi iyakan,sad,0.7
rasanya sedih banget akhir akhir ini lucu di kantor sama keluarga,sad,0.76
biar tidak sepi sepi amat berandanya,neutral,0.31
terkadang di situ saya merasa sedih,sad,0.7
takut kalau hasilnya jelek padahal sudah coba santai di kantor,anxious,0.84
masih susah pindah on dari kejadian itu banget pas perjalanan sama keluarga,sad,0.56
makanya orang itu kok ya aneh banget suka cemas tidak jelas terus mengajak orang lain jadi heboh sendiri,angry,0.85
hari ini berat banget dijalani sih di kampus,sad,0.61
takut kalau hasilnya jelek padahal sudah coba santai waktu malam sendiri,anxious,0.96
aduh butuh gulungan film yang ready persediaan fdi sini takut tidak sampai nanti sebelum hari sabtu huee,anxious,0.77
anda anak sampai atau sama atau anda merasa keren gabung di di jamin puas,happy,0.06
kabar baik banget ya hari ini jimin sudah negatif cvd terus keluar dari rumah sakit cuma tinggal masa pemulihan habis operasi doang habis itu jimin sudah bisa beraktivitas lagi kayak biasanya,happy,0.05
masih pagi nih jangan bikin saya emosi,angry,0.92
malam ini kepikiran terus jadi sedih padahal sudah coba santai sama dia,sad,0.74
sedih nya pernyataan nih,sad,0.57
sudah puas banget itu mam seblak,happy,0.05
masih kaget tb di jepang,anxious,0.88
belum nikah tetapi habis baca ini malah jadi takut,anxious,0.82
mun aku lah nih versi aku bila jadi mantan dan dapat barang dari mantanku aku mun dasar suka dan tepakai pasti ku pakai tarus aku ingat barang nya saja sih lain orang nya yang membari siapa aku kda peduli lucu makai barang barian nya bukan berarti aku masih cinta itu kalau aku,neutral,0.24
pagi bang jon bukan nih kangen sama ocehan bang jon sepi banget sudah lini masa cuma admin saja yang kelihatan,sad,0.74
di antara banyak sifat orang bertaqwa ialah sifat pandai menahan marah dan mudah memaafkan sesama manusia,neutral,0.35
enak dong,happy,0.15
sedang bodoh saja,neutral,0.27
makan favorit hari ini bikin bahagia sih di rumah sama teman kantor,happy,0.21
merasa sendirian akhir akhir ini banget asli di kampus sendiri,sad,0.72
saturday begini lini masa gue sepi,neutral,0.35
terima kasih ya sudah bikin hariku lebih baik lucu di kantor sama dia,happy,0.22
emosi lihat komentar orang tadi sumpah di kampus sama keluarga,angry,0.77
tidak ada yang bikin saya senang selain kabarnya jimin sedih banget waktu berita sakitnya saya benar kepikiran sampai tidak tenang buat tidur juga,sad,0.7
gawajib nder apalagi masih bisa jangkau materi dari guru semangat sekolahnya,neutral,0.21
kehilangan semangat buat kenapa apa dan kepikiran terus di kantor sama keluarga,sad,0.7
takut anjir,anxious,0.76
masih pagi sudah emosi,angry,0.96
sudah sabar tapi masih dibohongi sumpah di kampus sendiri,angry,0.67
rasanya sedih banget akhir akhir ini sih waktu malam sendiri,sad,0.59
sudah deh mengakui saja siapa yang mbeking nih bupati tidak takut dihisab panitia hari akhir teh,angry,0.92
lucu kenapa harus malu kocak lucu,happy,0.13
takut banget semoga tidak kenapa kenapa,anxious,0.82
eh kepala saya pusing banget anjir tadi sudah tegang takut ditanya tanya bu naning ternyata waktu sudah habis,anxious,0.83
marah banget karena pekerjaan berantakan lucu pas perjalanan sama keluarga,angry,0.93
rasanya ingin marah terus lucu di rumah sama keluarga,angry,0.89
paling penting aku tak mau jadi bodoh sebab orang,neutral,0.22
lucu h tapi aku takut dimaininn aduh,anxious,0.83
iya gue tau di orang sampai macam itu sekali benci dekat lucas tanpa buat sebarang usul priksa dulu kenapa dia sudah debut dekat tahun lebih baru natural killer buka mulut pasal nih kan siap ada lumis upah private investigator untuk siasat isu nih memang kerje sasaeng ah sebab dia hater lucas,neutral,0.3
anxious banget sebelum meeting tadi sih di rumah,anxious,0.85
doaku tidak meminta banyak kok cuma yang aku sayangi bahagia selalu seperti kamu ya kamu yang baca twit ini,happy,0.17
deg degan menunggu hasil pengumuman banget asli di rumah sama dia,anxious,0.83
pagi dengar kabar kawan main yang seperti ini banget pindah rumah ke luar kota ikut suaminya sudah kawan sedikit segala beda domisili,sad,0.61
tidak takut tetapi tidak pernah,neutral,0.21
kalau benar semua takut,anxious,0.78
akhirnya tugas selesai juga lega banget lucu pas perjalanan sama keluarga,happy,0.1
